
-------------------------------------------------
af_shell3 bs = 32, policy = 1, coloring = 1

==============================================
  Partitioning Evaluation Report
==============================================
1. Total Blocks          : 32
   Total Colors          : 4
2. Nodes per Block
   - Average             : 15776.72
   - Maximum             : 15777
   - Minimum             : 15768
   - Stddev              : 1.565934
   - Gini coefficient    : 0.000017
3. Internal Avg Degree   : 33.2216 (Mean of per-block avg)
4. Block Graph Avg Deg   : 4.6875
5. Modularity
   - Unweighted Q        : 0.950491
   - Weighted Q          : 0.950793
==============================================
Internal edges : 8386043
External edges : 155967
Internal ratio : 0.981741
Avg block density : 0.002106
Block graph edges : 75
Block graph density : 0.151210
Locality score : 53.767715

6. Color Statistics
   Color   Blocks   Nodes   AvgNodesPerBlock
       1        9   141984           15776.00
       2        8   126216           15777.00
       3        8   126216           15777.00
       4        7   110439           15777.00

Additional Load Imbalance Metrics
----------------------------------
Max block size / Avg block size   : 1.000018
Max color nodes / Avg color nodes : 1.124949

-------------------------------------------------
af_shell3 bs = 32, policy = 1, coloring = 2

==============================================
  Partitioning Evaluation Report
==============================================
1. Total Blocks          : 32
   Total Colors          : 4
2. Nodes per Block
   - Average             : 15776.72
   - Maximum             : 15777
   - Minimum             : 15768
   - Stddev              : 1.565934
   - Gini coefficient    : 0.000017
3. Internal Avg Degree   : 33.2216 (Mean of per-block avg)
4. Block Graph Avg Deg   : 4.6875
5. Modularity
   - Unweighted Q        : 0.950491
   - Weighted Q          : 0.950793
==============================================
Internal edges : 8386043
External edges : 155967
Internal ratio : 0.981741
Avg block density : 0.002106
Block graph edges : 75
Block graph density : 0.151210
Locality score : 53.767715

6. Color Statistics
   Color   Blocks   Nodes   AvgNodesPerBlock
       1        8   126207           15775.88
       2        8   126216           15777.00
       3        8   126216           15777.00
       4        8   126216           15777.00

Additional Load Imbalance Metrics
----------------------------------
Max block size / Avg block size   : 1.000018
Max color nodes / Avg color nodes : 1.000018

-------------------------------------------------
af_shell3 bs = 32, policy = 1, coloring = 3

==============================================
  Partitioning Evaluation Report
==============================================
1. Total Blocks          : 32
   Total Colors          : 4
2. Nodes per Block
   - Average             : 15776.72
   - Maximum             : 15777
   - Minimum             : 15768
   - Stddev              : 1.565934
   - Gini coefficient    : 0.000017
3. Internal Avg Degree   : 33.2216 (Mean of per-block avg)
4. Block Graph Avg Deg   : 4.6875
5. Modularity
   - Unweighted Q        : 0.950491
   - Weighted Q          : 0.950793
==============================================
Internal edges : 8386043
External edges : 155967
Internal ratio : 0.981741
Avg block density : 0.002106
Block graph edges : 75
Block graph density : 0.151210
Locality score : 53.767715

6. Color Statistics
   Color   Blocks   Nodes   AvgNodesPerBlock
       1        8   126207           15775.88
       2        8   126216           15777.00
       3        8   126216           15777.00
       4        8   126216           15777.00

Additional Load Imbalance Metrics
----------------------------------
Max block size / Avg block size   : 1.000018
Max color nodes / Avg color nodes : 1.000018

-------------------------------------------------
af_shell3 bs = 32, policy = 2, coloring = 1

==============================================
  Partitioning Evaluation Report
==============================================
1. Total Blocks          : 32
   Total Colors          : 4
2. Nodes per Block
   - Average             : 15776.72
   - Maximum             : 15777
   - Minimum             : 15768
   - Stddev              : 1.565934
   - Gini coefficient    : 0.000017
3. Internal Avg Degree   : 33.1137 (Mean of per-block avg)
4. Block Graph Avg Deg   : 3.8750
5. Modularity
   - Unweighted Q        : 0.947301
   - Weighted Q          : 0.947774
==============================================
Internal edges : 8358798
External edges : 183212
Internal ratio : 0.978552
Avg block density : 0.002099
Block graph edges : 62
Block graph density : 0.125000
Locality score : 45.623389

6. Color Statistics
   Color   Blocks   Nodes   AvgNodesPerBlock
       1       11   173547           15777.00
       2       10   157761           15776.10
       3        9   141993           15777.00
       4        2   31554           15777.00

Additional Load Imbalance Metrics
----------------------------------
Max block size / Avg block size   : 1.000018
Max color nodes / Avg color nodes : 1.375025

-------------------------------------------------
af_shell3 bs = 32, policy = 2, coloring = 2

==============================================
  Partitioning Evaluation Report
==============================================
1. Total Blocks          : 32
   Total Colors          : 5
2. Nodes per Block
   - Average             : 15776.72
   - Maximum             : 15777
   - Minimum             : 15768
   - Stddev              : 1.565934
   - Gini coefficient    : 0.000017
3. Internal Avg Degree   : 33.1137 (Mean of per-block avg)
4. Block Graph Avg Deg   : 3.8750
5. Modularity
   - Unweighted Q        : 0.947301
   - Weighted Q          : 0.947774
==============================================
Internal edges : 8358798
External edges : 183212
Internal ratio : 0.978552
Avg block density : 0.002099
Block graph edges : 62
Block graph density : 0.125000
Locality score : 45.623389

6. Color Statistics
   Color   Blocks   Nodes   AvgNodesPerBlock
       1        7   110439           15777.00
       2        7   110439           15777.00
       3        6   94662           15777.00
       4        6   94662           15777.00
       5        6   94653           15775.50

Additional Load Imbalance Metrics
----------------------------------
Max block size / Avg block size   : 1.000018
Max color nodes / Avg color nodes : 1.093769

-------------------------------------------------
af_shell3 bs = 32, policy = 2, coloring = 3

==============================================
  Partitioning Evaluation Report
==============================================
1. Total Blocks          : 32
   Total Colors          : 4
2. Nodes per Block
   - Average             : 15776.72
   - Maximum             : 15777
   - Minimum             : 15768
   - Stddev              : 1.565934
   - Gini coefficient    : 0.000017
3. Internal Avg Degree   : 33.1137 (Mean of per-block avg)
4. Block Graph Avg Deg   : 3.8750
5. Modularity
   - Unweighted Q        : 0.947301
   - Weighted Q          : 0.947774
==============================================
Internal edges : 8358798
External edges : 183212
Internal ratio : 0.978552
Avg block density : 0.002099
Block graph edges : 62
Block graph density : 0.125000
Locality score : 45.623389

6. Color Statistics
   Color   Blocks   Nodes   AvgNodesPerBlock
       1        8   126216           15777.00
       2        8   126216           15777.00
       3        8   126207           15775.88
       4        8   126216           15777.00

Additional Load Imbalance Metrics
----------------------------------
Max block size / Avg block size   : 1.000018
Max color nodes / Avg color nodes : 1.000018

-------------------------------------------------
af_shell3 bs = 32, policy = 3, coloring = 1

==============================================
  Partitioning Evaluation Report
==============================================
1. Total Blocks          : 32
   Total Colors          : 6
2. Nodes per Block
   - Average             : 15776.72
   - Maximum             : 15777
   - Minimum             : 15768
   - Stddev              : 1.565934
   - Gini coefficient    : 0.000017
3. Internal Avg Degree   : 29.4466 (Mean of per-block avg)
4. Block Graph Avg Deg   : 6.8750
5. Modularity
   - Unweighted Q        : 0.838938
   - Weighted Q          : 0.908469
==============================================
Internal edges : 7433157
External edges : 1108853
Internal ratio : 0.870188
Avg block density : 0.001867
Block graph edges : 110
Block graph density : 0.221774
Locality score : 6.703459

6. Color Statistics
   Color   Blocks   Nodes   AvgNodesPerBlock
       1        8   126207           15775.88
       2        8   126216           15777.00
       3        7   110439           15777.00
       4        4   63108           15777.00
       5        4   63108           15777.00
       6        1   15777           15777.00

Additional Load Imbalance Metrics
----------------------------------
Max block size / Avg block size   : 1.000018
Max color nodes / Avg color nodes : 1.500027

-------------------------------------------------
af_shell3 bs = 32, policy = 3, coloring = 2

==============================================
  Partitioning Evaluation Report
==============================================
1. Total Blocks          : 32
   Total Colors          : 6
2. Nodes per Block
   - Average             : 15776.72
   - Maximum             : 15777
   - Minimum             : 15768
   - Stddev              : 1.565934
   - Gini coefficient    : 0.000017
3. Internal Avg Degree   : 29.4466 (Mean of per-block avg)
4. Block Graph Avg Deg   : 6.8750
5. Modularity
   - Unweighted Q        : 0.838938
   - Weighted Q          : 0.908469
==============================================
Internal edges : 7433157
External edges : 1108853
Internal ratio : 0.870188
Avg block density : 0.001867
Block graph edges : 110
Block graph density : 0.221774
Locality score : 6.703459

6. Color Statistics
   Color   Blocks   Nodes   AvgNodesPerBlock
       1        6   94662           15777.00
       2        6   94662           15777.00
       3        6   94653           15775.50
       4        5   78885           15777.00
       5        5   78885           15777.00
       6        4   63108           15777.00

Additional Load Imbalance Metrics
----------------------------------
Max block size / Avg block size   : 1.000018
Max color nodes / Avg color nodes : 1.125020

-------------------------------------------------
af_shell3 bs = 32, policy = 3, coloring = 3

==============================================
  Partitioning Evaluation Report
==============================================
1. Total Blocks          : 32
   Total Colors          : 6
2. Nodes per Block
   - Average             : 15776.72
   - Maximum             : 15777
   - Minimum             : 15768
   - Stddev              : 1.565934
   - Gini coefficient    : 0.000017
3. Internal Avg Degree   : 29.4466 (Mean of per-block avg)
4. Block Graph Avg Deg   : 6.8750
5. Modularity
   - Unweighted Q        : 0.838938
   - Weighted Q          : 0.908469
==============================================
Internal edges : 7433157
External edges : 1108853
Internal ratio : 0.870188
Avg block density : 0.001867
Block graph edges : 110
Block graph density : 0.221774
Locality score : 6.703459

6. Color Statistics
   Color   Blocks   Nodes   AvgNodesPerBlock
       1        6   94662           15777.00
       2        6   94653           15775.50
       3        6   94662           15777.00
       4        5   78885           15777.00
       5        5   78885           15777.00
       6        4   63108           15777.00

Additional Load Imbalance Metrics
----------------------------------
Max block size / Avg block size   : 1.000018
Max color nodes / Avg color nodes : 1.125020

-------------------------------------------------
af_shell3 bs = 64, policy = 1, coloring = 1

==============================================
  Partitioning Evaluation Report
==============================================
1. Total Blocks          : 64
   Total Colors          : 5
2. Nodes per Block
   - Average             : 7888.36
   - Maximum             : 7889
   - Minimum             : 7848
   - Stddev              : 5.084803
   - Gini coefficient    : 0.000080
3. Internal Avg Degree   : 32.9348 (Mean of per-block avg)
4. Block Graph Avg Deg   : 4.9375
5. Modularity
   - Unweighted Q        : 0.957641
   - Weighted Q          : 0.958107
==============================================
Internal edges : 8313656
External edges : 228354
Internal ratio : 0.973267
Avg block density : 0.004176
Block graph edges : 158
Block graph density : 0.078373
Locality score : 36.406718

6. Color Statistics
   Color   Blocks   Nodes   AvgNodesPerBlock
       1       17   134113            7889.00
       2       16   126224            7889.00
       3       15   118335            7889.00
       4       14   110405            7886.07
       5        2   15778            7889.00

Additional Load Imbalance Metrics
----------------------------------
Max block size / Avg block size   : 1.000081
Max color nodes / Avg color nodes : 1.328233

-------------------------------------------------
af_shell3 bs = 64, policy = 1, coloring = 2

==============================================
  Partitioning Evaluation Report
==============================================
1. Total Blocks          : 64
   Total Colors          : 5
2. Nodes per Block
   - Average             : 7888.36
   - Maximum             : 7889
   - Minimum             : 7848
   - Stddev              : 5.084803
   - Gini coefficient    : 0.000080
3. Internal Avg Degree   : 32.9348 (Mean of per-block avg)
4. Block Graph Avg Deg   : 4.9375
5. Modularity
   - Unweighted Q        : 0.957641
   - Weighted Q          : 0.958107
==============================================
Internal edges : 8313656
External edges : 228354
Internal ratio : 0.973267
Avg block density : 0.004176
Block graph edges : 158
Block graph density : 0.078373
Locality score : 36.406718

6. Color Statistics
   Color   Blocks   Nodes   AvgNodesPerBlock
       1       13   102557            7889.00
       2       13   102516            7885.85
       3       13   102557            7889.00
       4       13   102557            7889.00
       5       12   94668            7889.00

Additional Load Imbalance Metrics
----------------------------------
Max block size / Avg block size   : 1.000081
Max color nodes / Avg color nodes : 1.015707

-------------------------------------------------
af_shell3 bs = 64, policy = 1, coloring = 3

==============================================
  Partitioning Evaluation Report
==============================================
1. Total Blocks          : 64
   Total Colors          : 5
2. Nodes per Block
   - Average             : 7888.36
   - Maximum             : 7889
   - Minimum             : 7848
   - Stddev              : 5.084803
   - Gini coefficient    : 0.000080
3. Internal Avg Degree   : 32.9348 (Mean of per-block avg)
4. Block Graph Avg Deg   : 4.9375
5. Modularity
   - Unweighted Q        : 0.957641
   - Weighted Q          : 0.958107
==============================================
Internal edges : 8313656
External edges : 228354
Internal ratio : 0.973267
Avg block density : 0.004176
Block graph edges : 158
Block graph density : 0.078373
Locality score : 36.406718

6. Color Statistics
   Color   Blocks   Nodes   AvgNodesPerBlock
       1       13   102557            7889.00
       2       13   102557            7889.00
       3       13   102557            7889.00
       4       13   102516            7885.85
       5       12   94668            7889.00

Additional Load Imbalance Metrics
----------------------------------
Max block size / Avg block size   : 1.000081
Max color nodes / Avg color nodes : 1.015707

-------------------------------------------------
af_shell3 bs = 64, policy = 2, coloring = 1

==============================================
  Partitioning Evaluation Report
==============================================
1. Total Blocks          : 64
   Total Colors          : 5
2. Nodes per Block
   - Average             : 7888.36
   - Maximum             : 7889
   - Minimum             : 7848
   - Stddev              : 5.084803
   - Gini coefficient    : 0.000080
3. Internal Avg Degree   : 32.8033 (Mean of per-block avg)
4. Block Graph Avg Deg   : 4.9375
5. Modularity
   - Unweighted Q        : 0.953756
   - Weighted Q          : 0.954325
==============================================
Internal edges : 8280463
External edges : 261547
Internal ratio : 0.969381
Avg block density : 0.004159
Block graph edges : 158
Block graph density : 0.078373
Locality score : 31.659439

6. Color Statistics
   Color   Blocks   Nodes   AvgNodesPerBlock
       1       17   134113            7889.00
       2       17   134072            7886.59
       3       16   126224            7889.00
       4       12   94668            7889.00
       5        2   15778            7889.00

Additional Load Imbalance Metrics
----------------------------------
Max block size / Avg block size   : 1.000081
Max color nodes / Avg color nodes : 1.328233

-------------------------------------------------
af_shell3 bs = 64, policy = 2, coloring = 2

==============================================
  Partitioning Evaluation Report
==============================================
1. Total Blocks          : 64
   Total Colors          : 5
2. Nodes per Block
   - Average             : 7888.36
   - Maximum             : 7889
   - Minimum             : 7848
   - Stddev              : 5.084803
   - Gini coefficient    : 0.000080
3. Internal Avg Degree   : 32.8033 (Mean of per-block avg)
4. Block Graph Avg Deg   : 4.9375
5. Modularity
   - Unweighted Q        : 0.953756
   - Weighted Q          : 0.954325
==============================================
Internal edges : 8280463
External edges : 261547
Internal ratio : 0.969381
Avg block density : 0.004159
Block graph edges : 158
Block graph density : 0.078373
Locality score : 31.659439

6. Color Statistics
   Color   Blocks   Nodes   AvgNodesPerBlock
       1       13   102557            7889.00
       2       13   102557            7889.00
       3       13   102516            7885.85
       4       13   102557            7889.00
       5       12   94668            7889.00

Additional Load Imbalance Metrics
----------------------------------
Max block size / Avg block size   : 1.000081
Max color nodes / Avg color nodes : 1.015707

-------------------------------------------------
af_shell3 bs = 64, policy = 2, coloring = 3

==============================================
  Partitioning Evaluation Report
==============================================
1. Total Blocks          : 64
   Total Colors          : 5
2. Nodes per Block
   - Average             : 7888.36
   - Maximum             : 7889
   - Minimum             : 7848
   - Stddev              : 5.084803
   - Gini coefficient    : 0.000080
3. Internal Avg Degree   : 32.8033 (Mean of per-block avg)
4. Block Graph Avg Deg   : 4.9375
5. Modularity
   - Unweighted Q        : 0.953756
   - Weighted Q          : 0.954325
==============================================
Internal edges : 8280463
External edges : 261547
Internal ratio : 0.969381
Avg block density : 0.004159
Block graph edges : 158
Block graph density : 0.078373
Locality score : 31.659439

6. Color Statistics
   Color   Blocks   Nodes   AvgNodesPerBlock
       1       13   102557            7889.00
       2       13   102557            7889.00
       3       13   102516            7885.85
       4       13   102557            7889.00
       5       12   94668            7889.00

Additional Load Imbalance Metrics
----------------------------------
Max block size / Avg block size   : 1.000081
Max color nodes / Avg color nodes : 1.015707

-------------------------------------------------
af_shell3 bs = 64, policy = 3, coloring = 1

==============================================
  Partitioning Evaluation Report
==============================================
1. Total Blocks          : 64
   Total Colors          : 6
2. Nodes per Block
   - Average             : 7888.36
   - Maximum             : 7889
   - Minimum             : 7848
   - Stddev              : 5.084803
   - Gini coefficient    : 0.000080
3. Internal Avg Degree   : 28.5058 (Mean of per-block avg)
4. Block Graph Avg Deg   : 7.2812
5. Modularity
   - Unweighted Q        : 0.826747
   - Weighted Q          : 0.899214
==============================================
Internal edges : 7195556
External edges : 1346454
Internal ratio : 0.842373
Avg block density : 0.003614
Block graph edges : 233
Block graph density : 0.115575
Locality score : 5.344075

6. Color Statistics
   Color   Blocks   Nodes   AvgNodesPerBlock
       1       15   118335            7889.00
       2       13   102557            7889.00
       3       12   94668            7889.00
       4       12   94627            7885.58
       5       10   78890            7889.00
       6        2   15778            7889.00

Additional Load Imbalance Metrics
----------------------------------
Max block size / Avg block size   : 1.000081
Max color nodes / Avg color nodes : 1.406364

-------------------------------------------------
af_shell3 bs = 64, policy = 3, coloring = 2

==============================================
  Partitioning Evaluation Report
==============================================
1. Total Blocks          : 64
   Total Colors          : 6
2. Nodes per Block
   - Average             : 7888.36
   - Maximum             : 7889
   - Minimum             : 7848
   - Stddev              : 5.084803
   - Gini coefficient    : 0.000080
3. Internal Avg Degree   : 28.5058 (Mean of per-block avg)
4. Block Graph Avg Deg   : 7.2812
5. Modularity
   - Unweighted Q        : 0.826747
   - Weighted Q          : 0.899214
==============================================
Internal edges : 7195556
External edges : 1346454
Internal ratio : 0.842373
Avg block density : 0.003614
Block graph edges : 233
Block graph density : 0.115575
Locality score : 5.344075

6. Color Statistics
   Color   Blocks   Nodes   AvgNodesPerBlock
       1       11   86738            7885.27
       2       11   86779            7889.00
       3       11   86779            7889.00
       4       11   86779            7889.00
       5       10   78890            7889.00
       6       10   78890            7889.00

Additional Load Imbalance Metrics
----------------------------------
Max block size / Avg block size   : 1.000081
Max color nodes / Avg color nodes : 1.031334

-------------------------------------------------
af_shell3 bs = 64, policy = 3, coloring = 3

==============================================
  Partitioning Evaluation Report
==============================================
1. Total Blocks          : 64
   Total Colors          : 6
2. Nodes per Block
   - Average             : 7888.36
   - Maximum             : 7889
   - Minimum             : 7848
   - Stddev              : 5.084803
   - Gini coefficient    : 0.000080
3. Internal Avg Degree   : 28.5058 (Mean of per-block avg)
4. Block Graph Avg Deg   : 7.2812
5. Modularity
   - Unweighted Q        : 0.826747
   - Weighted Q          : 0.899214
==============================================
Internal edges : 7195556
External edges : 1346454
Internal ratio : 0.842373
Avg block density : 0.003614
Block graph edges : 233
Block graph density : 0.115575
Locality score : 5.344075

6. Color Statistics
   Color   Blocks   Nodes   AvgNodesPerBlock
       1       11   86779            7889.00
       2       11   86779            7889.00
       3       11   86779            7889.00
       4       11   86738            7885.27
       5       10   78890            7889.00
       6       10   78890            7889.00

Additional Load Imbalance Metrics
----------------------------------
Max block size / Avg block size   : 1.000081
Max color nodes / Avg color nodes : 1.031334

-------------------------------------------------
af_shell3 bs = 128, policy = 1, coloring = 1

==============================================
  Partitioning Evaluation Report
==============================================
1. Total Blocks          : 128
   Total Colors          : 5
2. Nodes per Block
   - Average             : 3944.18
   - Maximum             : 3945
   - Minimum             : 3840
   - Stddev              : 9.244452
   - Gini coefficient    : 0.000206
3. Internal Avg Degree   : 32.4972 (Mean of per-block avg)
4. Block Graph Avg Deg   : 5.3438
5. Modularity
   - Unweighted Q        : 0.952521
   - Weighted Q          : 0.953239
==============================================
Internal edges : 8203185
External edges : 338825
Internal ratio : 0.960334
Avg block density : 0.008241
Block graph edges : 342
Block graph density : 0.042077
Locality score : 24.210613

6. Color Statistics
   Color   Blocks   Nodes   AvgNodesPerBlock
       1       34   134025            3941.91
       2       31   122295            3945.00
       3       30   118350            3945.00
       4       28   110460            3945.00
       5        5   19725            3945.00

Additional Load Imbalance Metrics
----------------------------------
Max block size / Avg block size   : 1.000208
Max color nodes / Avg color nodes : 1.327361

-------------------------------------------------
af_shell3 bs = 128, policy = 1, coloring = 2

==============================================
  Partitioning Evaluation Report
==============================================
1. Total Blocks          : 128
   Total Colors          : 6
2. Nodes per Block
   - Average             : 3944.18
   - Maximum             : 3945
   - Minimum             : 3840
   - Stddev              : 9.244452
   - Gini coefficient    : 0.000206
3. Internal Avg Degree   : 32.4972 (Mean of per-block avg)
4. Block Graph Avg Deg   : 5.3438
5. Modularity
   - Unweighted Q        : 0.952521
   - Weighted Q          : 0.953239
==============================================
Internal edges : 8203185
External edges : 338825
Internal ratio : 0.960334
Avg block density : 0.008241
Block graph edges : 342
Block graph density : 0.042077
Locality score : 24.210613

6. Color Statistics
   Color   Blocks   Nodes   AvgNodesPerBlock
       1       22   86790            3945.00
       2       22   86685            3940.23
       3       21   82845            3945.00
       4       21   82845            3945.00
       5       21   82845            3945.00
       6       21   82845            3945.00

Additional Load Imbalance Metrics
----------------------------------
Max block size / Avg block size   : 1.000208
Max color nodes / Avg color nodes : 1.031464

-------------------------------------------------
af_shell3 bs = 128, policy = 1, coloring = 3

==============================================
  Partitioning Evaluation Report
==============================================
1. Total Blocks          : 128
   Total Colors          : 5
2. Nodes per Block
   - Average             : 3944.18
   - Maximum             : 3945
   - Minimum             : 3840
   - Stddev              : 9.244452
   - Gini coefficient    : 0.000206
3. Internal Avg Degree   : 32.4972 (Mean of per-block avg)
4. Block Graph Avg Deg   : 5.3438
5. Modularity
   - Unweighted Q        : 0.952521
   - Weighted Q          : 0.953239
==============================================
Internal edges : 8203185
External edges : 338825
Internal ratio : 0.960334
Avg block density : 0.008241
Block graph edges : 342
Block graph density : 0.042077
Locality score : 24.210613

6. Color Statistics
   Color   Blocks   Nodes   AvgNodesPerBlock
       1       26   102570            3945.00
       2       26   102465            3940.96
       3       26   102570            3945.00
       4       25   98625            3945.00
       5       25   98625            3945.00

Additional Load Imbalance Metrics
----------------------------------
Max block size / Avg block size   : 1.000208
Max color nodes / Avg color nodes : 1.015836

-------------------------------------------------
af_shell3 bs = 128, policy = 2, coloring = 1

==============================================
  Partitioning Evaluation Report
==============================================
1. Total Blocks          : 128
   Total Colors          : 5
2. Nodes per Block
   - Average             : 3944.18
   - Maximum             : 3945
   - Minimum             : 3840
   - Stddev              : 9.244452
   - Gini coefficient    : 0.000206
3. Internal Avg Degree   : 32.3807 (Mean of per-block avg)
4. Block Graph Avg Deg   : 5.1562
5. Modularity
   - Unweighted Q        : 0.949085
   - Weighted Q          : 0.949896
==============================================
Internal edges : 8173835
External edges : 368175
Internal ratio : 0.956898
Avg block density : 0.008212
Block graph edges : 330
Block graph density : 0.040600
Locality score : 22.200890

6. Color Statistics
   Color   Blocks   Nodes   AvgNodesPerBlock
       1       35   138075            3945.00
       2       33   130080            3941.82
       3       32   126240            3945.00
       4       25   98625            3945.00
       5        3   11835            3945.00

Additional Load Imbalance Metrics
----------------------------------
Max block size / Avg block size   : 1.000208
Max color nodes / Avg color nodes : 1.367472

-------------------------------------------------
af_shell3 bs = 128, policy = 2, coloring = 2

==============================================
  Partitioning Evaluation Report
==============================================
1. Total Blocks          : 128
   Total Colors          : 5
2. Nodes per Block
   - Average             : 3944.18
   - Maximum             : 3945
   - Minimum             : 3840
   - Stddev              : 9.244452
   - Gini coefficient    : 0.000206
3. Internal Avg Degree   : 32.3807 (Mean of per-block avg)
4. Block Graph Avg Deg   : 5.1562
5. Modularity
   - Unweighted Q        : 0.949085
   - Weighted Q          : 0.949896
==============================================
Internal edges : 8173835
External edges : 368175
Internal ratio : 0.956898
Avg block density : 0.008212
Block graph edges : 330
Block graph density : 0.040600
Locality score : 22.200890

6. Color Statistics
   Color   Blocks   Nodes   AvgNodesPerBlock
       1       27   106515            3945.00
       2       26   102570            3945.00
       3       25   98625            3945.00
       4       25   98625            3945.00
       5       25   98520            3940.80

Additional Load Imbalance Metrics
----------------------------------
Max block size / Avg block size   : 1.000208
Max color nodes / Avg color nodes : 1.054907

-------------------------------------------------
af_shell3 bs = 128, policy = 2, coloring = 3

==============================================
  Partitioning Evaluation Report
==============================================
1. Total Blocks          : 128
   Total Colors          : 5
2. Nodes per Block
   - Average             : 3944.18
   - Maximum             : 3945
   - Minimum             : 3840
   - Stddev              : 9.244452
   - Gini coefficient    : 0.000206
3. Internal Avg Degree   : 32.3807 (Mean of per-block avg)
4. Block Graph Avg Deg   : 5.1562
5. Modularity
   - Unweighted Q        : 0.949085
   - Weighted Q          : 0.949896
==============================================
Internal edges : 8173835
External edges : 368175
Internal ratio : 0.956898
Avg block density : 0.008212
Block graph edges : 330
Block graph density : 0.040600
Locality score : 22.200890

6. Color Statistics
   Color   Blocks   Nodes   AvgNodesPerBlock
       1       26   102570            3945.00
       2       26   102465            3940.96
       3       26   102570            3945.00
       4       25   98625            3945.00
       5       25   98625            3945.00

Additional Load Imbalance Metrics
----------------------------------
Max block size / Avg block size   : 1.000208
Max color nodes / Avg color nodes : 1.015836

-------------------------------------------------
af_shell3 bs = 128, policy = 3, coloring = 1

==============================================
  Partitioning Evaluation Report
==============================================
1. Total Blocks          : 128
   Total Colors          : 9
2. Nodes per Block
   - Average             : 3944.18
   - Maximum             : 3945
   - Minimum             : 3840
   - Stddev              : 9.244452
   - Gini coefficient    : 0.000206
3. Internal Avg Degree   : 25.5549 (Mean of per-block avg)
4. Block Graph Avg Deg   : 11.0156
5. Modularity
   - Unweighted Q        : 0.747378
   - Weighted Q          : 0.872939
==============================================
Internal edges : 6450847
External edges : 2091163
Internal ratio : 0.755191
Avg block density : 0.006481
Block graph edges : 705
Block graph density : 0.086737
Locality score : 3.084812

6. Color Statistics
   Color   Blocks   Nodes   AvgNodesPerBlock
       1       21   82845            3945.00
       2       21   82845            3945.00
       3       18   70905            3939.17
       4       17   67065            3945.00
       5       15   59175            3945.00
       6       15   59175            3945.00
       7       14   55230            3945.00
       8        6   23670            3945.00
       9        1    3945            3945.00

Additional Load Imbalance Metrics
----------------------------------
Max block size / Avg block size   : 1.000208
Max color nodes / Avg color nodes : 1.476870

-------------------------------------------------
af_shell3 bs = 128, policy = 3, coloring = 2

==============================================
  Partitioning Evaluation Report
==============================================
1. Total Blocks          : 128
   Total Colors          : 9
2. Nodes per Block
   - Average             : 3944.18
   - Maximum             : 3945
   - Minimum             : 3840
   - Stddev              : 9.244452
   - Gini coefficient    : 0.000206
3. Internal Avg Degree   : 25.5549 (Mean of per-block avg)
4. Block Graph Avg Deg   : 11.0156
5. Modularity
   - Unweighted Q        : 0.747378
   - Weighted Q          : 0.872939
==============================================
Internal edges : 6450847
External edges : 2091163
Internal ratio : 0.755191
Avg block density : 0.006481
Block graph edges : 705
Block graph density : 0.086737
Locality score : 3.084812

6. Color Statistics
   Color   Blocks   Nodes   AvgNodesPerBlock
       1       15   59175            3945.00
       2       15   59175            3945.00
       3       14   55230            3945.00
       4       14   55230            3945.00
       5       14   55230            3945.00
       6       14   55125            3937.50
       7       14   55230            3945.00
       8       14   55230            3945.00
       9       14   55230            3945.00

Additional Load Imbalance Metrics
----------------------------------
Max block size / Avg block size   : 1.000208
Max color nodes / Avg color nodes : 1.054907

-------------------------------------------------
af_shell3 bs = 128, policy = 3, coloring = 3

==============================================
  Partitioning Evaluation Report
==============================================
1. Total Blocks          : 128
   Total Colors          : 9
2. Nodes per Block
   - Average             : 3944.18
   - Maximum             : 3945
   - Minimum             : 3840
   - Stddev              : 9.244452
   - Gini coefficient    : 0.000206
3. Internal Avg Degree   : 25.5549 (Mean of per-block avg)
4. Block Graph Avg Deg   : 11.0156
5. Modularity
   - Unweighted Q        : 0.747378
   - Weighted Q          : 0.872939
==============================================
Internal edges : 6450847
External edges : 2091163
Internal ratio : 0.755191
Avg block density : 0.006481
Block graph edges : 705
Block graph density : 0.086737
Locality score : 3.084812

6. Color Statistics
   Color   Blocks   Nodes   AvgNodesPerBlock
       1       15   59175            3945.00
       2       15   59175            3945.00
       3       14   55230            3945.00
       4       14   55230            3945.00
       5       14   55125            3937.50
       6       14   55230            3945.00
       7       14   55230            3945.00
       8       14   55230            3945.00
       9       14   55230            3945.00

Additional Load Imbalance Metrics
----------------------------------
Max block size / Avg block size   : 1.000208
Max color nodes / Avg color nodes : 1.054907

-------------------------------------------------
af_shell3 bs = 256, policy = 1, coloring = 1

==============================================
  Partitioning Evaluation Report
==============================================
1. Total Blocks          : 256
   Total Colors          : 5
2. Nodes per Block
   - Average             : 1972.09
   - Maximum             : 1973
   - Minimum             : 1740
   - Stddev              : 14.534030
   - Gini coefficient    : 0.000460
3. Internal Avg Degree   : 31.8981 (Mean of per-block avg)
4. Block Graph Avg Deg   : 5.5000
5. Modularity
   - Unweighted Q        : 0.938723
   - Weighted Q          : 0.939602
==============================================
Internal edges : 8051950
External edges : 490060
Internal ratio : 0.942629
Avg block density : 0.016184
Block graph edges : 704
Block graph density : 0.021569
Locality score : 16.430506

6. Color Statistics
   Color   Blocks   Nodes   AvgNodesPerBlock
       1       65   128245            1973.00
       2       64   126039            1969.36
       3       61   120353            1973.00
       4       51   100623            1973.00
       5       15   29595            1973.00

Additional Load Imbalance Metrics
----------------------------------
Max block size / Avg block size   : 1.000462
Max color nodes / Avg color nodes : 1.270117

-------------------------------------------------
af_shell3 bs = 256, policy = 1, coloring = 2

==============================================
  Partitioning Evaluation Report
==============================================
1. Total Blocks          : 256
   Total Colors          : 6
2. Nodes per Block
   - Average             : 1972.09
   - Maximum             : 1973
   - Minimum             : 1740
   - Stddev              : 14.534030
   - Gini coefficient    : 0.000460
3. Internal Avg Degree   : 31.8981 (Mean of per-block avg)
4. Block Graph Avg Deg   : 5.5000
5. Modularity
   - Unweighted Q        : 0.938723
   - Weighted Q          : 0.939602
==============================================
Internal edges : 8051950
External edges : 490060
Internal ratio : 0.942629
Avg block density : 0.016184
Block graph edges : 704
Block graph density : 0.021569
Locality score : 16.430506

6. Color Statistics
   Color   Blocks   Nodes   AvgNodesPerBlock
       1       44   86812            1973.00
       2       43   84606            1967.58
       3       43   84839            1973.00
       4       43   84839            1973.00
       5       43   84839            1973.00
       6       40   78920            1973.00

Additional Load Imbalance Metrics
----------------------------------
Max block size / Avg block size   : 1.000462
Max color nodes / Avg color nodes : 1.031726

-------------------------------------------------
af_shell3 bs = 256, policy = 1, coloring = 3

==============================================
  Partitioning Evaluation Report
==============================================
1. Total Blocks          : 256
   Total Colors          : 5
2. Nodes per Block
   - Average             : 1972.09
   - Maximum             : 1973
   - Minimum             : 1740
   - Stddev              : 14.534030
   - Gini coefficient    : 0.000460
3. Internal Avg Degree   : 31.8981 (Mean of per-block avg)
4. Block Graph Avg Deg   : 5.5000
5. Modularity
   - Unweighted Q        : 0.938723
   - Weighted Q          : 0.939602
==============================================
Internal edges : 8051950
External edges : 490060
Internal ratio : 0.942629
Avg block density : 0.016184
Block graph edges : 704
Block graph density : 0.021569
Locality score : 16.430506

6. Color Statistics
   Color   Blocks   Nodes   AvgNodesPerBlock
       1       52   102596            1973.00
       2       51   100623            1973.00
       3       51   100390            1968.43
       4       51   100623            1973.00
       5       51   100623            1973.00

Additional Load Imbalance Metrics
----------------------------------
Max block size / Avg block size   : 1.000462
Max color nodes / Avg color nodes : 1.016094

-------------------------------------------------
af_shell3 bs = 256, policy = 2, coloring = 1

==============================================
  Partitioning Evaluation Report
==============================================
1. Total Blocks          : 256
   Total Colors          : 5
2. Nodes per Block
   - Average             : 1972.09
   - Maximum             : 1973
   - Minimum             : 1740
   - Stddev              : 14.534030
   - Gini coefficient    : 0.000460
3. Internal Avg Degree   : 31.7506 (Mean of per-block avg)
4. Block Graph Avg Deg   : 5.3984
5. Modularity
   - Unweighted Q        : 0.934379
   - Weighted Q          : 0.935319
==============================================
Internal edges : 8014844
External edges : 527166
Internal ratio : 0.938285
Avg block density : 0.016109
Block graph edges : 691
Block graph density : 0.021170
Locality score : 15.203615

6. Color Statistics
   Color   Blocks   Nodes   AvgNodesPerBlock
       1       66   129985            1969.47
       2       66   130218            1973.00
       3       64   126272            1973.00
       4       48   94704            1973.00
       5       12   23676            1973.00

Additional Load Imbalance Metrics
----------------------------------
Max block size / Avg block size   : 1.000462
Max color nodes / Avg color nodes : 1.289657

-------------------------------------------------
af_shell3 bs = 256, policy = 2, coloring = 2

==============================================
  Partitioning Evaluation Report
==============================================
1. Total Blocks          : 256
   Total Colors          : 6
2. Nodes per Block
   - Average             : 1972.09
   - Maximum             : 1973
   - Minimum             : 1740
   - Stddev              : 14.534030
   - Gini coefficient    : 0.000460
3. Internal Avg Degree   : 31.7506 (Mean of per-block avg)
4. Block Graph Avg Deg   : 5.3984
5. Modularity
   - Unweighted Q        : 0.934379
   - Weighted Q          : 0.935319
==============================================
Internal edges : 8014844
External edges : 527166
Internal ratio : 0.938285
Avg block density : 0.016109
Block graph edges : 691
Block graph density : 0.021170
Locality score : 15.203615

6. Color Statistics
   Color   Blocks   Nodes   AvgNodesPerBlock
       1       43   84839            1973.00
       2       43   84606            1967.58
       3       43   84839            1973.00
       4       43   84839            1973.00
       5       42   82866            1973.00
       6       42   82866            1973.00

Additional Load Imbalance Metrics
----------------------------------
Max block size / Avg block size   : 1.000462
Max color nodes / Avg color nodes : 1.008278

-------------------------------------------------
af_shell3 bs = 256, policy = 2, coloring = 3

==============================================
  Partitioning Evaluation Report
==============================================
1. Total Blocks          : 256
   Total Colors          : 5
2. Nodes per Block
   - Average             : 1972.09
   - Maximum             : 1973
   - Minimum             : 1740
   - Stddev              : 14.534030
   - Gini coefficient    : 0.000460
3. Internal Avg Degree   : 31.7506 (Mean of per-block avg)
4. Block Graph Avg Deg   : 5.3984
5. Modularity
   - Unweighted Q        : 0.934379
   - Weighted Q          : 0.935319
==============================================
Internal edges : 8014844
External edges : 527166
Internal ratio : 0.938285
Avg block density : 0.016109
Block graph edges : 691
Block graph density : 0.021170
Locality score : 15.203615

6. Color Statistics
   Color   Blocks   Nodes   AvgNodesPerBlock
       1       52   102596            1973.00
       2       51   100623            1973.00
       3       51   100390            1968.43
       4       51   100623            1973.00
       5       51   100623            1973.00

Additional Load Imbalance Metrics
----------------------------------
Max block size / Avg block size   : 1.000462
Max color nodes / Avg color nodes : 1.016094

-------------------------------------------------
af_shell3 bs = 256, policy = 3, coloring = 1

==============================================
  Partitioning Evaluation Report
==============================================
1. Total Blocks          : 256
   Total Colors          : 11
2. Nodes per Block
   - Average             : 1972.09
   - Maximum             : 1973
   - Minimum             : 1740
   - Stddev              : 14.534030
   - Gini coefficient    : 0.000460
3. Internal Avg Degree   : 23.3557 (Mean of per-block avg)
4. Block Graph Avg Deg   : 15.1953
5. Modularity
   - Unweighted Q        : 0.686291
   - Weighted Q          : 0.843856
==============================================
Internal edges : 5895674
External edges : 2646336
Internal ratio : 0.690198
Avg block density : 0.011850
Block graph edges : 1945
Block graph density : 0.059589
Locality score : 2.227862

6. Color Statistics
   Color   Blocks   Nodes   AvgNodesPerBlock
       1       35   69055            1973.00
       2       34   66849            1966.15
       3       31   61163            1973.00
       4       30   59190            1973.00
       5       29   57217            1973.00
       6       28   55244            1973.00
       7       26   51298            1973.00
       8       25   49325            1973.00
       9       14   27622            1973.00
      10        3    5919            1973.00
      11        1    1973            1973.00

Additional Load Imbalance Metrics
----------------------------------
Max block size / Avg block size   : 1.000462
Max color nodes / Avg color nodes : 1.504600

-------------------------------------------------
af_shell3 bs = 256, policy = 3, coloring = 2

==============================================
  Partitioning Evaluation Report
==============================================
1. Total Blocks          : 256
   Total Colors          : 11
2. Nodes per Block
   - Average             : 1972.09
   - Maximum             : 1973
   - Minimum             : 1740
   - Stddev              : 14.534030
   - Gini coefficient    : 0.000460
3. Internal Avg Degree   : 23.3557 (Mean of per-block avg)
4. Block Graph Avg Deg   : 15.1953
5. Modularity
   - Unweighted Q        : 0.686291
   - Weighted Q          : 0.843856
==============================================
Internal edges : 5895674
External edges : 2646336
Internal ratio : 0.690198
Avg block density : 0.011850
Block graph edges : 1945
Block graph density : 0.059589
Locality score : 2.227862

6. Color Statistics
   Color   Blocks   Nodes   AvgNodesPerBlock
       1       24   47352            1973.00
       2       24   47352            1973.00
       3       24   47352            1973.00
       4       23   45379            1973.00
       5       23   45379            1973.00
       6       23   45379            1973.00
       7       23   45146            1962.87
       8       23   45379            1973.00
       9       23   45379            1973.00
      10       23   45379            1973.00
      11       23   45379            1973.00

Additional Load Imbalance Metrics
----------------------------------
Max block size / Avg block size   : 1.000462
Max color nodes / Avg color nodes : 1.031726

-------------------------------------------------
af_shell3 bs = 256, policy = 3, coloring = 3

==============================================
  Partitioning Evaluation Report
==============================================
1. Total Blocks          : 256
   Total Colors          : 11
2. Nodes per Block
   - Average             : 1972.09
   - Maximum             : 1973
   - Minimum             : 1740
   - Stddev              : 14.534030
   - Gini coefficient    : 0.000460
3. Internal Avg Degree   : 23.3557 (Mean of per-block avg)
4. Block Graph Avg Deg   : 15.1953
5. Modularity
   - Unweighted Q        : 0.686291
   - Weighted Q          : 0.843856
==============================================
Internal edges : 5895674
External edges : 2646336
Internal ratio : 0.690198
Avg block density : 0.011850
Block graph edges : 1945
Block graph density : 0.059589
Locality score : 2.227862

6. Color Statistics
   Color   Blocks   Nodes   AvgNodesPerBlock
       1       24   47352            1973.00
       2       24   47352            1973.00
       3       24   47352            1973.00
       4       23   45379            1973.00
       5       23   45379            1973.00
       6       23   45379            1973.00
       7       23   45379            1973.00
       8       23   45146            1962.87
       9       23   45379            1973.00
      10       23   45379            1973.00
      11       23   45379            1973.00

Additional Load Imbalance Metrics
----------------------------------
Max block size / Avg block size   : 1.000462
Max color nodes / Avg color nodes : 1.031726

-------------------------------------------------
af_shell3 bs = 512, policy = 1, coloring = 1

==============================================
  Partitioning Evaluation Report
==============================================
1. Total Blocks          : 512
   Total Colors          : 6
2. Nodes per Block
   - Average             : 986.04
   - Maximum             : 987
   - Minimum             : 498
   - Stddev              : 21.589836
   - Gini coefficient    : 0.000967
3. Internal Avg Degree   : 31.0434 (Mean of per-block avg)
4. Block Graph Avg Deg   : 5.6211
5. Modularity
   - Unweighted Q        : 0.915542
   - Weighted Q          : 0.916621
==============================================
Internal edges : 7837263
External edges : 704747
Internal ratio : 0.917496
Avg block density : 0.031536
Block graph edges : 1439
Block graph density : 0.011000
Locality score : 11.120660

6. Color Statistics
   Color   Blocks   Nodes   AvgNodesPerBlock
       1      130   128310             987.00
       2      125   122886             983.09
       3      122   120414             987.00
       4      106   104622             987.00
       5       28   27636             987.00
       6        1     987             987.00

Additional Load Imbalance Metrics
----------------------------------
Max block size / Avg block size   : 1.000969
Max color nodes / Avg color nodes : 1.524913

-------------------------------------------------
af_shell3 bs = 512, policy = 1, coloring = 2

==============================================
  Partitioning Evaluation Report
==============================================
1. Total Blocks          : 512
   Total Colors          : 6
2. Nodes per Block
   - Average             : 986.04
   - Maximum             : 987
   - Minimum             : 498
   - Stddev              : 21.589836
   - Gini coefficient    : 0.000967
3. Internal Avg Degree   : 31.0434 (Mean of per-block avg)
4. Block Graph Avg Deg   : 5.6211
5. Modularity
   - Unweighted Q        : 0.915542
   - Weighted Q          : 0.916621
==============================================
Internal edges : 7837263
External edges : 704747
Internal ratio : 0.917496
Avg block density : 0.031536
Block graph edges : 1439
Block graph density : 0.011000
Locality score : 11.120660

6. Color Statistics
   Color   Blocks   Nodes   AvgNodesPerBlock
       1       88   86367             981.44
       2       87   85869             987.00
       3       87   85869             987.00
       4       87   85869             987.00
       5       87   85869             987.00
       6       76   75012             987.00

Additional Load Imbalance Metrics
----------------------------------
Max block size / Avg block size   : 1.000969
Max color nodes / Avg color nodes : 1.026437

-------------------------------------------------
af_shell3 bs = 512, policy = 1, coloring = 3

==============================================
  Partitioning Evaluation Report
==============================================
1. Total Blocks          : 512
   Total Colors          : 6
2. Nodes per Block
   - Average             : 986.04
   - Maximum             : 987
   - Minimum             : 498
   - Stddev              : 21.589836
   - Gini coefficient    : 0.000967
3. Internal Avg Degree   : 31.0434 (Mean of per-block avg)
4. Block Graph Avg Deg   : 5.6211
5. Modularity
   - Unweighted Q        : 0.915542
   - Weighted Q          : 0.916621
==============================================
Internal edges : 7837263
External edges : 704747
Internal ratio : 0.917496
Avg block density : 0.031536
Block graph edges : 1439
Block graph density : 0.011000
Locality score : 11.120660

6. Color Statistics
   Color   Blocks   Nodes   AvgNodesPerBlock
       1       86   84882             987.00
       2       86   84882             987.00
       3       85   83895             987.00
       4       85   83406             981.25
       5       85   83895             987.00
       6       85   83895             987.00

Additional Load Imbalance Metrics
----------------------------------
Max block size / Avg block size   : 1.000969
Max color nodes / Avg color nodes : 1.008789

-------------------------------------------------
af_shell3 bs = 512, policy = 2, coloring = 1

==============================================
  Partitioning Evaluation Report
==============================================
1. Total Blocks          : 512
   Total Colors          : 5
2. Nodes per Block
   - Average             : 986.04
   - Maximum             : 987
   - Minimum             : 498
   - Stddev              : 21.589836
   - Gini coefficient    : 0.000967
3. Internal Avg Degree   : 30.9133 (Mean of per-block avg)
4. Block Graph Avg Deg   : 5.5938
5. Modularity
   - Unweighted Q        : 0.911631
   - Weighted Q          : 0.912858
==============================================
Internal edges : 7803857
External edges : 738153
Internal ratio : 0.913586
Avg block density : 0.031409
Block graph edges : 1432
Block graph density : 0.010947
Locality score : 10.572126

6. Color Statistics
   Color   Blocks   Nodes   AvgNodesPerBlock
       1      136   133743             983.40
       2      134   132258             987.00
       3      127   125349             987.00
       4       99   97713             987.00
       5       16   15792             987.00

Additional Load Imbalance Metrics
----------------------------------
Max block size / Avg block size   : 1.000969
Max color nodes / Avg color nodes : 1.324568

-------------------------------------------------
af_shell3 bs = 512, policy = 2, coloring = 2

==============================================
  Partitioning Evaluation Report
==============================================
1. Total Blocks          : 512
   Total Colors          : 6
2. Nodes per Block
   - Average             : 986.04
   - Maximum             : 987
   - Minimum             : 498
   - Stddev              : 21.589836
   - Gini coefficient    : 0.000967
3. Internal Avg Degree   : 30.9133 (Mean of per-block avg)
4. Block Graph Avg Deg   : 5.5938
5. Modularity
   - Unweighted Q        : 0.911631
   - Weighted Q          : 0.912858
==============================================
Internal edges : 7803857
External edges : 738153
Internal ratio : 0.913586
Avg block density : 0.031409
Block graph edges : 1432
Block graph density : 0.010947
Locality score : 10.572126

6. Color Statistics
   Color   Blocks   Nodes   AvgNodesPerBlock
       1       88   86856             987.00
       2       88   86856             987.00
       3       88   86856             987.00
       4       88   86856             987.00
       5       87   85869             987.00
       6       73   71562             980.30

Additional Load Imbalance Metrics
----------------------------------
Max block size / Avg block size   : 1.000969
Max color nodes / Avg color nodes : 1.032249

-------------------------------------------------
af_shell3 bs = 512, policy = 2, coloring = 3

==============================================
  Partitioning Evaluation Report
==============================================
1. Total Blocks          : 512
   Total Colors          : 5
2. Nodes per Block
   - Average             : 986.04
   - Maximum             : 987
   - Minimum             : 498
   - Stddev              : 21.589836
   - Gini coefficient    : 0.000967
3. Internal Avg Degree   : 30.9133 (Mean of per-block avg)
4. Block Graph Avg Deg   : 5.5938
5. Modularity
   - Unweighted Q        : 0.911631
   - Weighted Q          : 0.912858
==============================================
Internal edges : 7803857
External edges : 738153
Internal ratio : 0.913586
Avg block density : 0.031409
Block graph edges : 1432
Block graph density : 0.010947
Locality score : 10.572126

6. Color Statistics
   Color   Blocks   Nodes   AvgNodesPerBlock
       1      103   101172             982.25
       2      103   101661             987.00
       3      102   100674             987.00
       4      102   100674             987.00
       5      102   100674             987.00

Additional Load Imbalance Metrics
----------------------------------
Max block size / Avg block size   : 1.000969
Max color nodes / Avg color nodes : 1.006834

-------------------------------------------------
af_shell3 bs = 512, policy = 3, coloring = 1

==============================================
  Partitioning Evaluation Report
==============================================
1. Total Blocks          : 512
   Total Colors          : 14
2. Nodes per Block
   - Average             : 986.04
   - Maximum             : 987
   - Minimum             : 498
   - Stddev              : 21.589836
   - Gini coefficient    : 0.000967
3. Internal Avg Degree   : 21.6183 (Mean of per-block avg)
4. Block Graph Avg Deg   : 19.7852
5. Modularity
   - Unweighted Q        : 0.636991
   - Weighted Q          : 0.808053
==============================================
Internal edges : 5457879
External edges : 3084131
Internal ratio : 0.638946
Avg block density : 0.021961
Block graph edges : 5065
Block graph density : 0.038719
Locality score : 1.769665

6. Color Statistics
   Color   Blocks   Nodes   AvgNodesPerBlock
       1       61   59718             978.98
       2       60   59220             987.00
       3       58   57246             987.00
       4       56   55272             987.00
       5       52   51324             987.00
       6       50   49350             987.00
       7       50   49350             987.00
       8       43   42441             987.00
       9       36   35532             987.00
      10       26   25662             987.00
      11       10    9870             987.00
      12        5    4935             987.00
      13        3    2961             987.00
      14        2    1974             987.00

Additional Load Imbalance Metrics
----------------------------------
Max block size / Avg block size   : 1.000969
Max color nodes / Avg color nodes : 1.656024

-------------------------------------------------
af_shell3 bs = 512, policy = 3, coloring = 2

==============================================
  Partitioning Evaluation Report
==============================================
1. Total Blocks          : 512
   Total Colors          : 14
2. Nodes per Block
   - Average             : 986.04
   - Maximum             : 987
   - Minimum             : 498
   - Stddev              : 21.589836
   - Gini coefficient    : 0.000967
3. Internal Avg Degree   : 21.6183 (Mean of per-block avg)
4. Block Graph Avg Deg   : 19.7852
5. Modularity
   - Unweighted Q        : 0.636991
   - Weighted Q          : 0.808053
==============================================
Internal edges : 5457879
External edges : 3084131
Internal ratio : 0.638946
Avg block density : 0.021961
Block graph edges : 5065
Block graph density : 0.038719
Locality score : 1.769665

6. Color Statistics
   Color   Blocks   Nodes   AvgNodesPerBlock
       1       37   36519             987.00
       2       37   36519             987.00
       3       37   36030             973.78
       4       37   36519             987.00
       5       37   36519             987.00
       6       37   36519             987.00
       7       37   36519             987.00
       8       37   36519             987.00
       9       36   35532             987.00
      10       36   35532             987.00
      11       36   35532             987.00
      12       36   35532             987.00
      13       36   35532             987.00
      14       36   35532             987.00

Additional Load Imbalance Metrics
----------------------------------
Max block size / Avg block size   : 1.000969
Max color nodes / Avg color nodes : 1.012699

-------------------------------------------------
af_shell3 bs = 512, policy = 3, coloring = 3

==============================================
  Partitioning Evaluation Report
==============================================
1. Total Blocks          : 512
   Total Colors          : 14
2. Nodes per Block
   - Average             : 986.04
   - Maximum             : 987
   - Minimum             : 498
   - Stddev              : 21.589836
   - Gini coefficient    : 0.000967
3. Internal Avg Degree   : 21.6183 (Mean of per-block avg)
4. Block Graph Avg Deg   : 19.7852
5. Modularity
   - Unweighted Q        : 0.636991
   - Weighted Q          : 0.808053
==============================================
Internal edges : 5457879
External edges : 3084131
Internal ratio : 0.638946
Avg block density : 0.021961
Block graph edges : 5065
Block graph density : 0.038719
Locality score : 1.769665

6. Color Statistics
   Color   Blocks   Nodes   AvgNodesPerBlock
       1       37   36519             987.00
       2       37   36519             987.00
       3       37   36030             973.78
       4       37   36519             987.00
       5       37   36519             987.00
       6       37   36519             987.00
       7       37   36519             987.00
       8       37   36519             987.00
       9       36   35532             987.00
      10       36   35532             987.00
      11       36   35532             987.00
      12       36   35532             987.00
      13       36   35532             987.00
      14       36   35532             987.00

Additional Load Imbalance Metrics
----------------------------------
Max block size / Avg block size   : 1.000969
Max color nodes / Avg color nodes : 1.012699

-------------------------------------------------
af_shell3 bs = 1024, policy = 1, coloring = 1

==============================================
  Partitioning Evaluation Report
==============================================
1. Total Blocks          : 1022
   Total Colors          : 6
2. Nodes per Block
   - Average             : 493.99
   - Maximum             : 494
   - Minimum             : 481
   - Stddev              : 0.406448
   - Gini coefficient    : 0.000026
3. Internal Avg Degree   : 29.8578 (Mean of per-block avg)
4. Block Graph Avg Deg   : 5.7730
5. Modularity
   - Unweighted Q        : 0.881359
   - Weighted Q          : 0.882613
==============================================
Internal edges : 7536939
External edges : 1005071
Internal ratio : 0.882338
Avg block density : 0.060565
Block graph edges : 2950
Block graph density : 0.005654
Locality score : 7.498905

6. Color Statistics
   Color   Blocks   Nodes   AvgNodesPerBlock
       1      255   125970             494.00
       2      248   122512             494.00
       3      244   120523             493.95
       4      217   107198             494.00
       5       54   26676             494.00
       6        4    1976             494.00

Additional Load Imbalance Metrics
----------------------------------
Max block size / Avg block size   : 1.000026
Max color nodes / Avg color nodes : 1.497103

-------------------------------------------------
af_shell3 bs = 1024, policy = 1, coloring = 2

==============================================
  Partitioning Evaluation Report
==============================================
1. Total Blocks          : 1022
   Total Colors          : 6
2. Nodes per Block
   - Average             : 493.99
   - Maximum             : 494
   - Minimum             : 481
   - Stddev              : 0.406448
   - Gini coefficient    : 0.000026
3. Internal Avg Degree   : 29.8578 (Mean of per-block avg)
4. Block Graph Avg Deg   : 5.7730
5. Modularity
   - Unweighted Q        : 0.881359
   - Weighted Q          : 0.882613
==============================================
Internal edges : 7536939
External edges : 1005071
Internal ratio : 0.882338
Avg block density : 0.060565
Block graph edges : 2950
Block graph density : 0.005654
Locality score : 7.498905

6. Color Statistics
   Color   Blocks   Nodes   AvgNodesPerBlock
       1      171   84474             494.00
       2      171   84474             494.00
       3      171   84461             493.92
       4      170   83980             494.00
       5      170   83980             494.00
       6      169   83486             494.00

Additional Load Imbalance Metrics
----------------------------------
Max block size / Avg block size   : 1.000026
Max color nodes / Avg color nodes : 1.003940

-------------------------------------------------
af_shell3 bs = 1024, policy = 1, coloring = 3

==============================================
  Partitioning Evaluation Report
==============================================
1. Total Blocks          : 1022
   Total Colors          : 6
2. Nodes per Block
   - Average             : 493.99
   - Maximum             : 494
   - Minimum             : 481
   - Stddev              : 0.406448
   - Gini coefficient    : 0.000026
3. Internal Avg Degree   : 29.8578 (Mean of per-block avg)
4. Block Graph Avg Deg   : 5.7730
5. Modularity
   - Unweighted Q        : 0.881359
   - Weighted Q          : 0.882613
==============================================
Internal edges : 7536939
External edges : 1005071
Internal ratio : 0.882338
Avg block density : 0.060565
Block graph edges : 2950
Block graph density : 0.005654
Locality score : 7.498905

6. Color Statistics
   Color   Blocks   Nodes   AvgNodesPerBlock
       1      171   84474             494.00
       2      171   84474             494.00
       3      170   83967             493.92
       4      170   83980             494.00
       5      170   83980             494.00
       6      170   83980             494.00

Additional Load Imbalance Metrics
----------------------------------
Max block size / Avg block size   : 1.000026
Max color nodes / Avg color nodes : 1.003940

-------------------------------------------------
af_shell3 bs = 1024, policy = 2, coloring = 1

==============================================
  Partitioning Evaluation Report
==============================================
1. Total Blocks          : 1022
   Total Colors          : 5
2. Nodes per Block
   - Average             : 493.99
   - Maximum             : 494
   - Minimum             : 481
   - Stddev              : 0.406448
   - Gini coefficient    : 0.000026
3. Internal Avg Degree   : 29.7834 (Mean of per-block avg)
4. Block Graph Avg Deg   : 5.7750
5. Modularity
   - Unweighted Q        : 0.879162
   - Weighted Q          : 0.880751
==============================================
Internal edges : 7518166
External edges : 1023844
Internal ratio : 0.880140
Avg block density : 0.060414
Block graph edges : 2951
Block graph density : 0.005656
Locality score : 7.343070

6. Color Statistics
   Color   Blocks   Nodes   AvgNodesPerBlock
       1      261   128934             494.00
       2      257   126945             493.95
       3      244   120536             494.00
       4      210   103740             494.00
       5       50   24700             494.00

Additional Load Imbalance Metrics
----------------------------------
Max block size / Avg block size   : 1.000026
Max color nodes / Avg color nodes : 1.276941

-------------------------------------------------
af_shell3 bs = 1024, policy = 2, coloring = 2

==============================================
  Partitioning Evaluation Report
==============================================
1. Total Blocks          : 1022
   Total Colors          : 6
2. Nodes per Block
   - Average             : 493.99
   - Maximum             : 494
   - Minimum             : 481
   - Stddev              : 0.406448
   - Gini coefficient    : 0.000026
3. Internal Avg Degree   : 29.7834 (Mean of per-block avg)
4. Block Graph Avg Deg   : 5.7750
5. Modularity
   - Unweighted Q        : 0.879162
   - Weighted Q          : 0.880751
==============================================
Internal edges : 7518166
External edges : 1023844
Internal ratio : 0.880140
Avg block density : 0.060414
Block graph edges : 2951
Block graph density : 0.005656
Locality score : 7.343070

6. Color Statistics
   Color   Blocks   Nodes   AvgNodesPerBlock
       1      182   89908             494.00
       2      182   89895             493.93
       3      182   89908             494.00
       4      181   89414             494.00
       5      181   89414             494.00
       6      114   56316             494.00

Additional Load Imbalance Metrics
----------------------------------
Max block size / Avg block size   : 1.000026
Max color nodes / Avg color nodes : 1.068521

-------------------------------------------------
af_shell3 bs = 1024, policy = 2, coloring = 3

==============================================
  Partitioning Evaluation Report
==============================================
1. Total Blocks          : 1022
   Total Colors          : 5
2. Nodes per Block
   - Average             : 493.99
   - Maximum             : 494
   - Minimum             : 481
   - Stddev              : 0.406448
   - Gini coefficient    : 0.000026
3. Internal Avg Degree   : 29.7834 (Mean of per-block avg)
4. Block Graph Avg Deg   : 5.7750
5. Modularity
   - Unweighted Q        : 0.879162
   - Weighted Q          : 0.880751
==============================================
Internal edges : 7518166
External edges : 1023844
Internal ratio : 0.880140
Avg block density : 0.060414
Block graph edges : 2951
Block graph density : 0.005656
Locality score : 7.343070

6. Color Statistics
   Color   Blocks   Nodes   AvgNodesPerBlock
       1      205   101257             493.94
       2      205   101270             494.00
       3      204   100776             494.00
       4      204   100776             494.00
       5      204   100776             494.00

Additional Load Imbalance Metrics
----------------------------------
Max block size / Avg block size   : 1.000026
Max color nodes / Avg color nodes : 1.002961

-------------------------------------------------
af_shell3 bs = 1024, policy = 3, coloring = 1

==============================================
  Partitioning Evaluation Report
==============================================
1. Total Blocks          : 1022
   Total Colors          : 17
2. Nodes per Block
   - Average             : 493.99
   - Maximum             : 494
   - Minimum             : 481
   - Stddev              : 0.406448
   - Gini coefficient    : 0.000026
3. Internal Avg Degree   : 13.6107 (Mean of per-block avg)
4. Block Graph Avg Deg   : 75.6869
5. Modularity
   - Unweighted Q        : 0.401233
   - Weighted Q          : 0.637769
==============================================
Internal edges : 3435697
External edges : 5106313
Internal ratio : 0.402212
Avg block density : 0.027609
Block graph edges : 38676
Block graph density : 0.074130
Locality score : 0.672833

6. Color Statistics
   Color   Blocks   Nodes   AvgNodesPerBlock
       1      105   51870             494.00
       2      104   51376             494.00
       3       98   48412             494.00
       4       91   44954             494.00
       5       84   41496             494.00
       6       82   40495             493.84
       7       76   37544             494.00
       8       65   32110             494.00
       9       65   32110             494.00
      10       54   26676             494.00
      11       47   23218             494.00
      12       46   22724             494.00
      13       35   17290             494.00
      14       32   15808             494.00
      15       24   11856             494.00
      16       12    5928             494.00
      17        2     988             494.00

Additional Load Imbalance Metrics
----------------------------------
Max block size / Avg block size   : 1.000026
Max color nodes / Avg color nodes : 1.746620

-------------------------------------------------
af_shell3 bs = 1024, policy = 3, coloring = 2

==============================================
  Partitioning Evaluation Report
==============================================
1. Total Blocks          : 1022
   Total Colors          : 20
2. Nodes per Block
   - Average             : 493.99
   - Maximum             : 494
   - Minimum             : 481
   - Stddev              : 0.406448
   - Gini coefficient    : 0.000026
3. Internal Avg Degree   : 13.6107 (Mean of per-block avg)
4. Block Graph Avg Deg   : 75.6869
5. Modularity
   - Unweighted Q        : 0.401233
   - Weighted Q          : 0.637769
==============================================
Internal edges : 3435697
External edges : 5106313
Internal ratio : 0.402212
Avg block density : 0.027609
Block graph edges : 38676
Block graph density : 0.074130
Locality score : 0.672833

6. Color Statistics
   Color   Blocks   Nodes   AvgNodesPerBlock
       1       52   25688             494.00
       2       52   25688             494.00
       3       51   25194             494.00
       4       51   25194             494.00
       5       51   25194             494.00
       6       51   25194             494.00
       7       51   25194             494.00
       8       51   25194             494.00
       9       51   25194             494.00
      10       51   25194             494.00
      11       51   25194             494.00
      12       51   25194             494.00
      13       51   25194             494.00
      14       51   25181             493.75
      15       51   25194             494.00
      16       51   25194             494.00
      17       51   25194             494.00
      18       51   25194             494.00
      19       51   25194             494.00
      20       51   25194             494.00

Additional Load Imbalance Metrics
----------------------------------
Max block size / Avg block size   : 1.000026
Max color nodes / Avg color nodes : 1.017639

-------------------------------------------------
af_shell3 bs = 1024, policy = 3, coloring = 3

==============================================
  Partitioning Evaluation Report
==============================================
1. Total Blocks          : 1022
   Total Colors          : 17
2. Nodes per Block
   - Average             : 493.99
   - Maximum             : 494
   - Minimum             : 481
   - Stddev              : 0.406448
   - Gini coefficient    : 0.000026
3. Internal Avg Degree   : 13.6107 (Mean of per-block avg)
4. Block Graph Avg Deg   : 75.6869
5. Modularity
   - Unweighted Q        : 0.401233
   - Weighted Q          : 0.637769
==============================================
Internal edges : 3435697
External edges : 5106313
Internal ratio : 0.402212
Avg block density : 0.027609
Block graph edges : 38676
Block graph density : 0.074130
Locality score : 0.672833

6. Color Statistics
   Color   Blocks   Nodes   AvgNodesPerBlock
       1       61   30134             494.00
       2       61   30134             494.00
       3       60   29640             494.00
       4       60   29640             494.00
       5       60   29640             494.00
       6       60   29640             494.00
       7       60   29640             494.00
       8       60   29627             493.78
       9       60   29640             494.00
      10       60   29640             494.00
      11       60   29640             494.00
      12       60   29640             494.00
      13       60   29640             494.00
      14       60   29640             494.00
      15       60   29640             494.00
      16       60   29640             494.00
      17       60   29640             494.00

Additional Load Imbalance Metrics
----------------------------------
Max block size / Avg block size   : 1.000026
Max color nodes / Avg color nodes : 1.014703

-------------------------------------------------
ecology2 bs = 32, policy = 1, coloring = 1

==============================================
  Partitioning Evaluation Report
==============================================
1. Total Blocks          : 32
   Total Colors          : 5
2. Nodes per Block
   - Average             : 31249.97
   - Maximum             : 31250
   - Minimum             : 31249
   - Stddev              : 0.173993
   - Gini coefficient    : 0.000001
3. Internal Avg Degree   : 3.9645 (Mean of per-block avg)
4. Block Graph Avg Deg   : 5.1250
5. Modularity
   - Unweighted Q        : 0.960864
   - Weighted Q          : 0.960785
==============================================
Internal edges : 1982239
External edges : 15757
Internal ratio : 0.992114
Avg block density : 0.000127
Block graph edges : 82
Block graph density : 0.165323
Locality score : 125.792550

6. Color Statistics
   Color   Blocks   Nodes   AvgNodesPerBlock
       1        9   281250           31250.00
       2        8   250000           31250.00
       3        7   218750           31250.00
       4        7   218750           31250.00
       5        1   31249           31249.00

Additional Load Imbalance Metrics
----------------------------------
Max block size / Avg block size   : 1.000001
Max color nodes / Avg color nodes : 1.406251

-------------------------------------------------
ecology2 bs = 32, policy = 1, coloring = 2

==============================================
  Partitioning Evaluation Report
==============================================
1. Total Blocks          : 32
   Total Colors          : 5
2. Nodes per Block
   - Average             : 31249.97
   - Maximum             : 31250
   - Minimum             : 31249
   - Stddev              : 0.173993
   - Gini coefficient    : 0.000001
3. Internal Avg Degree   : 3.9645 (Mean of per-block avg)
4. Block Graph Avg Deg   : 5.1250
5. Modularity
   - Unweighted Q        : 0.960864
   - Weighted Q          : 0.960785
==============================================
Internal edges : 1982239
External edges : 15757
Internal ratio : 0.992114
Avg block density : 0.000127
Block graph edges : 82
Block graph density : 0.165323
Locality score : 125.792550

6. Color Statistics
   Color   Blocks   Nodes   AvgNodesPerBlock
       1        7   218750           31250.00
       2        7   218750           31250.00
       3        7   218750           31250.00
       4        6   187500           31250.00
       5        5   156249           31249.80

Additional Load Imbalance Metrics
----------------------------------
Max block size / Avg block size   : 1.000001
Max color nodes / Avg color nodes : 1.093751

-------------------------------------------------
ecology2 bs = 32, policy = 1, coloring = 3

==============================================
  Partitioning Evaluation Report
==============================================
1. Total Blocks          : 32
   Total Colors          : 5
2. Nodes per Block
   - Average             : 31249.97
   - Maximum             : 31250
   - Minimum             : 31249
   - Stddev              : 0.173993
   - Gini coefficient    : 0.000001
3. Internal Avg Degree   : 3.9645 (Mean of per-block avg)
4. Block Graph Avg Deg   : 5.1250
5. Modularity
   - Unweighted Q        : 0.960864
   - Weighted Q          : 0.960785
==============================================
Internal edges : 1982239
External edges : 15757
Internal ratio : 0.992114
Avg block density : 0.000127
Block graph edges : 82
Block graph density : 0.165323
Locality score : 125.792550

6. Color Statistics
   Color   Blocks   Nodes   AvgNodesPerBlock
       1        7   218750           31250.00
       2        7   218750           31250.00
       3        6   187500           31250.00
       4        6   187500           31250.00
       5        6   187499           31249.83

Additional Load Imbalance Metrics
----------------------------------
Max block size / Avg block size   : 1.000001
Max color nodes / Avg color nodes : 1.093751

-------------------------------------------------
ecology2 bs = 32, policy = 2, coloring = 1

==============================================
  Partitioning Evaluation Report
==============================================
1. Total Blocks          : 32
   Total Colors          : 2
2. Nodes per Block
   - Average             : 31249.97
   - Maximum             : 31250
   - Minimum             : 31249
   - Stddev              : 0.173993
   - Gini coefficient    : 0.000001
3. Internal Avg Degree   : 3.9339 (Mean of per-block avg)
4. Block Graph Avg Deg   : 1.9375
5. Modularity
   - Unweighted Q        : 0.953221
   - Weighted Q          : 0.953204
==============================================
Internal edges : 1966969
External edges : 31027
Internal ratio : 0.984471
Avg block density : 0.000126
Block graph edges : 31
Block graph density : 0.062500
Locality score : 63.393354

6. Color Statistics
   Color   Blocks   Nodes   AvgNodesPerBlock
       1       16   499999           31249.94
       2       16   500000           31250.00

Additional Load Imbalance Metrics
----------------------------------
Max block size / Avg block size   : 1.000001
Max color nodes / Avg color nodes : 1.000001

-------------------------------------------------
ecology2 bs = 32, policy = 2, coloring = 2

==============================================
  Partitioning Evaluation Report
==============================================
1. Total Blocks          : 32
   Total Colors          : 2
2. Nodes per Block
   - Average             : 31249.97
   - Maximum             : 31250
   - Minimum             : 31249
   - Stddev              : 0.173993
   - Gini coefficient    : 0.000001
3. Internal Avg Degree   : 3.9339 (Mean of per-block avg)
4. Block Graph Avg Deg   : 1.9375
5. Modularity
   - Unweighted Q        : 0.953221
   - Weighted Q          : 0.953204
==============================================
Internal edges : 1966969
External edges : 31027
Internal ratio : 0.984471
Avg block density : 0.000126
Block graph edges : 31
Block graph density : 0.062500
Locality score : 63.393354

6. Color Statistics
   Color   Blocks   Nodes   AvgNodesPerBlock
       1       16   499999           31249.94
       2       16   500000           31250.00

Additional Load Imbalance Metrics
----------------------------------
Max block size / Avg block size   : 1.000001
Max color nodes / Avg color nodes : 1.000001

-------------------------------------------------
ecology2 bs = 32, policy = 2, coloring = 3

==============================================
  Partitioning Evaluation Report
==============================================
1. Total Blocks          : 32
   Total Colors          : 2
2. Nodes per Block
   - Average             : 31249.97
   - Maximum             : 31250
   - Minimum             : 31249
   - Stddev              : 0.173993
   - Gini coefficient    : 0.000001
3. Internal Avg Degree   : 3.9339 (Mean of per-block avg)
4. Block Graph Avg Deg   : 1.9375
5. Modularity
   - Unweighted Q        : 0.953221
   - Weighted Q          : 0.953204
==============================================
Internal edges : 1966969
External edges : 31027
Internal ratio : 0.984471
Avg block density : 0.000126
Block graph edges : 31
Block graph density : 0.062500
Locality score : 63.393354

6. Color Statistics
   Color   Blocks   Nodes   AvgNodesPerBlock
       1       16   499999           31249.94
       2       16   500000           31250.00

Additional Load Imbalance Metrics
----------------------------------
Max block size / Avg block size   : 1.000001
Max color nodes / Avg color nodes : 1.000001

-------------------------------------------------
ecology2 bs = 32, policy = 3, coloring = 1

==============================================
  Partitioning Evaluation Report
==============================================
1. Total Blocks          : 32
   Total Colors          : 4
2. Nodes per Block
   - Average             : 31249.97
   - Maximum             : 31250
   - Minimum             : 31249
   - Stddev              : 0.173993
   - Gini coefficient    : 0.000001
3. Internal Avg Degree   : 3.9434 (Mean of per-block avg)
4. Block Graph Avg Deg   : 3.7500
5. Modularity
   - Unweighted Q        : 0.955580
   - Weighted Q          : 0.956209
==============================================
Internal edges : 1971683
External edges : 26313
Internal ratio : 0.986830
Avg block density : 0.000126
Block graph edges : 60
Block graph density : 0.120968
Locality score : 74.929049

6. Color Statistics
   Color   Blocks   Nodes   AvgNodesPerBlock
       1       12   374999           31249.92
       2        9   281250           31250.00
       3        6   187500           31250.00
       4        5   156250           31250.00

Additional Load Imbalance Metrics
----------------------------------
Max block size / Avg block size   : 1.000001
Max color nodes / Avg color nodes : 1.499997

-------------------------------------------------
ecology2 bs = 32, policy = 3, coloring = 2

==============================================
  Partitioning Evaluation Report
==============================================
1. Total Blocks          : 32
   Total Colors          : 5
2. Nodes per Block
   - Average             : 31249.97
   - Maximum             : 31250
   - Minimum             : 31249
   - Stddev              : 0.173993
   - Gini coefficient    : 0.000001
3. Internal Avg Degree   : 3.9434 (Mean of per-block avg)
4. Block Graph Avg Deg   : 3.7500
5. Modularity
   - Unweighted Q        : 0.955580
   - Weighted Q          : 0.956209
==============================================
Internal edges : 1971683
External edges : 26313
Internal ratio : 0.986830
Avg block density : 0.000126
Block graph edges : 60
Block graph density : 0.120968
Locality score : 74.929049

6. Color Statistics
   Color   Blocks   Nodes   AvgNodesPerBlock
       1        7   218750           31250.00
       2        7   218749           31249.86
       3        6   187500           31250.00
       4        6   187500           31250.00
       5        6   187500           31250.00

Additional Load Imbalance Metrics
----------------------------------
Max block size / Avg block size   : 1.000001
Max color nodes / Avg color nodes : 1.093751

-------------------------------------------------
ecology2 bs = 32, policy = 3, coloring = 3

==============================================
  Partitioning Evaluation Report
==============================================
1. Total Blocks          : 32
   Total Colors          : 4
2. Nodes per Block
   - Average             : 31249.97
   - Maximum             : 31250
   - Minimum             : 31249
   - Stddev              : 0.173993
   - Gini coefficient    : 0.000001
3. Internal Avg Degree   : 3.9434 (Mean of per-block avg)
4. Block Graph Avg Deg   : 3.7500
5. Modularity
   - Unweighted Q        : 0.955580
   - Weighted Q          : 0.956209
==============================================
Internal edges : 1971683
External edges : 26313
Internal ratio : 0.986830
Avg block density : 0.000126
Block graph edges : 60
Block graph density : 0.120968
Locality score : 74.929049

6. Color Statistics
   Color   Blocks   Nodes   AvgNodesPerBlock
       1        8   250000           31250.00
       2        8   249999           31249.88
       3        8   250000           31250.00
       4        8   250000           31250.00

Additional Load Imbalance Metrics
----------------------------------
Max block size / Avg block size   : 1.000001
Max color nodes / Avg color nodes : 1.000001

-------------------------------------------------
ecology2 bs = 64, policy = 1, coloring = 1

==============================================
  Partitioning Evaluation Report
==============================================
1. Total Blocks          : 64
   Total Colors          : 5
2. Nodes per Block
   - Average             : 15624.98
   - Maximum             : 15625
   - Minimum             : 15624
   - Stddev              : 0.124020
   - Gini coefficient    : 0.000001
3. Internal Avg Degree   : 3.9503 (Mean of per-block avg)
4. Block Graph Avg Deg   : 5.4688
5. Modularity
   - Unweighted Q        : 0.972928
   - Weighted Q          : 0.972973
==============================================
Internal edges : 1975126
External edges : 22870
Internal ratio : 0.988554
Avg block density : 0.000253
Block graph edges : 175
Block graph density : 0.086806
Locality score : 86.359407

6. Color Statistics
   Color   Blocks   Nodes   AvgNodesPerBlock
       1       16   250000           15625.00
       2       16   250000           15625.00
       3       14   218749           15624.93
       4       14   218750           15625.00
       5        4   62500           15625.00

Additional Load Imbalance Metrics
----------------------------------
Max block size / Avg block size   : 1.000001
Max color nodes / Avg color nodes : 1.250001

-------------------------------------------------
ecology2 bs = 64, policy = 1, coloring = 2

==============================================
  Partitioning Evaluation Report
==============================================
1. Total Blocks          : 64
   Total Colors          : 5
2. Nodes per Block
   - Average             : 15624.98
   - Maximum             : 15625
   - Minimum             : 15624
   - Stddev              : 0.124020
   - Gini coefficient    : 0.000001
3. Internal Avg Degree   : 3.9503 (Mean of per-block avg)
4. Block Graph Avg Deg   : 5.4688
5. Modularity
   - Unweighted Q        : 0.972928
   - Weighted Q          : 0.972973
==============================================
Internal edges : 1975126
External edges : 22870
Internal ratio : 0.988554
Avg block density : 0.000253
Block graph edges : 175
Block graph density : 0.086806
Locality score : 86.359407

6. Color Statistics
   Color   Blocks   Nodes   AvgNodesPerBlock
       1       14   218750           15625.00
       2       14   218750           15625.00
       3       13   203125           15625.00
       4       13   203125           15625.00
       5       10   156249           15624.90

Additional Load Imbalance Metrics
----------------------------------
Max block size / Avg block size   : 1.000001
Max color nodes / Avg color nodes : 1.093751

-------------------------------------------------
ecology2 bs = 64, policy = 1, coloring = 3

==============================================
  Partitioning Evaluation Report
==============================================
1. Total Blocks          : 64
   Total Colors          : 5
2. Nodes per Block
   - Average             : 15624.98
   - Maximum             : 15625
   - Minimum             : 15624
   - Stddev              : 0.124020
   - Gini coefficient    : 0.000001
3. Internal Avg Degree   : 3.9503 (Mean of per-block avg)
4. Block Graph Avg Deg   : 5.4688
5. Modularity
   - Unweighted Q        : 0.972928
   - Weighted Q          : 0.972973
==============================================
Internal edges : 1975126
External edges : 22870
Internal ratio : 0.988554
Avg block density : 0.000253
Block graph edges : 175
Block graph density : 0.086806
Locality score : 86.359407

6. Color Statistics
   Color   Blocks   Nodes   AvgNodesPerBlock
       1       13   203124           15624.92
       2       13   203125           15625.00
       3       13   203125           15625.00
       4       13   203125           15625.00
       5       12   187500           15625.00

Additional Load Imbalance Metrics
----------------------------------
Max block size / Avg block size   : 1.000001
Max color nodes / Avg color nodes : 1.015626

-------------------------------------------------
ecology2 bs = 64, policy = 2, coloring = 1

==============================================
  Partitioning Evaluation Report
==============================================
1. Total Blocks          : 64
   Total Colors          : 2
2. Nodes per Block
   - Average             : 15624.98
   - Maximum             : 15625
   - Minimum             : 15624
   - Stddev              : 0.124020
   - Gini coefficient    : 0.000001
3. Internal Avg Degree   : 3.8699 (Mean of per-block avg)
4. Block Graph Avg Deg   : 1.9688
5. Modularity
   - Unweighted Q        : 0.952814
   - Weighted Q          : 0.952816
==============================================
Internal edges : 1934937
External edges : 63059
Internal ratio : 0.968439
Avg block density : 0.000248
Block graph edges : 63
Block graph density : 0.031250
Locality score : 30.684063

6. Color Statistics
   Color   Blocks   Nodes   AvgNodesPerBlock
       1       32   499999           15624.97
       2       32   500000           15625.00

Additional Load Imbalance Metrics
----------------------------------
Max block size / Avg block size   : 1.000001
Max color nodes / Avg color nodes : 1.000001

-------------------------------------------------
ecology2 bs = 64, policy = 2, coloring = 2

==============================================
  Partitioning Evaluation Report
==============================================
1. Total Blocks          : 64
   Total Colors          : 2
2. Nodes per Block
   - Average             : 15624.98
   - Maximum             : 15625
   - Minimum             : 15624
   - Stddev              : 0.124020
   - Gini coefficient    : 0.000001
3. Internal Avg Degree   : 3.8699 (Mean of per-block avg)
4. Block Graph Avg Deg   : 1.9688
5. Modularity
   - Unweighted Q        : 0.952814
   - Weighted Q          : 0.952816
==============================================
Internal edges : 1934937
External edges : 63059
Internal ratio : 0.968439
Avg block density : 0.000248
Block graph edges : 63
Block graph density : 0.031250
Locality score : 30.684063

6. Color Statistics
   Color   Blocks   Nodes   AvgNodesPerBlock
       1       32   499999           15624.97
       2       32   500000           15625.00

Additional Load Imbalance Metrics
----------------------------------
Max block size / Avg block size   : 1.000001
Max color nodes / Avg color nodes : 1.000001

-------------------------------------------------
ecology2 bs = 64, policy = 2, coloring = 3

==============================================
  Partitioning Evaluation Report
==============================================
1. Total Blocks          : 64
   Total Colors          : 2
2. Nodes per Block
   - Average             : 15624.98
   - Maximum             : 15625
   - Minimum             : 15624
   - Stddev              : 0.124020
   - Gini coefficient    : 0.000001
3. Internal Avg Degree   : 3.8699 (Mean of per-block avg)
4. Block Graph Avg Deg   : 1.9688
5. Modularity
   - Unweighted Q        : 0.952814
   - Weighted Q          : 0.952816
==============================================
Internal edges : 1934937
External edges : 63059
Internal ratio : 0.968439
Avg block density : 0.000248
Block graph edges : 63
Block graph density : 0.031250
Locality score : 30.684063

6. Color Statistics
   Color   Blocks   Nodes   AvgNodesPerBlock
       1       32   499999           15624.97
       2       32   500000           15625.00

Additional Load Imbalance Metrics
----------------------------------
Max block size / Avg block size   : 1.000001
Max color nodes / Avg color nodes : 1.000001

-------------------------------------------------
ecology2 bs = 64, policy = 3, coloring = 1

==============================================
  Partitioning Evaluation Report
==============================================
1. Total Blocks          : 64
   Total Colors          : 5
2. Nodes per Block
   - Average             : 15624.98
   - Maximum             : 15625
   - Minimum             : 15624
   - Stddev              : 0.124020
   - Gini coefficient    : 0.000001
3. Internal Avg Degree   : 3.8967 (Mean of per-block avg)
4. Block Graph Avg Deg   : 3.7812
5. Modularity
   - Unweighted Q        : 0.959529
   - Weighted Q          : 0.959982
==============================================
Internal edges : 1948355
External edges : 49641
Internal ratio : 0.975155
Avg block density : 0.000249
Block graph edges : 121
Block graph density : 0.060020
Locality score : 39.248117

6. Color Statistics
   Color   Blocks   Nodes   AvgNodesPerBlock
       1       23   359374           15624.96
       2       21   328125           15625.00
       3       11   171875           15625.00
       4        8   125000           15625.00
       5        1   15625           15625.00

Additional Load Imbalance Metrics
----------------------------------
Max block size / Avg block size   : 1.000001
Max color nodes / Avg color nodes : 1.796872

-------------------------------------------------
ecology2 bs = 64, policy = 3, coloring = 2

==============================================
  Partitioning Evaluation Report
==============================================
1. Total Blocks          : 64
   Total Colors          : 6
2. Nodes per Block
   - Average             : 15624.98
   - Maximum             : 15625
   - Minimum             : 15624
   - Stddev              : 0.124020
   - Gini coefficient    : 0.000001
3. Internal Avg Degree   : 3.8967 (Mean of per-block avg)
4. Block Graph Avg Deg   : 3.7812
5. Modularity
   - Unweighted Q        : 0.959529
   - Weighted Q          : 0.959982
==============================================
Internal edges : 1948355
External edges : 49641
Internal ratio : 0.975155
Avg block density : 0.000249
Block graph edges : 121
Block graph density : 0.060020
Locality score : 39.248117

6. Color Statistics
   Color   Blocks   Nodes   AvgNodesPerBlock
       1       11   171875           15625.00
       2       11   171875           15625.00
       3       11   171875           15625.00
       4       11   171874           15624.91
       5       10   156250           15625.00
       6       10   156250           15625.00

Additional Load Imbalance Metrics
----------------------------------
Max block size / Avg block size   : 1.000001
Max color nodes / Avg color nodes : 1.031251

-------------------------------------------------
ecology2 bs = 64, policy = 3, coloring = 3

==============================================
  Partitioning Evaluation Report
==============================================
1. Total Blocks          : 64
   Total Colors          : 5
2. Nodes per Block
   - Average             : 15624.98
   - Maximum             : 15625
   - Minimum             : 15624
   - Stddev              : 0.124020
   - Gini coefficient    : 0.000001
3. Internal Avg Degree   : 3.8967 (Mean of per-block avg)
4. Block Graph Avg Deg   : 3.7812
5. Modularity
   - Unweighted Q        : 0.959529
   - Weighted Q          : 0.959982
==============================================
Internal edges : 1948355
External edges : 49641
Internal ratio : 0.975155
Avg block density : 0.000249
Block graph edges : 121
Block graph density : 0.060020
Locality score : 39.248117

6. Color Statistics
   Color   Blocks   Nodes   AvgNodesPerBlock
       1       13   203125           15625.00
       2       13   203124           15624.92
       3       13   203125           15625.00
       4       13   203125           15625.00
       5       12   187500           15625.00

Additional Load Imbalance Metrics
----------------------------------
Max block size / Avg block size   : 1.000001
Max color nodes / Avg color nodes : 1.015626

-------------------------------------------------
ecology2 bs = 128, policy = 1, coloring = 1

==============================================
  Partitioning Evaluation Report
==============================================
1. Total Blocks          : 128
   Total Colors          : 5
2. Nodes per Block
   - Average             : 7812.49
   - Maximum             : 7813
   - Minimum             : 7748
   - Stddev              : 5.722756
   - Gini coefficient    : 0.000064
3. Internal Avg Degree   : 3.9306 (Mean of per-block avg)
4. Block Graph Avg Deg   : 5.6094
5. Modularity
   - Unweighted Q        : 0.975819
   - Weighted Q          : 0.975747
==============================================
Internal edges : 1965291
External edges : 32705
Internal ratio : 0.983631
Avg block density : 0.000503
Block graph edges : 359
Block graph density : 0.044168
Locality score : 60.089617

6. Color Statistics
   Color   Blocks   Nodes   AvgNodesPerBlock
       1       32   249951            7810.97
       2       30   234390            7813.00
       3       29   226577            7813.00
       4       28   218764            7813.00
       5        9   70317            7813.00

Additional Load Imbalance Metrics
----------------------------------
Max block size / Avg block size   : 1.000065
Max color nodes / Avg color nodes : 1.249756

-------------------------------------------------
ecology2 bs = 128, policy = 1, coloring = 2

==============================================
  Partitioning Evaluation Report
==============================================
1. Total Blocks          : 128
   Total Colors          : 5
2. Nodes per Block
   - Average             : 7812.49
   - Maximum             : 7813
   - Minimum             : 7748
   - Stddev              : 5.722756
   - Gini coefficient    : 0.000064
3. Internal Avg Degree   : 3.9306 (Mean of per-block avg)
4. Block Graph Avg Deg   : 5.6094
5. Modularity
   - Unweighted Q        : 0.975819
   - Weighted Q          : 0.975747
==============================================
Internal edges : 1965291
External edges : 32705
Internal ratio : 0.983631
Avg block density : 0.000503
Block graph edges : 359
Block graph density : 0.044168
Locality score : 60.089617

6. Color Statistics
   Color   Blocks   Nodes   AvgNodesPerBlock
       1       27   210886            7810.59
       2       26   203138            7813.00
       3       26   203138            7813.00
       4       25   195325            7813.00
       5       24   187512            7813.00

Additional Load Imbalance Metrics
----------------------------------
Max block size / Avg block size   : 1.000065
Max color nodes / Avg color nodes : 1.054431

-------------------------------------------------
ecology2 bs = 128, policy = 1, coloring = 3

==============================================
  Partitioning Evaluation Report
==============================================
1. Total Blocks          : 128
   Total Colors          : 5
2. Nodes per Block
   - Average             : 7812.49
   - Maximum             : 7813
   - Minimum             : 7748
   - Stddev              : 5.722756
   - Gini coefficient    : 0.000064
3. Internal Avg Degree   : 3.9306 (Mean of per-block avg)
4. Block Graph Avg Deg   : 5.6094
5. Modularity
   - Unweighted Q        : 0.975819
   - Weighted Q          : 0.975747
==============================================
Internal edges : 1965291
External edges : 32705
Internal ratio : 0.983631
Avg block density : 0.000503
Block graph edges : 359
Block graph density : 0.044168
Locality score : 60.089617

6. Color Statistics
   Color   Blocks   Nodes   AvgNodesPerBlock
       1       26   203138            7813.00
       2       26   203073            7810.50
       3       26   203138            7813.00
       4       25   195325            7813.00
       5       25   195325            7813.00

Additional Load Imbalance Metrics
----------------------------------
Max block size / Avg block size   : 1.000065
Max color nodes / Avg color nodes : 1.015691

-------------------------------------------------
ecology2 bs = 128, policy = 2, coloring = 1

==============================================
  Partitioning Evaluation Report
==============================================
1. Total Blocks          : 128
   Total Colors          : 2
2. Nodes per Block
   - Average             : 7812.49
   - Maximum             : 7813
   - Minimum             : 7748
   - Stddev              : 5.722756
   - Gini coefficient    : 0.000064
3. Internal Avg Degree   : 3.7417 (Mean of per-block avg)
4. Block Graph Avg Deg   : 1.9844
5. Modularity
   - Unweighted Q        : 0.928561
   - Weighted Q          : 0.928560
==============================================
Internal edges : 1870870
External edges : 127126
Internal ratio : 0.936373
Avg block density : 0.000479
Block graph edges : 127
Block graph density : 0.015625
Locality score : 14.716543

6. Color Statistics
   Color   Blocks   Nodes   AvgNodesPerBlock
       1       64   499967            7811.98
       2       64   500032            7813.00

Additional Load Imbalance Metrics
----------------------------------
Max block size / Avg block size   : 1.000065
Max color nodes / Avg color nodes : 1.000065

-------------------------------------------------
ecology2 bs = 128, policy = 2, coloring = 2

==============================================
  Partitioning Evaluation Report
==============================================
1. Total Blocks          : 128
   Total Colors          : 2
2. Nodes per Block
   - Average             : 7812.49
   - Maximum             : 7813
   - Minimum             : 7748
   - Stddev              : 5.722756
   - Gini coefficient    : 0.000064
3. Internal Avg Degree   : 3.7417 (Mean of per-block avg)
4. Block Graph Avg Deg   : 1.9844
5. Modularity
   - Unweighted Q        : 0.928561
   - Weighted Q          : 0.928560
==============================================
Internal edges : 1870870
External edges : 127126
Internal ratio : 0.936373
Avg block density : 0.000479
Block graph edges : 127
Block graph density : 0.015625
Locality score : 14.716543

6. Color Statistics
   Color   Blocks   Nodes   AvgNodesPerBlock
       1       64   499967            7811.98
       2       64   500032            7813.00

Additional Load Imbalance Metrics
----------------------------------
Max block size / Avg block size   : 1.000065
Max color nodes / Avg color nodes : 1.000065

-------------------------------------------------
ecology2 bs = 128, policy = 2, coloring = 3

==============================================
  Partitioning Evaluation Report
==============================================
1. Total Blocks          : 128
   Total Colors          : 2
2. Nodes per Block
   - Average             : 7812.49
   - Maximum             : 7813
   - Minimum             : 7748
   - Stddev              : 5.722756
   - Gini coefficient    : 0.000064
3. Internal Avg Degree   : 3.7417 (Mean of per-block avg)
4. Block Graph Avg Deg   : 1.9844
5. Modularity
   - Unweighted Q        : 0.928561
   - Weighted Q          : 0.928560
==============================================
Internal edges : 1870870
External edges : 127126
Internal ratio : 0.936373
Avg block density : 0.000479
Block graph edges : 127
Block graph density : 0.015625
Locality score : 14.716543

6. Color Statistics
   Color   Blocks   Nodes   AvgNodesPerBlock
       1       64   499967            7811.98
       2       64   500032            7813.00

Additional Load Imbalance Metrics
----------------------------------
Max block size / Avg block size   : 1.000065
Max color nodes / Avg color nodes : 1.000065

-------------------------------------------------
ecology2 bs = 128, policy = 3, coloring = 1

==============================================
  Partitioning Evaluation Report
==============================================
1. Total Blocks          : 128
   Total Colors          : 5
2. Nodes per Block
   - Average             : 7812.49
   - Maximum             : 7813
   - Minimum             : 7748
   - Stddev              : 5.722756
   - Gini coefficient    : 0.000064
3. Internal Avg Degree   : 3.8000 (Mean of per-block avg)
4. Block Graph Avg Deg   : 3.7500
5. Modularity
   - Unweighted Q        : 0.943140
   - Weighted Q          : 0.943332
==============================================
Internal edges : 1899999
External edges : 97997
Internal ratio : 0.950952
Avg block density : 0.000486
Block graph edges : 240
Block graph density : 0.029528
Locality score : 19.388141

6. Color Statistics
   Color   Blocks   Nodes   AvgNodesPerBlock
       1       46   359398            7813.00
       2       44   343707            7811.52
       3       19   148447            7813.00
       4       12   93756            7813.00
       5        7   54691            7813.00

Additional Load Imbalance Metrics
----------------------------------
Max block size / Avg block size   : 1.000065
Max color nodes / Avg color nodes : 1.796992

-------------------------------------------------
ecology2 bs = 128, policy = 3, coloring = 2

==============================================
  Partitioning Evaluation Report
==============================================
1. Total Blocks          : 128
   Total Colors          : 5
2. Nodes per Block
   - Average             : 7812.49
   - Maximum             : 7813
   - Minimum             : 7748
   - Stddev              : 5.722756
   - Gini coefficient    : 0.000064
3. Internal Avg Degree   : 3.8000 (Mean of per-block avg)
4. Block Graph Avg Deg   : 3.7500
5. Modularity
   - Unweighted Q        : 0.943140
   - Weighted Q          : 0.943332
==============================================
Internal edges : 1899999
External edges : 97997
Internal ratio : 0.950952
Avg block density : 0.000486
Block graph edges : 240
Block graph density : 0.029528
Locality score : 19.388141

6. Color Statistics
   Color   Blocks   Nodes   AvgNodesPerBlock
       1       26   203138            7813.00
       2       26   203138            7813.00
       3       26   203073            7810.50
       4       25   195325            7813.00
       5       25   195325            7813.00

Additional Load Imbalance Metrics
----------------------------------
Max block size / Avg block size   : 1.000065
Max color nodes / Avg color nodes : 1.015691

-------------------------------------------------
ecology2 bs = 128, policy = 3, coloring = 3

==============================================
  Partitioning Evaluation Report
==============================================
1. Total Blocks          : 128
   Total Colors          : 5
2. Nodes per Block
   - Average             : 7812.49
   - Maximum             : 7813
   - Minimum             : 7748
   - Stddev              : 5.722756
   - Gini coefficient    : 0.000064
3. Internal Avg Degree   : 3.8000 (Mean of per-block avg)
4. Block Graph Avg Deg   : 3.7500
5. Modularity
   - Unweighted Q        : 0.943140
   - Weighted Q          : 0.943332
==============================================
Internal edges : 1899999
External edges : 97997
Internal ratio : 0.950952
Avg block density : 0.000486
Block graph edges : 240
Block graph density : 0.029528
Locality score : 19.388141

6. Color Statistics
   Color   Blocks   Nodes   AvgNodesPerBlock
       1       26   203073            7810.50
       2       26   203138            7813.00
       3       26   203138            7813.00
       4       25   195325            7813.00
       5       25   195325            7813.00

Additional Load Imbalance Metrics
----------------------------------
Max block size / Avg block size   : 1.000065
Max color nodes / Avg color nodes : 1.015691

-------------------------------------------------
ecology2 bs = 256, policy = 1, coloring = 1

==============================================
  Partitioning Evaluation Report
==============================================
1. Total Blocks          : 256
   Total Colors          : 5
2. Nodes per Block
   - Average             : 3906.25
   - Maximum             : 3907
   - Minimum             : 3714
   - Stddev              : 12.038917
   - Gini coefficient    : 0.000192
3. Internal Avg Degree   : 3.9034 (Mean of per-block avg)
4. Block Graph Avg Deg   : 5.7656
5. Modularity
   - Unweighted Q        : 0.972936
   - Weighted Q          : 0.972920
==============================================
Internal edges : 1951727
External edges : 46269
Internal ratio : 0.976842
Avg block density : 0.001000
Block graph edges : 738
Block graph density : 0.022610
Locality score : 42.181262

6. Color Statistics
   Color   Blocks   Nodes   AvgNodesPerBlock
       1       65   253955            3907.00
       2       62   242041            3903.89
       3       58   226606            3907.00
       4       57   222699            3907.00
       5       14   54698            3907.00

Additional Load Imbalance Metrics
----------------------------------
Max block size / Avg block size   : 1.000193
Max color nodes / Avg color nodes : 1.269776

-------------------------------------------------
ecology2 bs = 256, policy = 1, coloring = 2

==============================================
  Partitioning Evaluation Report
==============================================
1. Total Blocks          : 256
   Total Colors          : 6
2. Nodes per Block
   - Average             : 3906.25
   - Maximum             : 3907
   - Minimum             : 3714
   - Stddev              : 12.038917
   - Gini coefficient    : 0.000192
3. Internal Avg Degree   : 3.9034 (Mean of per-block avg)
4. Block Graph Avg Deg   : 5.7656
5. Modularity
   - Unweighted Q        : 0.972936
   - Weighted Q          : 0.972920
==============================================
Internal edges : 1951727
External edges : 46269
Internal ratio : 0.976842
Avg block density : 0.001000
Block graph edges : 738
Block graph density : 0.022610
Locality score : 42.181262

6. Color Statistics
   Color   Blocks   Nodes   AvgNodesPerBlock
       1       43   167808            3902.51
       2       43   168001            3907.00
       3       43   168001            3907.00
       4       43   168001            3907.00
       5       42   164094            3907.00
       6       42   164094            3907.00

Additional Load Imbalance Metrics
----------------------------------
Max block size / Avg block size   : 1.000193
Max color nodes / Avg color nodes : 1.008007

-------------------------------------------------
ecology2 bs = 256, policy = 1, coloring = 3

==============================================
  Partitioning Evaluation Report
==============================================
1. Total Blocks          : 256
   Total Colors          : 5
2. Nodes per Block
   - Average             : 3906.25
   - Maximum             : 3907
   - Minimum             : 3714
   - Stddev              : 12.038917
   - Gini coefficient    : 0.000192
3. Internal Avg Degree   : 3.9034 (Mean of per-block avg)
4. Block Graph Avg Deg   : 5.7656
5. Modularity
   - Unweighted Q        : 0.972936
   - Weighted Q          : 0.972920
==============================================
Internal edges : 1951727
External edges : 46269
Internal ratio : 0.976842
Avg block density : 0.001000
Block graph edges : 738
Block graph density : 0.022610
Locality score : 42.181262

6. Color Statistics
   Color   Blocks   Nodes   AvgNodesPerBlock
       1       52   203164            3907.00
       2       51   199257            3907.00
       3       51   199064            3903.22
       4       51   199257            3907.00
       5       51   199257            3907.00

Additional Load Imbalance Metrics
----------------------------------
Max block size / Avg block size   : 1.000193
Max color nodes / Avg color nodes : 1.015821

-------------------------------------------------
ecology2 bs = 256, policy = 2, coloring = 1

==============================================
  Partitioning Evaluation Report
==============================================
1. Total Blocks          : 256
   Total Colors          : 2
2. Nodes per Block
   - Average             : 3906.25
   - Maximum             : 3907
   - Minimum             : 3714
   - Stddev              : 12.038917
   - Gini coefficient    : 0.000192
3. Internal Avg Degree   : 3.4855 (Mean of per-block avg)
4. Block Graph Avg Deg   : 1.9922
5. Modularity
   - Unweighted Q        : 0.868338
   - Weighted Q          : 0.868316
==============================================
Internal edges : 1742742
External edges : 255254
Internal ratio : 0.872245
Avg block density : 0.000893
Block graph edges : 255
Block graph density : 0.007812
Locality score : 6.827455

6. Color Statistics
   Color   Blocks   Nodes   AvgNodesPerBlock
       1      128   499903            3905.49
       2      128   500096            3907.00

Additional Load Imbalance Metrics
----------------------------------
Max block size / Avg block size   : 1.000193
Max color nodes / Avg color nodes : 1.000193

-------------------------------------------------
ecology2 bs = 256, policy = 2, coloring = 2

==============================================
  Partitioning Evaluation Report
==============================================
1. Total Blocks          : 256
   Total Colors          : 2
2. Nodes per Block
   - Average             : 3906.25
   - Maximum             : 3907
   - Minimum             : 3714
   - Stddev              : 12.038917
   - Gini coefficient    : 0.000192
3. Internal Avg Degree   : 3.4855 (Mean of per-block avg)
4. Block Graph Avg Deg   : 1.9922
5. Modularity
   - Unweighted Q        : 0.868338
   - Weighted Q          : 0.868316
==============================================
Internal edges : 1742742
External edges : 255254
Internal ratio : 0.872245
Avg block density : 0.000893
Block graph edges : 255
Block graph density : 0.007812
Locality score : 6.827455

6. Color Statistics
   Color   Blocks   Nodes   AvgNodesPerBlock
       1      128   499903            3905.49
       2      128   500096            3907.00

Additional Load Imbalance Metrics
----------------------------------
Max block size / Avg block size   : 1.000193
Max color nodes / Avg color nodes : 1.000193

-------------------------------------------------
ecology2 bs = 256, policy = 2, coloring = 3

==============================================
  Partitioning Evaluation Report
==============================================
1. Total Blocks          : 256
   Total Colors          : 2
2. Nodes per Block
   - Average             : 3906.25
   - Maximum             : 3907
   - Minimum             : 3714
   - Stddev              : 12.038917
   - Gini coefficient    : 0.000192
3. Internal Avg Degree   : 3.4855 (Mean of per-block avg)
4. Block Graph Avg Deg   : 1.9922
5. Modularity
   - Unweighted Q        : 0.868338
   - Weighted Q          : 0.868316
==============================================
Internal edges : 1742742
External edges : 255254
Internal ratio : 0.872245
Avg block density : 0.000893
Block graph edges : 255
Block graph density : 0.007812
Locality score : 6.827455

6. Color Statistics
   Color   Blocks   Nodes   AvgNodesPerBlock
       1      128   499903            3905.49
       2      128   500096            3907.00

Additional Load Imbalance Metrics
----------------------------------
Max block size / Avg block size   : 1.000193
Max color nodes / Avg color nodes : 1.000193

-------------------------------------------------
ecology2 bs = 256, policy = 3, coloring = 1

==============================================
  Partitioning Evaluation Report
==============================================
1. Total Blocks          : 256
   Total Colors          : 5
2. Nodes per Block
   - Average             : 3906.25
   - Maximum             : 3907
   - Minimum             : 3714
   - Stddev              : 12.038917
   - Gini coefficient    : 0.000192
3. Internal Avg Degree   : 3.6058 (Mean of per-block avg)
4. Block Graph Avg Deg   : 3.7109
5. Modularity
   - Unweighted Q        : 0.898457
   - Weighted Q          : 0.898071
==============================================
Internal edges : 1802918
External edges : 195078
Internal ratio : 0.902363
Avg block density : 0.000923
Block graph edges : 475
Block graph density : 0.014553
Locality score : 9.241989

6. Color Statistics
   Color   Blocks   Nodes   AvgNodesPerBlock
       1       92   359251            3904.90
       2       91   355537            3907.00
       3       32   125024            3907.00
       4       29   113303            3907.00
       5       12   46884            3907.00

Additional Load Imbalance Metrics
----------------------------------
Max block size / Avg block size   : 1.000193
Max color nodes / Avg color nodes : 1.796257

-------------------------------------------------
ecology2 bs = 256, policy = 3, coloring = 2

==============================================
  Partitioning Evaluation Report
==============================================
1. Total Blocks          : 256
   Total Colors          : 5
2. Nodes per Block
   - Average             : 3906.25
   - Maximum             : 3907
   - Minimum             : 3714
   - Stddev              : 12.038917
   - Gini coefficient    : 0.000192
3. Internal Avg Degree   : 3.6058 (Mean of per-block avg)
4. Block Graph Avg Deg   : 3.7109
5. Modularity
   - Unweighted Q        : 0.898457
   - Weighted Q          : 0.898071
==============================================
Internal edges : 1802918
External edges : 195078
Internal ratio : 0.902363
Avg block density : 0.000923
Block graph edges : 475
Block graph density : 0.014553
Locality score : 9.241989

6. Color Statistics
   Color   Blocks   Nodes   AvgNodesPerBlock
       1       52   203164            3907.00
       2       51   199257            3907.00
       3       51   199257            3907.00
       4       51   199257            3907.00
       5       51   199064            3903.22

Additional Load Imbalance Metrics
----------------------------------
Max block size / Avg block size   : 1.000193
Max color nodes / Avg color nodes : 1.015821

-------------------------------------------------
ecology2 bs = 256, policy = 3, coloring = 3

==============================================
  Partitioning Evaluation Report
==============================================
1. Total Blocks          : 256
   Total Colors          : 5
2. Nodes per Block
   - Average             : 3906.25
   - Maximum             : 3907
   - Minimum             : 3714
   - Stddev              : 12.038917
   - Gini coefficient    : 0.000192
3. Internal Avg Degree   : 3.6058 (Mean of per-block avg)
4. Block Graph Avg Deg   : 3.7109
5. Modularity
   - Unweighted Q        : 0.898457
   - Weighted Q          : 0.898071
==============================================
Internal edges : 1802918
External edges : 195078
Internal ratio : 0.902363
Avg block density : 0.000923
Block graph edges : 475
Block graph density : 0.014553
Locality score : 9.241989

6. Color Statistics
   Color   Blocks   Nodes   AvgNodesPerBlock
       1       52   202971            3903.29
       2       51   199257            3907.00
       3       51   199257            3907.00
       4       51   199257            3907.00
       5       51   199257            3907.00

Additional Load Imbalance Metrics
----------------------------------
Max block size / Avg block size   : 1.000193
Max color nodes / Avg color nodes : 1.014856

-------------------------------------------------
ecology2 bs = 512, policy = 1, coloring = 1

==============================================
  Partitioning Evaluation Report
==============================================
1. Total Blocks          : 512
   Total Colors          : 5
2. Nodes per Block
   - Average             : 1953.12
   - Maximum             : 1954
   - Minimum             : 1505
   - Stddev              : 19.823796
   - Gini coefficient    : 0.000448
3. Internal Avg Degree   : 3.8624 (Mean of per-block avg)
4. Block Graph Avg Deg   : 5.8672
5. Modularity
   - Unweighted Q        : 0.964636
   - Weighted Q          : 0.964647
==============================================
Internal edges : 1931242
External edges : 66754
Internal ratio : 0.966590
Avg block density : 0.001979
Block graph edges : 1502
Block graph density : 0.011482
Locality score : 28.930297

6. Color Statistics
   Color   Blocks   Nodes   AvgNodesPerBlock
       1      132   257928            1954.00
       2      126   245755            1950.44
       3      123   240342            1954.00
       4      104   203216            1954.00
       5       27   52758            1954.00

Additional Load Imbalance Metrics
----------------------------------
Max block size / Avg block size   : 1.000449
Max color nodes / Avg color nodes : 1.289641

-------------------------------------------------
ecology2 bs = 512, policy = 1, coloring = 2

==============================================
  Partitioning Evaluation Report
==============================================
1. Total Blocks          : 512
   Total Colors          : 6
2. Nodes per Block
   - Average             : 1953.12
   - Maximum             : 1954
   - Minimum             : 1505
   - Stddev              : 19.823796
   - Gini coefficient    : 0.000448
3. Internal Avg Degree   : 3.8624 (Mean of per-block avg)
4. Block Graph Avg Deg   : 5.8672
5. Modularity
   - Unweighted Q        : 0.964636
   - Weighted Q          : 0.964647
==============================================
Internal edges : 1931242
External edges : 66754
Internal ratio : 0.966590
Avg block density : 0.001979
Block graph edges : 1502
Block graph density : 0.011482
Locality score : 28.930297

6. Color Statistics
   Color   Blocks   Nodes   AvgNodesPerBlock
       1       89   173906            1954.00
       2       89   173457            1948.96
       3       89   173906            1954.00
       4       89   173906            1954.00
       5       89   173906            1954.00
       6       67   130918            1954.00

Additional Load Imbalance Metrics
----------------------------------
Max block size / Avg block size   : 1.000449
Max color nodes / Avg color nodes : 1.043437

-------------------------------------------------
ecology2 bs = 512, policy = 1, coloring = 3

==============================================
  Partitioning Evaluation Report
==============================================
1. Total Blocks          : 512
   Total Colors          : 5
2. Nodes per Block
   - Average             : 1953.12
   - Maximum             : 1954
   - Minimum             : 1505
   - Stddev              : 19.823796
   - Gini coefficient    : 0.000448
3. Internal Avg Degree   : 3.8624 (Mean of per-block avg)
4. Block Graph Avg Deg   : 5.8672
5. Modularity
   - Unweighted Q        : 0.964636
   - Weighted Q          : 0.964647
==============================================
Internal edges : 1931242
External edges : 66754
Internal ratio : 0.966590
Avg block density : 0.001979
Block graph edges : 1502
Block graph density : 0.011482
Locality score : 28.930297

6. Color Statistics
   Color   Blocks   Nodes   AvgNodesPerBlock
       1      103   201262            1954.00
       2      103   201262            1954.00
       3      102   199308            1954.00
       4      102   198859            1949.60
       5      102   199308            1954.00

Additional Load Imbalance Metrics
----------------------------------
Max block size / Avg block size   : 1.000449
Max color nodes / Avg color nodes : 1.006311

-------------------------------------------------
ecology2 bs = 512, policy = 2, coloring = 1

==============================================
  Partitioning Evaluation Report
==============================================
1. Total Blocks          : 512
   Total Colors          : 3
2. Nodes per Block
   - Average             : 1953.12
   - Maximum             : 1954
   - Minimum             : 1505
   - Stddev              : 19.823796
   - Gini coefficient    : 0.000448
3. Internal Avg Degree   : 2.9733 (Mean of per-block avg)
4. Block Graph Avg Deg   : 2.0859
5. Modularity
   - Unweighted Q        : 0.742161
   - Weighted Q          : 0.742091
==============================================
Internal edges : 1486738
External edges : 511258
Internal ratio : 0.744115
Avg block density : 0.001523
Block graph edges : 534
Block graph density : 0.004082
Locality score : 2.907994

6. Color Statistics
   Color   Blocks   Nodes   AvgNodesPerBlock
       1      236   460695            1952.10
       2      235   459190            1954.00
       3       41   80114            1954.00

Additional Load Imbalance Metrics
----------------------------------
Max block size / Avg block size   : 1.000449
Max color nodes / Avg color nodes : 1.382086

-------------------------------------------------
ecology2 bs = 512, policy = 2, coloring = 2

==============================================
  Partitioning Evaluation Report
==============================================
1. Total Blocks          : 512
   Total Colors          : 3
2. Nodes per Block
   - Average             : 1953.12
   - Maximum             : 1954
   - Minimum             : 1505
   - Stddev              : 19.823796
   - Gini coefficient    : 0.000448
3. Internal Avg Degree   : 2.9733 (Mean of per-block avg)
4. Block Graph Avg Deg   : 2.0859
5. Modularity
   - Unweighted Q        : 0.742161
   - Weighted Q          : 0.742091
==============================================
Internal edges : 1486738
External edges : 511258
Internal ratio : 0.744115
Avg block density : 0.001523
Block graph edges : 534
Block graph density : 0.004082
Locality score : 2.907994

6. Color Statistics
   Color   Blocks   Nodes   AvgNodesPerBlock
       1      171   333685            1951.37
       2      171   334134            1954.00
       3      170   332180            1954.00

Additional Load Imbalance Metrics
----------------------------------
Max block size / Avg block size   : 1.000449
Max color nodes / Avg color nodes : 1.002403

-------------------------------------------------
ecology2 bs = 512, policy = 2, coloring = 3

==============================================
  Partitioning Evaluation Report
==============================================
1. Total Blocks          : 512
   Total Colors          : 3
2. Nodes per Block
   - Average             : 1953.12
   - Maximum             : 1954
   - Minimum             : 1505
   - Stddev              : 19.823796
   - Gini coefficient    : 0.000448
3. Internal Avg Degree   : 2.9733 (Mean of per-block avg)
4. Block Graph Avg Deg   : 2.0859
5. Modularity
   - Unweighted Q        : 0.742161
   - Weighted Q          : 0.742091
==============================================
Internal edges : 1486738
External edges : 511258
Internal ratio : 0.744115
Avg block density : 0.001523
Block graph edges : 534
Block graph density : 0.004082
Locality score : 2.907994

6. Color Statistics
   Color   Blocks   Nodes   AvgNodesPerBlock
       1      171   334134            1954.00
       2      171   333685            1951.37
       3      170   332180            1954.00

Additional Load Imbalance Metrics
----------------------------------
Max block size / Avg block size   : 1.000449
Max color nodes / Avg color nodes : 1.002403

-------------------------------------------------
ecology2 bs = 512, policy = 3, coloring = 1

==============================================
  Partitioning Evaluation Report
==============================================
1. Total Blocks          : 512
   Total Colors          : 5
2. Nodes per Block
   - Average             : 1953.12
   - Maximum             : 1954
   - Minimum             : 1505
   - Stddev              : 19.823796
   - Gini coefficient    : 0.000448
3. Internal Avg Degree   : 3.2173 (Mean of per-block avg)
4. Block Graph Avg Deg   : 3.7227
5. Modularity
   - Unweighted Q        : 0.803240
   - Weighted Q          : 0.801523
==============================================
Internal edges : 1608774
External edges : 389222
Internal ratio : 0.805194
Avg block density : 0.001648
Block graph edges : 953
Block graph density : 0.007285
Locality score : 4.133296

6. Color Statistics
   Color   Blocks   Nodes   AvgNodesPerBlock
       1      177   345409            1951.46
       2      176   343904            1954.00
       3       81   158274            1954.00
       4       59   115286            1954.00
       5       19   37126            1954.00

Additional Load Imbalance Metrics
----------------------------------
Max block size / Avg block size   : 1.000449
Max color nodes / Avg color nodes : 1.727047

-------------------------------------------------
ecology2 bs = 512, policy = 3, coloring = 2

==============================================
  Partitioning Evaluation Report
==============================================
1. Total Blocks          : 512
   Total Colors          : 5
2. Nodes per Block
   - Average             : 1953.12
   - Maximum             : 1954
   - Minimum             : 1505
   - Stddev              : 19.823796
   - Gini coefficient    : 0.000448
3. Internal Avg Degree   : 3.2173 (Mean of per-block avg)
4. Block Graph Avg Deg   : 3.7227
5. Modularity
   - Unweighted Q        : 0.803240
   - Weighted Q          : 0.801523
==============================================
Internal edges : 1608774
External edges : 389222
Internal ratio : 0.805194
Avg block density : 0.001648
Block graph edges : 953
Block graph density : 0.007285
Locality score : 4.133296

6. Color Statistics
   Color   Blocks   Nodes   AvgNodesPerBlock
       1      103   201262            1954.00
       2      103   200813            1949.64
       3      102   199308            1954.00
       4      102   199308            1954.00
       5      102   199308            1954.00

Additional Load Imbalance Metrics
----------------------------------
Max block size / Avg block size   : 1.000449
Max color nodes / Avg color nodes : 1.006311

-------------------------------------------------
ecology2 bs = 512, policy = 3, coloring = 3

==============================================
  Partitioning Evaluation Report
==============================================
1. Total Blocks          : 512
   Total Colors          : 5
2. Nodes per Block
   - Average             : 1953.12
   - Maximum             : 1954
   - Minimum             : 1505
   - Stddev              : 19.823796
   - Gini coefficient    : 0.000448
3. Internal Avg Degree   : 3.2173 (Mean of per-block avg)
4. Block Graph Avg Deg   : 3.7227
5. Modularity
   - Unweighted Q        : 0.803240
   - Weighted Q          : 0.801523
==============================================
Internal edges : 1608774
External edges : 389222
Internal ratio : 0.805194
Avg block density : 0.001648
Block graph edges : 953
Block graph density : 0.007285
Locality score : 4.133296

6. Color Statistics
   Color   Blocks   Nodes   AvgNodesPerBlock
       1      103   201262            1954.00
       2      103   200813            1949.64
       3      102   199308            1954.00
       4      102   199308            1954.00
       5      102   199308            1954.00

Additional Load Imbalance Metrics
----------------------------------
Max block size / Avg block size   : 1.000449
Max color nodes / Avg color nodes : 1.006311

-------------------------------------------------
ecology2 bs = 1024, policy = 1, coloring = 1

==============================================
  Partitioning Evaluation Report
==============================================
1. Total Blocks          : 1024
   Total Colors          : 6
2. Nodes per Block
   - Average             : 976.56
   - Maximum             : 977
   - Minimum             : 528
   - Stddev              : 14.024397
   - Gini coefficient    : 0.000449
3. Internal Avg Degree   : 3.8057 (Mean of per-block avg)
4. Block Graph Avg Deg   : 6.0391
5. Modularity
   - Unweighted Q        : 0.951434
   - Weighted Q          : 0.951454
==============================================
Internal edges : 1902912
External edges : 95084
Internal ratio : 0.952410
Avg block density : 0.003902
Block graph edges : 3092
Block graph density : 0.005903
Locality score : 20.012746

6. Color Statistics
   Color   Blocks   Nodes   AvgNodesPerBlock
       1      251   245227             977.00
       2      250   243801             975.20
       3      243   237411             977.00
       4      224   218848             977.00
       5       55   53735             977.00
       6        1     977             977.00

Additional Load Imbalance Metrics
----------------------------------
Max block size / Avg block size   : 1.000449
Max color nodes / Avg color nodes : 1.471363

-------------------------------------------------
ecology2 bs = 1024, policy = 1, coloring = 2

==============================================
  Partitioning Evaluation Report
==============================================
1. Total Blocks          : 1024
   Total Colors          : 6
2. Nodes per Block
   - Average             : 976.56
   - Maximum             : 977
   - Minimum             : 528
   - Stddev              : 14.024397
   - Gini coefficient    : 0.000449
3. Internal Avg Degree   : 3.8057 (Mean of per-block avg)
4. Block Graph Avg Deg   : 6.0391
5. Modularity
   - Unweighted Q        : 0.951434
   - Weighted Q          : 0.951454
==============================================
Internal edges : 1902912
External edges : 95084
Internal ratio : 0.952410
Avg block density : 0.003902
Block graph edges : 3092
Block graph density : 0.005903
Locality score : 20.012746

6. Color Statistics
   Color   Blocks   Nodes   AvgNodesPerBlock
       1      184   179768             977.00
       2      184   179319             974.56
       3      184   179768             977.00
       4      184   179768             977.00
       5      184   179768             977.00
       6      104   101608             977.00

Additional Load Imbalance Metrics
----------------------------------
Max block size / Avg block size   : 1.000449
Max color nodes / Avg color nodes : 1.078609

-------------------------------------------------
ecology2 bs = 1024, policy = 1, coloring = 3

==============================================
  Partitioning Evaluation Report
==============================================
1. Total Blocks          : 1024
   Total Colors          : 6
2. Nodes per Block
   - Average             : 976.56
   - Maximum             : 977
   - Minimum             : 528
   - Stddev              : 14.024397
   - Gini coefficient    : 0.000449
3. Internal Avg Degree   : 3.8057 (Mean of per-block avg)
4. Block Graph Avg Deg   : 6.0391
5. Modularity
   - Unweighted Q        : 0.951434
   - Weighted Q          : 0.951454
==============================================
Internal edges : 1902912
External edges : 95084
Internal ratio : 0.952410
Avg block density : 0.003902
Block graph edges : 3092
Block graph density : 0.005903
Locality score : 20.012746

6. Color Statistics
   Color   Blocks   Nodes   AvgNodesPerBlock
       1      171   167067             977.00
       2      171   166618             974.37
       3      171   167067             977.00
       4      171   167067             977.00
       5      170   166090             977.00
       6      170   166090             977.00

Additional Load Imbalance Metrics
----------------------------------
Max block size / Avg block size   : 1.000449
Max color nodes / Avg color nodes : 1.002403

-------------------------------------------------
ecology2 bs = 1024, policy = 2, coloring = 1

==============================================
  Partitioning Evaluation Report
==============================================
1. Total Blocks          : 1024
   Total Colors          : 4
2. Nodes per Block
   - Average             : 976.56
   - Maximum             : 977
   - Minimum             : 528
   - Stddev              : 14.024397
   - Gini coefficient    : 0.000449
3. Internal Avg Degree   : 2.7386 (Mean of per-block avg)
4. Block Graph Avg Deg   : 3.9941
5. Modularity
   - Unweighted Q        : 0.684437
   - Weighted Q          : 0.683386
==============================================
Internal edges : 1369454
External edges : 628542
Internal ratio : 0.685414
Avg block density : 0.002808
Block graph edges : 2045
Block graph density : 0.003904
Locality score : 2.178775

6. Color Statistics
   Color   Blocks   Nodes   AvgNodesPerBlock
       1      345   336616             975.70
       2      335   327295             977.00
       3      334   326318             977.00
       4       10    9770             977.00

Additional Load Imbalance Metrics
----------------------------------
Max block size / Avg block size   : 1.000449
Max color nodes / Avg color nodes : 1.346465

-------------------------------------------------
ecology2 bs = 1024, policy = 2, coloring = 2

==============================================
  Partitioning Evaluation Report
==============================================
1. Total Blocks          : 1024
   Total Colors          : 4
2. Nodes per Block
   - Average             : 976.56
   - Maximum             : 977
   - Minimum             : 528
   - Stddev              : 14.024397
   - Gini coefficient    : 0.000449
3. Internal Avg Degree   : 2.7386 (Mean of per-block avg)
4. Block Graph Avg Deg   : 3.9941
5. Modularity
   - Unweighted Q        : 0.684437
   - Weighted Q          : 0.683386
==============================================
Internal edges : 1369454
External edges : 628542
Internal ratio : 0.685414
Avg block density : 0.002808
Block graph edges : 2045
Block graph density : 0.003904
Locality score : 2.178775

6. Color Statistics
   Color   Blocks   Nodes   AvgNodesPerBlock
       1      270   263790             977.00
       2      258   251617             975.26
       3      257   251089             977.00
       4      239   233503             977.00

Additional Load Imbalance Metrics
----------------------------------
Max block size / Avg block size   : 1.000449
Max color nodes / Avg color nodes : 1.055161

-------------------------------------------------
ecology2 bs = 1024, policy = 2, coloring = 3

==============================================
  Partitioning Evaluation Report
==============================================
1. Total Blocks          : 1024
   Total Colors          : 4
2. Nodes per Block
   - Average             : 976.56
   - Maximum             : 977
   - Minimum             : 528
   - Stddev              : 14.024397
   - Gini coefficient    : 0.000449
3. Internal Avg Degree   : 2.7386 (Mean of per-block avg)
4. Block Graph Avg Deg   : 3.9941
5. Modularity
   - Unweighted Q        : 0.684437
   - Weighted Q          : 0.683386
==============================================
Internal edges : 1369454
External edges : 628542
Internal ratio : 0.685414
Avg block density : 0.002808
Block graph edges : 2045
Block graph density : 0.003904
Locality score : 2.178775

6. Color Statistics
   Color   Blocks   Nodes   AvgNodesPerBlock
       1      268   261387             975.32
       2      267   260859             977.00
       3      267   260859             977.00
       4      222   216894             977.00

Additional Load Imbalance Metrics
----------------------------------
Max block size / Avg block size   : 1.000449
Max color nodes / Avg color nodes : 1.045549

-------------------------------------------------
ecology2 bs = 1024, policy = 3, coloring = 1

==============================================
  Partitioning Evaluation Report
==============================================
1. Total Blocks          : 1024
   Total Colors          : 5
2. Nodes per Block
   - Average             : 976.56
   - Maximum             : 977
   - Minimum             : 528
   - Stddev              : 14.024397
   - Gini coefficient    : 0.000449
3. Internal Avg Degree   : 2.8696 (Mean of per-block avg)
4. Block Graph Avg Deg   : 4.5977
5. Modularity
   - Unweighted Q        : 0.717230
   - Weighted Q          : 0.714131
==============================================
Internal edges : 1434974
External edges : 563022
Internal ratio : 0.718207
Avg block density : 0.002942
Block graph edges : 2354
Block graph density : 0.004494
Locality score : 2.548695

6. Color Statistics
   Color   Blocks   Nodes   AvgNodesPerBlock
       1      307   299490             975.54
       2      298   291146             977.00
       3      278   271606             977.00
       4      122   119194             977.00
       5       19   18563             977.00

Additional Load Imbalance Metrics
----------------------------------
Max block size / Avg block size   : 1.000449
Max color nodes / Avg color nodes : 1.497451

-------------------------------------------------
ecology2 bs = 1024, policy = 3, coloring = 2

==============================================
  Partitioning Evaluation Report
==============================================
1. Total Blocks          : 1024
   Total Colors          : 5
2. Nodes per Block
   - Average             : 976.56
   - Maximum             : 977
   - Minimum             : 528
   - Stddev              : 14.024397
   - Gini coefficient    : 0.000449
3. Internal Avg Degree   : 2.8696 (Mean of per-block avg)
4. Block Graph Avg Deg   : 4.5977
5. Modularity
   - Unweighted Q        : 0.717230
   - Weighted Q          : 0.714131
==============================================
Internal edges : 1434974
External edges : 563022
Internal ratio : 0.718207
Avg block density : 0.002942
Block graph edges : 2354
Block graph density : 0.004494
Locality score : 2.548695

6. Color Statistics
   Color   Blocks   Nodes   AvgNodesPerBlock
       1      205   200285             977.00
       2      205   200285             977.00
       3      205   200285             977.00
       4      205   199836             974.81
       5      204   199308             977.00

Additional Load Imbalance Metrics
----------------------------------
Max block size / Avg block size   : 1.000449
Max color nodes / Avg color nodes : 1.001426

-------------------------------------------------
ecology2 bs = 1024, policy = 3, coloring = 3

==============================================
  Partitioning Evaluation Report
==============================================
1. Total Blocks          : 1024
   Total Colors          : 5
2. Nodes per Block
   - Average             : 976.56
   - Maximum             : 977
   - Minimum             : 528
   - Stddev              : 14.024397
   - Gini coefficient    : 0.000449
3. Internal Avg Degree   : 2.8696 (Mean of per-block avg)
4. Block Graph Avg Deg   : 4.5977
5. Modularity
   - Unweighted Q        : 0.717230
   - Weighted Q          : 0.714131
==============================================
Internal edges : 1434974
External edges : 563022
Internal ratio : 0.718207
Avg block density : 0.002942
Block graph edges : 2354
Block graph density : 0.004494
Locality score : 2.548695

6. Color Statistics
   Color   Blocks   Nodes   AvgNodesPerBlock
       1      205   200285             977.00
       2      205   200285             977.00
       3      205   199836             974.81
       4      205   200285             977.00
       5      204   199308             977.00

Additional Load Imbalance Metrics
----------------------------------
Max block size / Avg block size   : 1.000449
Max color nodes / Avg color nodes : 1.001426

-------------------------------------------------
Emilia_923 bs = 32, policy = 1, coloring = 1

==============================================
  Partitioning Evaluation Report
==============================================
1. Total Blocks          : 32
   Total Colors          : 8
2. Nodes per Block
   - Average             : 28848.00
   - Maximum             : 28848
   - Minimum             : 28848
   - Stddev              : 0.000000
   - Gini coefficient    : 0.000000
3. Internal Avg Degree   : 39.8641 (Mean of per-block avg)
4. Block Graph Avg Deg   : 11.2500
5. Modularity
   - Unweighted Q        : 0.886860
   - Weighted Q          : 0.796038
==============================================
Internal edges : 18399984
External edges : 1641051
Internal ratio : 0.918115
Avg block density : 0.001382
Block graph edges : 180
Block graph density : 0.362903
Locality score : 11.212310

6. Color Statistics
   Color   Blocks   Nodes   AvgNodesPerBlock
       1        5   144240           28848.00
       2        5   144240           28848.00
       3        5   144240           28848.00
       4        4   115392           28848.00
       5        4   115392           28848.00
       6        4   115392           28848.00
       7        4   115392           28848.00
       8        1   28848           28848.00

Additional Load Imbalance Metrics
----------------------------------
Max block size / Avg block size   : 1.000000
Max color nodes / Avg color nodes : 1.250000

-------------------------------------------------
Emilia_923 bs = 32, policy = 1, coloring = 2

==============================================
  Partitioning Evaluation Report
==============================================
1. Total Blocks          : 32
   Total Colors          : 8
2. Nodes per Block
   - Average             : 28848.00
   - Maximum             : 28848
   - Minimum             : 28848
   - Stddev              : 0.000000
   - Gini coefficient    : 0.000000
3. Internal Avg Degree   : 39.8641 (Mean of per-block avg)
4. Block Graph Avg Deg   : 11.2500
5. Modularity
   - Unweighted Q        : 0.886860
   - Weighted Q          : 0.796038
==============================================
Internal edges : 18399984
External edges : 1641051
Internal ratio : 0.918115
Avg block density : 0.001382
Block graph edges : 180
Block graph density : 0.362903
Locality score : 11.212310

6. Color Statistics
   Color   Blocks   Nodes   AvgNodesPerBlock
       1        5   144240           28848.00
       2        4   115392           28848.00
       3        4   115392           28848.00
       4        4   115392           28848.00
       5        4   115392           28848.00
       6        4   115392           28848.00
       7        4   115392           28848.00
       8        3   86544           28848.00

Additional Load Imbalance Metrics
----------------------------------
Max block size / Avg block size   : 1.000000
Max color nodes / Avg color nodes : 1.250000

-------------------------------------------------
Emilia_923 bs = 32, policy = 1, coloring = 3

==============================================
  Partitioning Evaluation Report
==============================================
1. Total Blocks          : 32
   Total Colors          : 8
2. Nodes per Block
   - Average             : 28848.00
   - Maximum             : 28848
   - Minimum             : 28848
   - Stddev              : 0.000000
   - Gini coefficient    : 0.000000
3. Internal Avg Degree   : 39.8641 (Mean of per-block avg)
4. Block Graph Avg Deg   : 11.2500
5. Modularity
   - Unweighted Q        : 0.886860
   - Weighted Q          : 0.796038
==============================================
Internal edges : 18399984
External edges : 1641051
Internal ratio : 0.918115
Avg block density : 0.001382
Block graph edges : 180
Block graph density : 0.362903
Locality score : 11.212310

6. Color Statistics
   Color   Blocks   Nodes   AvgNodesPerBlock
       1        4   115392           28848.00
       2        4   115392           28848.00
       3        4   115392           28848.00
       4        4   115392           28848.00
       5        4   115392           28848.00
       6        4   115392           28848.00
       7        4   115392           28848.00
       8        4   115392           28848.00

Additional Load Imbalance Metrics
----------------------------------
Max block size / Avg block size   : 1.000000
Max color nodes / Avg color nodes : 1.000000

-------------------------------------------------
Emilia_923 bs = 32, policy = 2, coloring = 1

==============================================
  Partitioning Evaluation Report
==============================================
1. Total Blocks          : 32
   Total Colors          : 8
2. Nodes per Block
   - Average             : 28848.00
   - Maximum             : 28848
   - Minimum             : 28848
   - Stddev              : 0.000000
   - Gini coefficient    : 0.000000
3. Internal Avg Degree   : 38.3585 (Mean of per-block avg)
4. Block Graph Avg Deg   : 10.3125
5. Modularity
   - Unweighted Q        : 0.852187
   - Weighted Q          : 0.930305
==============================================
Internal edges : 17705040
External edges : 2335995
Internal ratio : 0.883439
Avg block density : 0.001330
Block graph edges : 165
Block graph density : 0.332661
Locality score : 7.579225

6. Color Statistics
   Color   Blocks   Nodes   AvgNodesPerBlock
       1        7   201936           28848.00
       2        6   173088           28848.00
       3        6   173088           28848.00
       4        5   144240           28848.00
       5        4   115392           28848.00
       6        2   57696           28848.00
       7        1   28848           28848.00
       8        1   28848           28848.00

Additional Load Imbalance Metrics
----------------------------------
Max block size / Avg block size   : 1.000000
Max color nodes / Avg color nodes : 1.750000

-------------------------------------------------
Emilia_923 bs = 32, policy = 2, coloring = 2

==============================================
  Partitioning Evaluation Report
==============================================
1. Total Blocks          : 32
   Total Colors          : 7
2. Nodes per Block
   - Average             : 28848.00
   - Maximum             : 28848
   - Minimum             : 28848
   - Stddev              : 0.000000
   - Gini coefficient    : 0.000000
3. Internal Avg Degree   : 38.3585 (Mean of per-block avg)
4. Block Graph Avg Deg   : 10.3125
5. Modularity
   - Unweighted Q        : 0.852187
   - Weighted Q          : 0.930305
==============================================
Internal edges : 17705040
External edges : 2335995
Internal ratio : 0.883439
Avg block density : 0.001330
Block graph edges : 165
Block graph density : 0.332661
Locality score : 7.579225

6. Color Statistics
   Color   Blocks   Nodes   AvgNodesPerBlock
       1        6   173088           28848.00
       2        6   173088           28848.00
       3        5   144240           28848.00
       4        5   144240           28848.00
       5        4   115392           28848.00
       6        4   115392           28848.00
       7        2   57696           28848.00

Additional Load Imbalance Metrics
----------------------------------
Max block size / Avg block size   : 1.000000
Max color nodes / Avg color nodes : 1.312500

-------------------------------------------------
Emilia_923 bs = 32, policy = 2, coloring = 3

==============================================
  Partitioning Evaluation Report
==============================================
1. Total Blocks          : 32
   Total Colors          : 8
2. Nodes per Block
   - Average             : 28848.00
   - Maximum             : 28848
   - Minimum             : 28848
   - Stddev              : 0.000000
   - Gini coefficient    : 0.000000
3. Internal Avg Degree   : 38.3585 (Mean of per-block avg)
4. Block Graph Avg Deg   : 10.3125
5. Modularity
   - Unweighted Q        : 0.852187
   - Weighted Q          : 0.930305
==============================================
Internal edges : 17705040
External edges : 2335995
Internal ratio : 0.883439
Avg block density : 0.001330
Block graph edges : 165
Block graph density : 0.332661
Locality score : 7.579225

6. Color Statistics
   Color   Blocks   Nodes   AvgNodesPerBlock
       1        5   144240           28848.00
       2        5   144240           28848.00
       3        4   115392           28848.00
       4        4   115392           28848.00
       5        4   115392           28848.00
       6        4   115392           28848.00
       7        4   115392           28848.00
       8        2   57696           28848.00

Additional Load Imbalance Metrics
----------------------------------
Max block size / Avg block size   : 1.000000
Max color nodes / Avg color nodes : 1.250000

-------------------------------------------------
Emilia_923 bs = 32, policy = 3, coloring = 1

==============================================
  Partitioning Evaluation Report
==============================================
1. Total Blocks          : 32
   Total Colors          : 14
2. Nodes per Block
   - Average             : 28848.00
   - Maximum             : 28848
   - Minimum             : 28848
   - Stddev              : 0.000000
   - Gini coefficient    : 0.000000
3. Internal Avg Degree   : 35.7225 (Mean of per-block avg)
4. Block Graph Avg Deg   : 22.8125
5. Modularity
   - Unweighted Q        : 0.791464
   - Weighted Q          : 0.882488
==============================================
Internal edges : 16488348
External edges : 3552687
Internal ratio : 0.822729
Avg block density : 0.001238
Block graph edges : 365
Block graph density : 0.735887
Locality score : 4.641091

6. Color Statistics
   Color   Blocks   Nodes   AvgNodesPerBlock
       1        3   86544           28848.00
       2        3   86544           28848.00
       3        3   86544           28848.00
       4        3   86544           28848.00
       5        3   86544           28848.00
       6        2   57696           28848.00
       7        2   57696           28848.00
       8        2   57696           28848.00
       9        2   57696           28848.00
      10        2   57696           28848.00
      11        2   57696           28848.00
      12        2   57696           28848.00
      13        2   57696           28848.00
      14        1   28848           28848.00

Additional Load Imbalance Metrics
----------------------------------
Max block size / Avg block size   : 1.000000
Max color nodes / Avg color nodes : 1.312500

-------------------------------------------------
Emilia_923 bs = 32, policy = 3, coloring = 2

==============================================
  Partitioning Evaluation Report
==============================================
1. Total Blocks          : 32
   Total Colors          : 15
2. Nodes per Block
   - Average             : 28848.00
   - Maximum             : 28848
   - Minimum             : 28848
   - Stddev              : 0.000000
   - Gini coefficient    : 0.000000
3. Internal Avg Degree   : 35.7225 (Mean of per-block avg)
4. Block Graph Avg Deg   : 22.8125
5. Modularity
   - Unweighted Q        : 0.791464
   - Weighted Q          : 0.882488
==============================================
Internal edges : 16488348
External edges : 3552687
Internal ratio : 0.822729
Avg block density : 0.001238
Block graph edges : 365
Block graph density : 0.735887
Locality score : 4.641091

6. Color Statistics
   Color   Blocks   Nodes   AvgNodesPerBlock
       1        3   86544           28848.00
       2        3   86544           28848.00
       3        3   86544           28848.00
       4        2   57696           28848.00
       5        2   57696           28848.00
       6        2   57696           28848.00
       7        2   57696           28848.00
       8        2   57696           28848.00
       9        2   57696           28848.00
      10        2   57696           28848.00
      11        2   57696           28848.00
      12        2   57696           28848.00
      13        2   57696           28848.00
      14        2   57696           28848.00
      15        1   28848           28848.00

Additional Load Imbalance Metrics
----------------------------------
Max block size / Avg block size   : 1.000000
Max color nodes / Avg color nodes : 1.406250

-------------------------------------------------
Emilia_923 bs = 32, policy = 3, coloring = 3

==============================================
  Partitioning Evaluation Report
==============================================
1. Total Blocks          : 32
   Total Colors          : 14
2. Nodes per Block
   - Average             : 28848.00
   - Maximum             : 28848
   - Minimum             : 28848
   - Stddev              : 0.000000
   - Gini coefficient    : 0.000000
3. Internal Avg Degree   : 35.7225 (Mean of per-block avg)
4. Block Graph Avg Deg   : 22.8125
5. Modularity
   - Unweighted Q        : 0.791464
   - Weighted Q          : 0.882488
==============================================
Internal edges : 16488348
External edges : 3552687
Internal ratio : 0.822729
Avg block density : 0.001238
Block graph edges : 365
Block graph density : 0.735887
Locality score : 4.641091

6. Color Statistics
   Color   Blocks   Nodes   AvgNodesPerBlock
       1        3   86544           28848.00
       2        3   86544           28848.00
       3        3   86544           28848.00
       4        3   86544           28848.00
       5        3   86544           28848.00
       6        2   57696           28848.00
       7        2   57696           28848.00
       8        2   57696           28848.00
       9        2   57696           28848.00
      10        2   57696           28848.00
      11        2   57696           28848.00
      12        2   57696           28848.00
      13        2   57696           28848.00
      14        1   28848           28848.00

Additional Load Imbalance Metrics
----------------------------------
Max block size / Avg block size   : 1.000000
Max color nodes / Avg color nodes : 1.312500

-------------------------------------------------
Emilia_923 bs = 64, policy = 1, coloring = 1

==============================================
  Partitioning Evaluation Report
==============================================
1. Total Blocks          : 64
   Total Colors          : 8
2. Nodes per Block
   - Average             : 14424.00
   - Maximum             : 14424
   - Minimum             : 14424
   - Stddev              : 0.000000
   - Gini coefficient    : 0.000000
3. Internal Avg Degree   : 39.0137 (Mean of per-block avg)
4. Block Graph Avg Deg   : 12.6562
5. Modularity
   - Unweighted Q        : 0.882901
   - Weighted Q          : 0.807368
==============================================
Internal edges : 18007458
External edges : 2033577
Internal ratio : 0.898529
Avg block density : 0.002705
Block graph edges : 405
Block graph density : 0.200893
Locality score : 8.855061

6. Color Statistics
   Color   Blocks   Nodes   AvgNodesPerBlock
       1        9   129816           14424.00
       2        9   129816           14424.00
       3        9   129816           14424.00
       4        9   129816           14424.00
       5        9   129816           14424.00
       6        8   115392           14424.00
       7        7   100968           14424.00
       8        4   57696           14424.00

Additional Load Imbalance Metrics
----------------------------------
Max block size / Avg block size   : 1.000000
Max color nodes / Avg color nodes : 1.125000

-------------------------------------------------
Emilia_923 bs = 64, policy = 1, coloring = 2

==============================================
  Partitioning Evaluation Report
==============================================
1. Total Blocks          : 64
   Total Colors          : 9
2. Nodes per Block
   - Average             : 14424.00
   - Maximum             : 14424
   - Minimum             : 14424
   - Stddev              : 0.000000
   - Gini coefficient    : 0.000000
3. Internal Avg Degree   : 39.0137 (Mean of per-block avg)
4. Block Graph Avg Deg   : 12.6562
5. Modularity
   - Unweighted Q        : 0.882901
   - Weighted Q          : 0.807368
==============================================
Internal edges : 18007458
External edges : 2033577
Internal ratio : 0.898529
Avg block density : 0.002705
Block graph edges : 405
Block graph density : 0.200893
Locality score : 8.855061

6. Color Statistics
   Color   Blocks   Nodes   AvgNodesPerBlock
       1        8   115392           14424.00
       2        7   100968           14424.00
       3        7   100968           14424.00
       4        7   100968           14424.00
       5        7   100968           14424.00
       6        7   100968           14424.00
       7        7   100968           14424.00
       8        7   100968           14424.00
       9        7   100968           14424.00

Additional Load Imbalance Metrics
----------------------------------
Max block size / Avg block size   : 1.000000
Max color nodes / Avg color nodes : 1.125000

-------------------------------------------------
Emilia_923 bs = 64, policy = 1, coloring = 3

==============================================
  Partitioning Evaluation Report
==============================================
1. Total Blocks          : 64
   Total Colors          : 8
2. Nodes per Block
   - Average             : 14424.00
   - Maximum             : 14424
   - Minimum             : 14424
   - Stddev              : 0.000000
   - Gini coefficient    : 0.000000
3. Internal Avg Degree   : 39.0137 (Mean of per-block avg)
4. Block Graph Avg Deg   : 12.6562
5. Modularity
   - Unweighted Q        : 0.882901
   - Weighted Q          : 0.807368
==============================================
Internal edges : 18007458
External edges : 2033577
Internal ratio : 0.898529
Avg block density : 0.002705
Block graph edges : 405
Block graph density : 0.200893
Locality score : 8.855061

6. Color Statistics
   Color   Blocks   Nodes   AvgNodesPerBlock
       1        9   129816           14424.00
       2        8   115392           14424.00
       3        8   115392           14424.00
       4        8   115392           14424.00
       5        8   115392           14424.00
       6        8   115392           14424.00
       7        8   115392           14424.00
       8        7   100968           14424.00

Additional Load Imbalance Metrics
----------------------------------
Max block size / Avg block size   : 1.000000
Max color nodes / Avg color nodes : 1.125000

-------------------------------------------------
Emilia_923 bs = 64, policy = 2, coloring = 1

==============================================
  Partitioning Evaluation Report
==============================================
1. Total Blocks          : 64
   Total Colors          : 8
2. Nodes per Block
   - Average             : 14424.00
   - Maximum             : 14424
   - Minimum             : 14424
   - Stddev              : 0.000000
   - Gini coefficient    : 0.000000
3. Internal Avg Degree   : 36.6772 (Mean of per-block avg)
4. Block Graph Avg Deg   : 11.8750
5. Modularity
   - Unweighted Q        : 0.829091
   - Weighted Q          : 0.943153
==============================================
Internal edges : 16929024
External edges : 3112011
Internal ratio : 0.844718
Avg block density : 0.002543
Block graph edges : 380
Block graph density : 0.188492
Locality score : 5.439897

6. Color Statistics
   Color   Blocks   Nodes   AvgNodesPerBlock
       1       12   173088           14424.00
       2       10   144240           14424.00
       3        9   129816           14424.00
       4        9   129816           14424.00
       5        8   115392           14424.00
       6        6   86544           14424.00
       7        6   86544           14424.00
       8        4   57696           14424.00

Additional Load Imbalance Metrics
----------------------------------
Max block size / Avg block size   : 1.000000
Max color nodes / Avg color nodes : 1.500000

-------------------------------------------------
Emilia_923 bs = 64, policy = 2, coloring = 2

==============================================
  Partitioning Evaluation Report
==============================================
1. Total Blocks          : 64
   Total Colors          : 8
2. Nodes per Block
   - Average             : 14424.00
   - Maximum             : 14424
   - Minimum             : 14424
   - Stddev              : 0.000000
   - Gini coefficient    : 0.000000
3. Internal Avg Degree   : 36.6772 (Mean of per-block avg)
4. Block Graph Avg Deg   : 11.8750
5. Modularity
   - Unweighted Q        : 0.829091
   - Weighted Q          : 0.943153
==============================================
Internal edges : 16929024
External edges : 3112011
Internal ratio : 0.844718
Avg block density : 0.002543
Block graph edges : 380
Block graph density : 0.188492
Locality score : 5.439897

6. Color Statistics
   Color   Blocks   Nodes   AvgNodesPerBlock
       1        9   129816           14424.00
       2        9   129816           14424.00
       3        9   129816           14424.00
       4        8   115392           14424.00
       5        8   115392           14424.00
       6        8   115392           14424.00
       7        7   100968           14424.00
       8        6   86544           14424.00

Additional Load Imbalance Metrics
----------------------------------
Max block size / Avg block size   : 1.000000
Max color nodes / Avg color nodes : 1.125000

-------------------------------------------------
Emilia_923 bs = 64, policy = 2, coloring = 3

==============================================
  Partitioning Evaluation Report
==============================================
1. Total Blocks          : 64
   Total Colors          : 8
2. Nodes per Block
   - Average             : 14424.00
   - Maximum             : 14424
   - Minimum             : 14424
   - Stddev              : 0.000000
   - Gini coefficient    : 0.000000
3. Internal Avg Degree   : 36.6772 (Mean of per-block avg)
4. Block Graph Avg Deg   : 11.8750
5. Modularity
   - Unweighted Q        : 0.829091
   - Weighted Q          : 0.943153
==============================================
Internal edges : 16929024
External edges : 3112011
Internal ratio : 0.844718
Avg block density : 0.002543
Block graph edges : 380
Block graph density : 0.188492
Locality score : 5.439897

6. Color Statistics
   Color   Blocks   Nodes   AvgNodesPerBlock
       1        9   129816           14424.00
       2        9   129816           14424.00
       3        9   129816           14424.00
       4        9   129816           14424.00
       5        8   115392           14424.00
       6        8   115392           14424.00
       7        6   86544           14424.00
       8        6   86544           14424.00

Additional Load Imbalance Metrics
----------------------------------
Max block size / Avg block size   : 1.000000
Max color nodes / Avg color nodes : 1.125000

-------------------------------------------------
Emilia_923 bs = 64, policy = 3, coloring = 1

==============================================
  Partitioning Evaluation Report
==============================================
1. Total Blocks          : 64
   Total Colors          : 15
2. Nodes per Block
   - Average             : 14424.00
   - Maximum             : 14424
   - Minimum             : 14424
   - Stddev              : 0.000000
   - Gini coefficient    : 0.000000
3. Internal Avg Degree   : 33.9078 (Mean of per-block avg)
4. Block Graph Avg Deg   : 29.0312
5. Modularity
   - Unweighted Q        : 0.765300
   - Weighted Q          : 0.941872
==============================================
Internal edges : 15650741
External edges : 4390294
Internal ratio : 0.780935
Avg block density : 0.002351
Block graph edges : 929
Block graph density : 0.460813
Locality score : 3.564850

6. Color Statistics
   Color   Blocks   Nodes   AvgNodesPerBlock
       1        7   100968           14424.00
       2        5   72120           14424.00
       3        5   72120           14424.00
       4        5   72120           14424.00
       5        5   72120           14424.00
       6        5   72120           14424.00
       7        5   72120           14424.00
       8        4   57696           14424.00
       9        4   57696           14424.00
      10        4   57696           14424.00
      11        4   57696           14424.00
      12        3   43272           14424.00
      13        3   43272           14424.00
      14        3   43272           14424.00
      15        2   28848           14424.00

Additional Load Imbalance Metrics
----------------------------------
Max block size / Avg block size   : 1.000000
Max color nodes / Avg color nodes : 1.640625

-------------------------------------------------
Emilia_923 bs = 64, policy = 3, coloring = 2

==============================================
  Partitioning Evaluation Report
==============================================
1. Total Blocks          : 64
   Total Colors          : 17
2. Nodes per Block
   - Average             : 14424.00
   - Maximum             : 14424
   - Minimum             : 14424
   - Stddev              : 0.000000
   - Gini coefficient    : 0.000000
3. Internal Avg Degree   : 33.9078 (Mean of per-block avg)
4. Block Graph Avg Deg   : 29.0312
5. Modularity
   - Unweighted Q        : 0.765300
   - Weighted Q          : 0.941872
==============================================
Internal edges : 15650741
External edges : 4390294
Internal ratio : 0.780935
Avg block density : 0.002351
Block graph edges : 929
Block graph density : 0.460813
Locality score : 3.564850

6. Color Statistics
   Color   Blocks   Nodes   AvgNodesPerBlock
       1        4   57696           14424.00
       2        4   57696           14424.00
       3        4   57696           14424.00
       4        4   57696           14424.00
       5        4   57696           14424.00
       6        4   57696           14424.00
       7        4   57696           14424.00
       8        4   57696           14424.00
       9        4   57696           14424.00
      10        4   57696           14424.00
      11        4   57696           14424.00
      12        4   57696           14424.00
      13        4   57696           14424.00
      14        4   57696           14424.00
      15        3   43272           14424.00
      16        3   43272           14424.00
      17        2   28848           14424.00

Additional Load Imbalance Metrics
----------------------------------
Max block size / Avg block size   : 1.000000
Max color nodes / Avg color nodes : 1.062500

-------------------------------------------------
Emilia_923 bs = 64, policy = 3, coloring = 3

==============================================
  Partitioning Evaluation Report
==============================================
1. Total Blocks          : 64
   Total Colors          : 15
2. Nodes per Block
   - Average             : 14424.00
   - Maximum             : 14424
   - Minimum             : 14424
   - Stddev              : 0.000000
   - Gini coefficient    : 0.000000
3. Internal Avg Degree   : 33.9078 (Mean of per-block avg)
4. Block Graph Avg Deg   : 29.0312
5. Modularity
   - Unweighted Q        : 0.765300
   - Weighted Q          : 0.941872
==============================================
Internal edges : 15650741
External edges : 4390294
Internal ratio : 0.780935
Avg block density : 0.002351
Block graph edges : 929
Block graph density : 0.460813
Locality score : 3.564850

6. Color Statistics
   Color   Blocks   Nodes   AvgNodesPerBlock
       1        5   72120           14424.00
       2        5   72120           14424.00
       3        5   72120           14424.00
       4        5   72120           14424.00
       5        5   72120           14424.00
       6        5   72120           14424.00
       7        4   57696           14424.00
       8        4   57696           14424.00
       9        4   57696           14424.00
      10        4   57696           14424.00
      11        4   57696           14424.00
      12        4   57696           14424.00
      13        4   57696           14424.00
      14        3   43272           14424.00
      15        3   43272           14424.00

Additional Load Imbalance Metrics
----------------------------------
Max block size / Avg block size   : 1.000000
Max color nodes / Avg color nodes : 1.171875

-------------------------------------------------
Emilia_923 bs = 128, policy = 1, coloring = 1

==============================================
  Partitioning Evaluation Report
==============================================
1. Total Blocks          : 128
   Total Colors          : 9
2. Nodes per Block
   - Average             : 7212.00
   - Maximum             : 7212
   - Minimum             : 7212
   - Stddev              : 0.000000
   - Gini coefficient    : 0.000000
3. Internal Avg Degree   : 37.9288 (Mean of per-block avg)
4. Block Graph Avg Deg   : 14.0781
5. Modularity
   - Unweighted Q        : 0.865729
   - Weighted Q          : 0.810054
==============================================
Internal edges : 17506716
External edges : 2534319
Internal ratio : 0.873544
Avg block density : 0.005260
Block graph edges : 901
Block graph density : 0.110851
Locality score : 6.907855

6. Color Statistics
   Color   Blocks   Nodes   AvgNodesPerBlock
       1       18   129816            7212.00
       2       17   122604            7212.00
       3       16   115392            7212.00
       4       16   115392            7212.00
       5       16   115392            7212.00
       6       15   108180            7212.00
       7       13   93756            7212.00
       8       10   72120            7212.00
       9        7   50484            7212.00

Additional Load Imbalance Metrics
----------------------------------
Max block size / Avg block size   : 1.000000
Max color nodes / Avg color nodes : 1.265625

-------------------------------------------------
Emilia_923 bs = 128, policy = 1, coloring = 2

==============================================
  Partitioning Evaluation Report
==============================================
1. Total Blocks          : 128
   Total Colors          : 11
2. Nodes per Block
   - Average             : 7212.00
   - Maximum             : 7212
   - Minimum             : 7212
   - Stddev              : 0.000000
   - Gini coefficient    : 0.000000
3. Internal Avg Degree   : 37.9288 (Mean of per-block avg)
4. Block Graph Avg Deg   : 14.0781
5. Modularity
   - Unweighted Q        : 0.865729
   - Weighted Q          : 0.810054
==============================================
Internal edges : 17506716
External edges : 2534319
Internal ratio : 0.873544
Avg block density : 0.005260
Block graph edges : 901
Block graph density : 0.110851
Locality score : 6.907855

6. Color Statistics
   Color   Blocks   Nodes   AvgNodesPerBlock
       1       12   86544            7212.00
       2       12   86544            7212.00
       3       12   86544            7212.00
       4       12   86544            7212.00
       5       12   86544            7212.00
       6       12   86544            7212.00
       7       12   86544            7212.00
       8       11   79332            7212.00
       9       11   79332            7212.00
      10       11   79332            7212.00
      11       11   79332            7212.00

Additional Load Imbalance Metrics
----------------------------------
Max block size / Avg block size   : 1.000000
Max color nodes / Avg color nodes : 1.031250

-------------------------------------------------
Emilia_923 bs = 128, policy = 1, coloring = 3

==============================================
  Partitioning Evaluation Report
==============================================
1. Total Blocks          : 128
   Total Colors          : 9
2. Nodes per Block
   - Average             : 7212.00
   - Maximum             : 7212
   - Minimum             : 7212
   - Stddev              : 0.000000
   - Gini coefficient    : 0.000000
3. Internal Avg Degree   : 37.9288 (Mean of per-block avg)
4. Block Graph Avg Deg   : 14.0781
5. Modularity
   - Unweighted Q        : 0.865729
   - Weighted Q          : 0.810054
==============================================
Internal edges : 17506716
External edges : 2534319
Internal ratio : 0.873544
Avg block density : 0.005260
Block graph edges : 901
Block graph density : 0.110851
Locality score : 6.907855

6. Color Statistics
   Color   Blocks   Nodes   AvgNodesPerBlock
       1       15   108180            7212.00
       2       15   108180            7212.00
       3       14   100968            7212.00
       4       14   100968            7212.00
       5       14   100968            7212.00
       6       14   100968            7212.00
       7       14   100968            7212.00
       8       14   100968            7212.00
       9       14   100968            7212.00

Additional Load Imbalance Metrics
----------------------------------
Max block size / Avg block size   : 1.000000
Max color nodes / Avg color nodes : 1.054688

-------------------------------------------------
Emilia_923 bs = 128, policy = 2, coloring = 1

==============================================
  Partitioning Evaluation Report
==============================================
1. Total Blocks          : 128
   Total Colors          : 11
2. Nodes per Block
   - Average             : 7212.00
   - Maximum             : 7212
   - Minimum             : 7212
   - Stddev              : 0.000000
   - Gini coefficient    : 0.000000
3. Internal Avg Degree   : 35.6124 (Mean of per-block avg)
4. Block Graph Avg Deg   : 16.2344
5. Modularity
   - Unweighted Q        : 0.812381
   - Weighted Q          : 0.942837
==============================================
Internal edges : 16437561
External edges : 3603474
Internal ratio : 0.820195
Avg block density : 0.004939
Block graph edges : 1039
Block graph density : 0.127830
Locality score : 4.561586

6. Color Statistics
   Color   Blocks   Nodes   AvgNodesPerBlock
       1       18   129816            7212.00
       2       17   122604            7212.00
       3       16   115392            7212.00
       4       14   100968            7212.00
       5       14   100968            7212.00
       6       14   100968            7212.00
       7       12   86544            7212.00
       8       10   72120            7212.00
       9        7   50484            7212.00
      10        5   36060            7212.00
      11        1    7212            7212.00

Additional Load Imbalance Metrics
----------------------------------
Max block size / Avg block size   : 1.000000
Max color nodes / Avg color nodes : 1.546875

-------------------------------------------------
Emilia_923 bs = 128, policy = 2, coloring = 2

==============================================
  Partitioning Evaluation Report
==============================================
1. Total Blocks          : 128
   Total Colors          : 11
2. Nodes per Block
   - Average             : 7212.00
   - Maximum             : 7212
   - Minimum             : 7212
   - Stddev              : 0.000000
   - Gini coefficient    : 0.000000
3. Internal Avg Degree   : 35.6124 (Mean of per-block avg)
4. Block Graph Avg Deg   : 16.2344
5. Modularity
   - Unweighted Q        : 0.812381
   - Weighted Q          : 0.942837
==============================================
Internal edges : 16437561
External edges : 3603474
Internal ratio : 0.820195
Avg block density : 0.004939
Block graph edges : 1039
Block graph density : 0.127830
Locality score : 4.561586

6. Color Statistics
   Color   Blocks   Nodes   AvgNodesPerBlock
       1       13   93756            7212.00
       2       12   86544            7212.00
       3       12   86544            7212.00
       4       12   86544            7212.00
       5       12   86544            7212.00
       6       12   86544            7212.00
       7       12   86544            7212.00
       8       12   86544            7212.00
       9       11   79332            7212.00
      10       11   79332            7212.00
      11        9   64908            7212.00

Additional Load Imbalance Metrics
----------------------------------
Max block size / Avg block size   : 1.000000
Max color nodes / Avg color nodes : 1.117188

-------------------------------------------------
Emilia_923 bs = 128, policy = 2, coloring = 3

==============================================
  Partitioning Evaluation Report
==============================================
1. Total Blocks          : 128
   Total Colors          : 11
2. Nodes per Block
   - Average             : 7212.00
   - Maximum             : 7212
   - Minimum             : 7212
   - Stddev              : 0.000000
   - Gini coefficient    : 0.000000
3. Internal Avg Degree   : 35.6124 (Mean of per-block avg)
4. Block Graph Avg Deg   : 16.2344
5. Modularity
   - Unweighted Q        : 0.812381
   - Weighted Q          : 0.942837
==============================================
Internal edges : 16437561
External edges : 3603474
Internal ratio : 0.820195
Avg block density : 0.004939
Block graph edges : 1039
Block graph density : 0.127830
Locality score : 4.561586

6. Color Statistics
   Color   Blocks   Nodes   AvgNodesPerBlock
       1       12   86544            7212.00
       2       12   86544            7212.00
       3       12   86544            7212.00
       4       12   86544            7212.00
       5       12   86544            7212.00
       6       12   86544            7212.00
       7       12   86544            7212.00
       8       12   86544            7212.00
       9       11   79332            7212.00
      10       11   79332            7212.00
      11       10   72120            7212.00

Additional Load Imbalance Metrics
----------------------------------
Max block size / Avg block size   : 1.000000
Max color nodes / Avg color nodes : 1.031250

-------------------------------------------------
Emilia_923 bs = 128, policy = 3, coloring = 1

==============================================
  Partitioning Evaluation Report
==============================================
1. Total Blocks          : 128
   Total Colors          : 16
2. Nodes per Block
   - Average             : 7212.00
   - Maximum             : 7212
   - Minimum             : 7212
   - Stddev              : 0.000000
   - Gini coefficient    : 0.000000
3. Internal Avg Degree   : 31.7452 (Mean of per-block avg)
4. Block Graph Avg Deg   : 28.3125
5. Modularity
   - Unweighted Q        : 0.723307
   - Weighted Q          : 0.965129
==============================================
Internal edges : 14652549
External edges : 5388486
Internal ratio : 0.731127
Avg block density : 0.004402
Block graph edges : 1812
Block graph density : 0.222933
Locality score : 2.719233

6. Color Statistics
   Color   Blocks   Nodes   AvgNodesPerBlock
       1       12   86544            7212.00
       2       11   79332            7212.00
       3       11   79332            7212.00
       4       10   72120            7212.00
       5       10   72120            7212.00
       6       10   72120            7212.00
       7       10   72120            7212.00
       8       10   72120            7212.00
       9        9   64908            7212.00
      10        9   64908            7212.00
      11        7   50484            7212.00
      12        5   36060            7212.00
      13        5   36060            7212.00
      14        4   28848            7212.00
      15        4   28848            7212.00
      16        1    7212            7212.00

Additional Load Imbalance Metrics
----------------------------------
Max block size / Avg block size   : 1.000000
Max color nodes / Avg color nodes : 1.500000

-------------------------------------------------
Emilia_923 bs = 128, policy = 3, coloring = 2

==============================================
  Partitioning Evaluation Report
==============================================
1. Total Blocks          : 128
   Total Colors          : 17
2. Nodes per Block
   - Average             : 7212.00
   - Maximum             : 7212
   - Minimum             : 7212
   - Stddev              : 0.000000
   - Gini coefficient    : 0.000000
3. Internal Avg Degree   : 31.7452 (Mean of per-block avg)
4. Block Graph Avg Deg   : 28.3125
5. Modularity
   - Unweighted Q        : 0.723307
   - Weighted Q          : 0.965129
==============================================
Internal edges : 14652549
External edges : 5388486
Internal ratio : 0.731127
Avg block density : 0.004402
Block graph edges : 1812
Block graph density : 0.222933
Locality score : 2.719233

6. Color Statistics
   Color   Blocks   Nodes   AvgNodesPerBlock
       1        8   57696            7212.00
       2        8   57696            7212.00
       3        8   57696            7212.00
       4        8   57696            7212.00
       5        8   57696            7212.00
       6        8   57696            7212.00
       7        8   57696            7212.00
       8        8   57696            7212.00
       9        8   57696            7212.00
      10        8   57696            7212.00
      11        8   57696            7212.00
      12        8   57696            7212.00
      13        7   50484            7212.00
      14        7   50484            7212.00
      15        7   50484            7212.00
      16        7   50484            7212.00
      17        4   28848            7212.00

Additional Load Imbalance Metrics
----------------------------------
Max block size / Avg block size   : 1.000000
Max color nodes / Avg color nodes : 1.062500

-------------------------------------------------
Emilia_923 bs = 128, policy = 3, coloring = 3

==============================================
  Partitioning Evaluation Report
==============================================
1. Total Blocks          : 128
   Total Colors          : 16
2. Nodes per Block
   - Average             : 7212.00
   - Maximum             : 7212
   - Minimum             : 7212
   - Stddev              : 0.000000
   - Gini coefficient    : 0.000000
3. Internal Avg Degree   : 31.7452 (Mean of per-block avg)
4. Block Graph Avg Deg   : 28.3125
5. Modularity
   - Unweighted Q        : 0.723307
   - Weighted Q          : 0.965129
==============================================
Internal edges : 14652549
External edges : 5388486
Internal ratio : 0.731127
Avg block density : 0.004402
Block graph edges : 1812
Block graph density : 0.222933
Locality score : 2.719233

6. Color Statistics
   Color   Blocks   Nodes   AvgNodesPerBlock
       1        9   64908            7212.00
       2        9   64908            7212.00
       3        9   64908            7212.00
       4        9   64908            7212.00
       5        9   64908            7212.00
       6        8   57696            7212.00
       7        8   57696            7212.00
       8        8   57696            7212.00
       9        8   57696            7212.00
      10        8   57696            7212.00
      11        8   57696            7212.00
      12        8   57696            7212.00
      13        8   57696            7212.00
      14        8   57696            7212.00
      15        7   50484            7212.00
      16        4   28848            7212.00

Additional Load Imbalance Metrics
----------------------------------
Max block size / Avg block size   : 1.000000
Max color nodes / Avg color nodes : 1.125000

-------------------------------------------------
Emilia_923 bs = 256, policy = 1, coloring = 1

==============================================
  Partitioning Evaluation Report
==============================================
1. Total Blocks          : 256
   Total Colors          : 9
2. Nodes per Block
   - Average             : 3606.00
   - Maximum             : 3606
   - Minimum             : 3606
   - Stddev              : 0.000000
   - Gini coefficient    : 0.000000
3. Internal Avg Degree   : 36.4890 (Mean of per-block avg)
4. Block Graph Avg Deg   : 14.3828
5. Modularity
   - Unweighted Q        : 0.836476
   - Weighted Q          : 0.796009
==============================================
Internal edges : 16842156
External edges : 3198879
Internal ratio : 0.840384
Avg block density : 0.010122
Block graph edges : 1841
Block graph density : 0.056403
Locality score : 5.265017

6. Color Statistics
   Color   Blocks   Nodes   AvgNodesPerBlock
       1       36   129816            3606.00
       2       34   122604            3606.00
       3       32   115392            3606.00
       4       32   115392            3606.00
       5       31   111786            3606.00
       6       31   111786            3606.00
       7       29   104574            3606.00
       8       22   79332            3606.00
       9        9   32454            3606.00

Additional Load Imbalance Metrics
----------------------------------
Max block size / Avg block size   : 1.000000
Max color nodes / Avg color nodes : 1.265625

-------------------------------------------------
Emilia_923 bs = 256, policy = 1, coloring = 2

==============================================
  Partitioning Evaluation Report
==============================================
1. Total Blocks          : 256
   Total Colors          : 11
2. Nodes per Block
   - Average             : 3606.00
   - Maximum             : 3606
   - Minimum             : 3606
   - Stddev              : 0.000000
   - Gini coefficient    : 0.000000
3. Internal Avg Degree   : 36.4890 (Mean of per-block avg)
4. Block Graph Avg Deg   : 14.3828
5. Modularity
   - Unweighted Q        : 0.836476
   - Weighted Q          : 0.796009
==============================================
Internal edges : 16842156
External edges : 3198879
Internal ratio : 0.840384
Avg block density : 0.010122
Block graph edges : 1841
Block graph density : 0.056403
Locality score : 5.265017

6. Color Statistics
   Color   Blocks   Nodes   AvgNodesPerBlock
       1       24   86544            3606.00
       2       24   86544            3606.00
       3       24   86544            3606.00
       4       24   86544            3606.00
       5       23   82938            3606.00
       6       23   82938            3606.00
       7       23   82938            3606.00
       8       23   82938            3606.00
       9       23   82938            3606.00
      10       23   82938            3606.00
      11       22   79332            3606.00

Additional Load Imbalance Metrics
----------------------------------
Max block size / Avg block size   : 1.000000
Max color nodes / Avg color nodes : 1.031250

-------------------------------------------------
Emilia_923 bs = 256, policy = 1, coloring = 3

==============================================
  Partitioning Evaluation Report
==============================================
1. Total Blocks          : 256
   Total Colors          : 9
2. Nodes per Block
   - Average             : 3606.00
   - Maximum             : 3606
   - Minimum             : 3606
   - Stddev              : 0.000000
   - Gini coefficient    : 0.000000
3. Internal Avg Degree   : 36.4890 (Mean of per-block avg)
4. Block Graph Avg Deg   : 14.3828
5. Modularity
   - Unweighted Q        : 0.836476
   - Weighted Q          : 0.796009
==============================================
Internal edges : 16842156
External edges : 3198879
Internal ratio : 0.840384
Avg block density : 0.010122
Block graph edges : 1841
Block graph density : 0.056403
Locality score : 5.265017

6. Color Statistics
   Color   Blocks   Nodes   AvgNodesPerBlock
       1       29   104574            3606.00
       2       29   104574            3606.00
       3       29   104574            3606.00
       4       29   104574            3606.00
       5       28   100968            3606.00
       6       28   100968            3606.00
       7       28   100968            3606.00
       8       28   100968            3606.00
       9       28   100968            3606.00

Additional Load Imbalance Metrics
----------------------------------
Max block size / Avg block size   : 1.000000
Max color nodes / Avg color nodes : 1.019531

-------------------------------------------------
Emilia_923 bs = 256, policy = 2, coloring = 1

==============================================
  Partitioning Evaluation Report
==============================================
1. Total Blocks          : 256
   Total Colors          : 11
2. Nodes per Block
   - Average             : 3606.00
   - Maximum             : 3606
   - Minimum             : 3606
   - Stddev              : 0.000000
   - Gini coefficient    : 0.000000
3. Internal Avg Degree   : 34.9810 (Mean of per-block avg)
4. Block Graph Avg Deg   : 21.6172
5. Modularity
   - Unweighted Q        : 0.801746
   - Weighted Q          : 0.937310
==============================================
Internal edges : 16146123
External edges : 3894912
Internal ratio : 0.805653
Avg block density : 0.009703
Block graph edges : 2767
Block graph density : 0.084773
Locality score : 4.145439

6. Color Statistics
   Color   Blocks   Nodes   AvgNodesPerBlock
       1       28   100968            3606.00
       2       28   100968            3606.00
       3       28   100968            3606.00
       4       27   97362            3606.00
       5       27   97362            3606.00
       6       26   93756            3606.00
       7       26   93756            3606.00
       8       25   90150            3606.00
       9       24   86544            3606.00
      10       13   46878            3606.00
      11        4   14424            3606.00

Additional Load Imbalance Metrics
----------------------------------
Max block size / Avg block size   : 1.000000
Max color nodes / Avg color nodes : 1.203125

-------------------------------------------------
Emilia_923 bs = 256, policy = 2, coloring = 2

==============================================
  Partitioning Evaluation Report
==============================================
1. Total Blocks          : 256
   Total Colors          : 13
2. Nodes per Block
   - Average             : 3606.00
   - Maximum             : 3606
   - Minimum             : 3606
   - Stddev              : 0.000000
   - Gini coefficient    : 0.000000
3. Internal Avg Degree   : 34.9810 (Mean of per-block avg)
4. Block Graph Avg Deg   : 21.6172
5. Modularity
   - Unweighted Q        : 0.801746
   - Weighted Q          : 0.937310
==============================================
Internal edges : 16146123
External edges : 3894912
Internal ratio : 0.805653
Avg block density : 0.009703
Block graph edges : 2767
Block graph density : 0.084773
Locality score : 4.145439

6. Color Statistics
   Color   Blocks   Nodes   AvgNodesPerBlock
       1       20   72120            3606.00
       2       20   72120            3606.00
       3       20   72120            3606.00
       4       20   72120            3606.00
       5       20   72120            3606.00
       6       20   72120            3606.00
       7       20   72120            3606.00
       8       20   72120            3606.00
       9       20   72120            3606.00
      10       19   68514            3606.00
      11       19   68514            3606.00
      12       19   68514            3606.00
      13       19   68514            3606.00

Additional Load Imbalance Metrics
----------------------------------
Max block size / Avg block size   : 1.000000
Max color nodes / Avg color nodes : 1.015625

-------------------------------------------------
Emilia_923 bs = 256, policy = 2, coloring = 3

==============================================
  Partitioning Evaluation Report
==============================================
1. Total Blocks          : 256
   Total Colors          : 11
2. Nodes per Block
   - Average             : 3606.00
   - Maximum             : 3606
   - Minimum             : 3606
   - Stddev              : 0.000000
   - Gini coefficient    : 0.000000
3. Internal Avg Degree   : 34.9810 (Mean of per-block avg)
4. Block Graph Avg Deg   : 21.6172
5. Modularity
   - Unweighted Q        : 0.801746
   - Weighted Q          : 0.937310
==============================================
Internal edges : 16146123
External edges : 3894912
Internal ratio : 0.805653
Avg block density : 0.009703
Block graph edges : 2767
Block graph density : 0.084773
Locality score : 4.145439

6. Color Statistics
   Color   Blocks   Nodes   AvgNodesPerBlock
       1       24   86544            3606.00
       2       24   86544            3606.00
       3       24   86544            3606.00
       4       23   82938            3606.00
       5       23   82938            3606.00
       6       23   82938            3606.00
       7       23   82938            3606.00
       8       23   82938            3606.00
       9       23   82938            3606.00
      10       23   82938            3606.00
      11       23   82938            3606.00

Additional Load Imbalance Metrics
----------------------------------
Max block size / Avg block size   : 1.000000
Max color nodes / Avg color nodes : 1.031250

-------------------------------------------------
Emilia_923 bs = 256, policy = 3, coloring = 1

==============================================
  Partitioning Evaluation Report
==============================================
1. Total Blocks          : 256
   Total Colors          : 14
2. Nodes per Block
   - Average             : 3606.00
   - Maximum             : 3606
   - Minimum             : 3606
   - Stddev              : 0.000000
   - Gini coefficient    : 0.000000
3. Internal Avg Degree   : 29.0164 (Mean of per-block avg)
4. Block Graph Avg Deg   : 28.1484
5. Modularity
   - Unweighted Q        : 0.664370
   - Weighted Q          : 0.976113
==============================================
Internal edges : 13393045
External edges : 6647990
Internal ratio : 0.668281
Avg block density : 0.008049
Block graph edges : 3603
Block graph density : 0.110386
Locality score : 2.014600

6. Color Statistics
   Color   Blocks   Nodes   AvgNodesPerBlock
       1       26   93756            3606.00
       2       24   86544            3606.00
       3       24   86544            3606.00
       4       23   82938            3606.00
       5       22   79332            3606.00
       6       21   75726            3606.00
       7       19   68514            3606.00
       8       19   68514            3606.00
       9       19   68514            3606.00
      10       16   57696            3606.00
      11       16   57696            3606.00
      12       12   43272            3606.00
      13        9   32454            3606.00
      14        6   21636            3606.00

Additional Load Imbalance Metrics
----------------------------------
Max block size / Avg block size   : 1.000000
Max color nodes / Avg color nodes : 1.421875

-------------------------------------------------
Emilia_923 bs = 256, policy = 3, coloring = 2

==============================================
  Partitioning Evaluation Report
==============================================
1. Total Blocks          : 256
   Total Colors          : 16
2. Nodes per Block
   - Average             : 3606.00
   - Maximum             : 3606
   - Minimum             : 3606
   - Stddev              : 0.000000
   - Gini coefficient    : 0.000000
3. Internal Avg Degree   : 29.0164 (Mean of per-block avg)
4. Block Graph Avg Deg   : 28.1484
5. Modularity
   - Unweighted Q        : 0.664370
   - Weighted Q          : 0.976113
==============================================
Internal edges : 13393045
External edges : 6647990
Internal ratio : 0.668281
Avg block density : 0.008049
Block graph edges : 3603
Block graph density : 0.110386
Locality score : 2.014600

6. Color Statistics
   Color   Blocks   Nodes   AvgNodesPerBlock
       1       17   61302            3606.00
       2       17   61302            3606.00
       3       17   61302            3606.00
       4       17   61302            3606.00
       5       16   57696            3606.00
       6       16   57696            3606.00
       7       16   57696            3606.00
       8       16   57696            3606.00
       9       16   57696            3606.00
      10       16   57696            3606.00
      11       16   57696            3606.00
      12       16   57696            3606.00
      13       16   57696            3606.00
      14       16   57696            3606.00
      15       16   57696            3606.00
      16       12   43272            3606.00

Additional Load Imbalance Metrics
----------------------------------
Max block size / Avg block size   : 1.000000
Max color nodes / Avg color nodes : 1.062500

-------------------------------------------------
Emilia_923 bs = 256, policy = 3, coloring = 3

==============================================
  Partitioning Evaluation Report
==============================================
1. Total Blocks          : 256
   Total Colors          : 14
2. Nodes per Block
   - Average             : 3606.00
   - Maximum             : 3606
   - Minimum             : 3606
   - Stddev              : 0.000000
   - Gini coefficient    : 0.000000
3. Internal Avg Degree   : 29.0164 (Mean of per-block avg)
4. Block Graph Avg Deg   : 28.1484
5. Modularity
   - Unweighted Q        : 0.664370
   - Weighted Q          : 0.976113
==============================================
Internal edges : 13393045
External edges : 6647990
Internal ratio : 0.668281
Avg block density : 0.008049
Block graph edges : 3603
Block graph density : 0.110386
Locality score : 2.014600

6. Color Statistics
   Color   Blocks   Nodes   AvgNodesPerBlock
       1       19   68514            3606.00
       2       19   68514            3606.00
       3       19   68514            3606.00
       4       19   68514            3606.00
       5       19   68514            3606.00
       6       19   68514            3606.00
       7       19   68514            3606.00
       8       19   68514            3606.00
       9       19   68514            3606.00
      10       19   68514            3606.00
      11       18   64908            3606.00
      12       18   64908            3606.00
      13       18   64908            3606.00
      14       12   43272            3606.00

Additional Load Imbalance Metrics
----------------------------------
Max block size / Avg block size   : 1.000000
Max color nodes / Avg color nodes : 1.039062

-------------------------------------------------
Emilia_923 bs = 512, policy = 1, coloring = 1

==============================================
  Partitioning Evaluation Report
==============================================
1. Total Blocks          : 512
   Total Colors          : 10
2. Nodes per Block
   - Average             : 1803.00
   - Maximum             : 1803
   - Minimum             : 1803
   - Stddev              : 0.000000
   - Gini coefficient    : 0.000000
3. Internal Avg Degree   : 34.8579 (Mean of per-block avg)
4. Block Graph Avg Deg   : 14.8477
5. Modularity
   - Unweighted Q        : 0.800863
   - Weighted Q          : 0.768610
==============================================
Internal edges : 16089288
External edges : 3951747
Internal ratio : 0.802817
Avg block density : 0.019344
Block graph edges : 3801
Block graph density : 0.029056
Locality score : 4.071436

6. Color Statistics
   Color   Blocks   Nodes   AvgNodesPerBlock
       1       64   115392            1803.00
       2       63   113589            1803.00
       3       62   111786            1803.00
       4       62   111786            1803.00
       5       62   111786            1803.00
       6       62   111786            1803.00
       7       57   102771            1803.00
       8       52   93756            1803.00
       9       23   41469            1803.00
      10        5    9015            1803.00

Additional Load Imbalance Metrics
----------------------------------
Max block size / Avg block size   : 1.000000
Max color nodes / Avg color nodes : 1.250000

-------------------------------------------------
Emilia_923 bs = 512, policy = 1, coloring = 2

==============================================
  Partitioning Evaluation Report
==============================================
1. Total Blocks          : 512
   Total Colors          : 11
2. Nodes per Block
   - Average             : 1803.00
   - Maximum             : 1803
   - Minimum             : 1803
   - Stddev              : 0.000000
   - Gini coefficient    : 0.000000
3. Internal Avg Degree   : 34.8579 (Mean of per-block avg)
4. Block Graph Avg Deg   : 14.8477
5. Modularity
   - Unweighted Q        : 0.800863
   - Weighted Q          : 0.768610
==============================================
Internal edges : 16089288
External edges : 3951747
Internal ratio : 0.802817
Avg block density : 0.019344
Block graph edges : 3801
Block graph density : 0.029056
Locality score : 4.071436

6. Color Statistics
   Color   Blocks   Nodes   AvgNodesPerBlock
       1       47   84741            1803.00
       2       47   84741            1803.00
       3       47   84741            1803.00
       4       47   84741            1803.00
       5       47   84741            1803.00
       6       47   84741            1803.00
       7       46   82938            1803.00
       8       46   82938            1803.00
       9       46   82938            1803.00
      10       46   82938            1803.00
      11       46   82938            1803.00

Additional Load Imbalance Metrics
----------------------------------
Max block size / Avg block size   : 1.000000
Max color nodes / Avg color nodes : 1.009766

-------------------------------------------------
Emilia_923 bs = 512, policy = 1, coloring = 3

==============================================
  Partitioning Evaluation Report
==============================================
1. Total Blocks          : 512
   Total Colors          : 10
2. Nodes per Block
   - Average             : 1803.00
   - Maximum             : 1803
   - Minimum             : 1803
   - Stddev              : 0.000000
   - Gini coefficient    : 0.000000
3. Internal Avg Degree   : 34.8579 (Mean of per-block avg)
4. Block Graph Avg Deg   : 14.8477
5. Modularity
   - Unweighted Q        : 0.800863
   - Weighted Q          : 0.768610
==============================================
Internal edges : 16089288
External edges : 3951747
Internal ratio : 0.802817
Avg block density : 0.019344
Block graph edges : 3801
Block graph density : 0.029056
Locality score : 4.071436

6. Color Statistics
   Color   Blocks   Nodes   AvgNodesPerBlock
       1       52   93756            1803.00
       2       52   93756            1803.00
       3       51   91953            1803.00
       4       51   91953            1803.00
       5       51   91953            1803.00
       6       51   91953            1803.00
       7       51   91953            1803.00
       8       51   91953            1803.00
       9       51   91953            1803.00
      10       51   91953            1803.00

Additional Load Imbalance Metrics
----------------------------------
Max block size / Avg block size   : 1.000000
Max color nodes / Avg color nodes : 1.015625

-------------------------------------------------
Emilia_923 bs = 512, policy = 2, coloring = 1

==============================================
  Partitioning Evaluation Report
==============================================
1. Total Blocks          : 512
   Total Colors          : 13
2. Nodes per Block
   - Average             : 1803.00
   - Maximum             : 1803
   - Minimum             : 1803
   - Stddev              : 0.000000
   - Gini coefficient    : 0.000000
3. Internal Avg Degree   : 34.1663 (Mean of per-block avg)
4. Block Graph Avg Deg   : 23.2773
5. Modularity
   - Unweighted Q        : 0.784934
   - Weighted Q          : 0.906621
==============================================
Internal edges : 15770049
External edges : 4270986
Internal ratio : 0.786888
Avg block density : 0.018960
Block graph edges : 5959
Block graph density : 0.045553
Locality score : 3.692366

6. Color Statistics
   Color   Blocks   Nodes   AvgNodesPerBlock
       1       57   102771            1803.00
       2       56   100968            1803.00
       3       51   91953            1803.00
       4       51   91953            1803.00
       5       51   91953            1803.00
       6       50   90150            1803.00
       7       49   88347            1803.00
       8       47   84741            1803.00
       9       45   81135            1803.00
      10       38   68514            1803.00
      11       11   19833            1803.00
      12        4    7212            1803.00
      13        2    3606            1803.00

Additional Load Imbalance Metrics
----------------------------------
Max block size / Avg block size   : 1.000000
Max color nodes / Avg color nodes : 1.447266

-------------------------------------------------
Emilia_923 bs = 512, policy = 2, coloring = 2

==============================================
  Partitioning Evaluation Report
==============================================
1. Total Blocks          : 512
   Total Colors          : 15
2. Nodes per Block
   - Average             : 1803.00
   - Maximum             : 1803
   - Minimum             : 1803
   - Stddev              : 0.000000
   - Gini coefficient    : 0.000000
3. Internal Avg Degree   : 34.1663 (Mean of per-block avg)
4. Block Graph Avg Deg   : 23.2773
5. Modularity
   - Unweighted Q        : 0.784934
   - Weighted Q          : 0.906621
==============================================
Internal edges : 15770049
External edges : 4270986
Internal ratio : 0.786888
Avg block density : 0.018960
Block graph edges : 5959
Block graph density : 0.045553
Locality score : 3.692366

6. Color Statistics
   Color   Blocks   Nodes   AvgNodesPerBlock
       1       35   63105            1803.00
       2       35   63105            1803.00
       3       34   61302            1803.00
       4       34   61302            1803.00
       5       34   61302            1803.00
       6       34   61302            1803.00
       7       34   61302            1803.00
       8       34   61302            1803.00
       9       34   61302            1803.00
      10       34   61302            1803.00
      11       34   61302            1803.00
      12       34   61302            1803.00
      13       34   61302            1803.00
      14       34   61302            1803.00
      15       34   61302            1803.00

Additional Load Imbalance Metrics
----------------------------------
Max block size / Avg block size   : 1.000000
Max color nodes / Avg color nodes : 1.025391

-------------------------------------------------
Emilia_923 bs = 512, policy = 2, coloring = 3

==============================================
  Partitioning Evaluation Report
==============================================
1. Total Blocks          : 512
   Total Colors          : 13
2. Nodes per Block
   - Average             : 1803.00
   - Maximum             : 1803
   - Minimum             : 1803
   - Stddev              : 0.000000
   - Gini coefficient    : 0.000000
3. Internal Avg Degree   : 34.1663 (Mean of per-block avg)
4. Block Graph Avg Deg   : 23.2773
5. Modularity
   - Unweighted Q        : 0.784934
   - Weighted Q          : 0.906621
==============================================
Internal edges : 15770049
External edges : 4270986
Internal ratio : 0.786888
Avg block density : 0.018960
Block graph edges : 5959
Block graph density : 0.045553
Locality score : 3.692366

6. Color Statistics
   Color   Blocks   Nodes   AvgNodesPerBlock
       1       40   72120            1803.00
       2       40   72120            1803.00
       3       40   72120            1803.00
       4       40   72120            1803.00
       5       40   72120            1803.00
       6       39   70317            1803.00
       7       39   70317            1803.00
       8       39   70317            1803.00
       9       39   70317            1803.00
      10       39   70317            1803.00
      11       39   70317            1803.00
      12       39   70317            1803.00
      13       39   70317            1803.00

Additional Load Imbalance Metrics
----------------------------------
Max block size / Avg block size   : 1.000000
Max color nodes / Avg color nodes : 1.015625

-------------------------------------------------
Emilia_923 bs = 512, policy = 3, coloring = 1

==============================================
  Partitioning Evaluation Report
==============================================
1. Total Blocks          : 512
   Total Colors          : 16
2. Nodes per Block
   - Average             : 1803.00
   - Maximum             : 1803
   - Minimum             : 1803
   - Stddev              : 0.000000
   - Gini coefficient    : 0.000000
3. Internal Avg Degree   : 25.6214 (Mean of per-block avg)
4. Block Graph Avg Deg   : 27.9648
5. Modularity
   - Unweighted Q        : 0.588134
   - Weighted Q          : 0.979477
==============================================
Internal edges : 11826025
External edges : 8215010
Internal ratio : 0.590091
Avg block density : 0.014218
Block graph edges : 7159
Block graph density : 0.054726
Locality score : 1.439563

6. Color Statistics
   Color   Blocks   Nodes   AvgNodesPerBlock
       1       53   95559            1803.00
       2       45   81135            1803.00
       3       43   77529            1803.00
       4       42   75726            1803.00
       5       40   72120            1803.00
       6       40   72120            1803.00
       7       38   68514            1803.00
       8       37   66711            1803.00
       9       37   66711            1803.00
      10       37   66711            1803.00
      11       35   63105            1803.00
      12       31   55893            1803.00
      13       19   34257            1803.00
      14        9   16227            1803.00
      15        5    9015            1803.00
      16        1    1803            1803.00

Additional Load Imbalance Metrics
----------------------------------
Max block size / Avg block size   : 1.000000
Max color nodes / Avg color nodes : 1.656250

-------------------------------------------------
Emilia_923 bs = 512, policy = 3, coloring = 2

==============================================
  Partitioning Evaluation Report
==============================================
1. Total Blocks          : 512
   Total Colors          : 17
2. Nodes per Block
   - Average             : 1803.00
   - Maximum             : 1803
   - Minimum             : 1803
   - Stddev              : 0.000000
   - Gini coefficient    : 0.000000
3. Internal Avg Degree   : 25.6214 (Mean of per-block avg)
4. Block Graph Avg Deg   : 27.9648
5. Modularity
   - Unweighted Q        : 0.588134
   - Weighted Q          : 0.979477
==============================================
Internal edges : 11826025
External edges : 8215010
Internal ratio : 0.590091
Avg block density : 0.014218
Block graph edges : 7159
Block graph density : 0.054726
Locality score : 1.439563

6. Color Statistics
   Color   Blocks   Nodes   AvgNodesPerBlock
       1       31   55893            1803.00
       2       31   55893            1803.00
       3       30   54090            1803.00
       4       30   54090            1803.00
       5       30   54090            1803.00
       6       30   54090            1803.00
       7       30   54090            1803.00
       8       30   54090            1803.00
       9       30   54090            1803.00
      10       30   54090            1803.00
      11       30   54090            1803.00
      12       30   54090            1803.00
      13       30   54090            1803.00
      14       30   54090            1803.00
      15       30   54090            1803.00
      16       30   54090            1803.00
      17       30   54090            1803.00

Additional Load Imbalance Metrics
----------------------------------
Max block size / Avg block size   : 1.000000
Max color nodes / Avg color nodes : 1.029297

-------------------------------------------------
Emilia_923 bs = 512, policy = 3, coloring = 3

==============================================
  Partitioning Evaluation Report
==============================================
1. Total Blocks          : 512
   Total Colors          : 16
2. Nodes per Block
   - Average             : 1803.00
   - Maximum             : 1803
   - Minimum             : 1803
   - Stddev              : 0.000000
   - Gini coefficient    : 0.000000
3. Internal Avg Degree   : 25.6214 (Mean of per-block avg)
4. Block Graph Avg Deg   : 27.9648
5. Modularity
   - Unweighted Q        : 0.588134
   - Weighted Q          : 0.979477
==============================================
Internal edges : 11826025
External edges : 8215010
Internal ratio : 0.590091
Avg block density : 0.014218
Block graph edges : 7159
Block graph density : 0.054726
Locality score : 1.439563

6. Color Statistics
   Color   Blocks   Nodes   AvgNodesPerBlock
       1       32   57696            1803.00
       2       32   57696            1803.00
       3       32   57696            1803.00
       4       32   57696            1803.00
       5       32   57696            1803.00
       6       32   57696            1803.00
       7       32   57696            1803.00
       8       32   57696            1803.00
       9       32   57696            1803.00
      10       32   57696            1803.00
      11       32   57696            1803.00
      12       32   57696            1803.00
      13       32   57696            1803.00
      14       32   57696            1803.00
      15       32   57696            1803.00
      16       32   57696            1803.00

Additional Load Imbalance Metrics
----------------------------------
Max block size / Avg block size   : 1.000000
Max color nodes / Avg color nodes : 1.000000

-------------------------------------------------
Emilia_923 bs = 1024, policy = 1, coloring = 1

==============================================
  Partitioning Evaluation Report
==============================================
1. Total Blocks          : 1024
   Total Colors          : 10
2. Nodes per Block
   - Average             : 901.50
   - Maximum             : 902
   - Minimum             : 390
   - Stddev              : 15.992186
   - Gini coefficient    : 0.000554
3. Internal Avg Degree   : 32.8040 (Mean of per-block avg)
4. Block Graph Avg Deg   : 14.9199
5. Modularity
   - Unweighted Q        : 0.754621
   - Weighted Q          : 0.736985
==============================================
Internal edges : 15142978
External edges : 4898057
Internal ratio : 0.755599
Avg block density : 0.036446
Block graph edges : 7639
Block graph density : 0.014584
Locality score : 3.091629

6. Color Statistics
   Color   Blocks   Nodes   AvgNodesPerBlock
       1      133   119454             898.15
       2      129   116358             902.00
       3      128   115456             902.00
       4      122   110044             902.00
       5      121   109142             902.00
       6      120   108240             902.00
       7      117   105534             902.00
       8       95   85690             902.00
       9       48   43296             902.00
      10       11    9922             902.00

Additional Load Imbalance Metrics
----------------------------------
Max block size / Avg block size   : 1.000555
Max color nodes / Avg color nodes : 1.294002

-------------------------------------------------
Emilia_923 bs = 1024, policy = 1, coloring = 2

==============================================
  Partitioning Evaluation Report
==============================================
1. Total Blocks          : 1024
   Total Colors          : 13
2. Nodes per Block
   - Average             : 901.50
   - Maximum             : 902
   - Minimum             : 390
   - Stddev              : 15.992186
   - Gini coefficient    : 0.000554
3. Internal Avg Degree   : 32.8040 (Mean of per-block avg)
4. Block Graph Avg Deg   : 14.9199
5. Modularity
   - Unweighted Q        : 0.754621
   - Weighted Q          : 0.736985
==============================================
Internal edges : 15142978
External edges : 4898057
Internal ratio : 0.755599
Avg block density : 0.036446
Block graph edges : 7639
Block graph density : 0.014584
Locality score : 3.091629

6. Color Statistics
   Color   Blocks   Nodes   AvgNodesPerBlock
       1       79   71258             902.00
       2       79   71258             902.00
       3       79   71258             902.00
       4       79   71258             902.00
       5       79   71258             902.00
       6       79   70746             895.52
       7       79   71258             902.00
       8       79   71258             902.00
       9       79   71258             902.00
      10       79   71258             902.00
      11       78   70356             902.00
      12       78   70356             902.00
      13       78   70356             902.00

Additional Load Imbalance Metrics
----------------------------------
Max block size / Avg block size   : 1.000555
Max color nodes / Avg color nodes : 1.003486

-------------------------------------------------
Emilia_923 bs = 1024, policy = 1, coloring = 3

==============================================
  Partitioning Evaluation Report
==============================================
1. Total Blocks          : 1024
   Total Colors          : 10
2. Nodes per Block
   - Average             : 901.50
   - Maximum             : 902
   - Minimum             : 390
   - Stddev              : 15.992186
   - Gini coefficient    : 0.000554
3. Internal Avg Degree   : 32.8040 (Mean of per-block avg)
4. Block Graph Avg Deg   : 14.9199
5. Modularity
   - Unweighted Q        : 0.754621
   - Weighted Q          : 0.736985
==============================================
Internal edges : 15142978
External edges : 4898057
Internal ratio : 0.755599
Avg block density : 0.036446
Block graph edges : 7639
Block graph density : 0.014584
Locality score : 3.091629

6. Color Statistics
   Color   Blocks   Nodes   AvgNodesPerBlock
       1      103   92394             897.03
       2      103   92906             902.00
       3      103   92906             902.00
       4      103   92906             902.00
       5      102   92004             902.00
       6      102   92004             902.00
       7      102   92004             902.00
       8      102   92004             902.00
       9      102   92004             902.00
      10      102   92004             902.00

Additional Load Imbalance Metrics
----------------------------------
Max block size / Avg block size   : 1.000555
Max color nodes / Avg color nodes : 1.006417

-------------------------------------------------
Emilia_923 bs = 1024, policy = 2, coloring = 1

==============================================
  Partitioning Evaluation Report
==============================================
1. Total Blocks          : 1024
   Total Colors          : 13
2. Nodes per Block
   - Average             : 901.50
   - Maximum             : 902
   - Minimum             : 390
   - Stddev              : 15.992186
   - Gini coefficient    : 0.000554
3. Internal Avg Degree   : 32.6892 (Mean of per-block avg)
4. Block Graph Avg Deg   : 22.6152
5. Modularity
   - Unweighted Q        : 0.752034
   - Weighted Q          : 0.859101
==============================================
Internal edges : 15091133
External edges : 4949902
Internal ratio : 0.753012
Avg block density : 0.036312
Block graph edges : 11579
Block graph density : 0.022107
Locality score : 3.048773

6. Color Statistics
   Color   Blocks   Nodes   AvgNodesPerBlock
       1      107   96514             902.00
       2      106   95612             902.00
       3      105   94710             902.00
       4      103   92906             902.00
       5      101   91102             902.00
       6      101   90590             896.93
       7       97   87494             902.00
       8       90   81180             902.00
       9       84   75768             902.00
      10       72   64944             902.00
      11       47   42394             902.00
      12       10    9020             902.00
      13        1     902             902.00

Additional Load Imbalance Metrics
----------------------------------
Max block size / Avg block size   : 1.000555
Max color nodes / Avg color nodes : 1.359152

-------------------------------------------------
Emilia_923 bs = 1024, policy = 2, coloring = 2

==============================================
  Partitioning Evaluation Report
==============================================
1. Total Blocks          : 1024
   Total Colors          : 15
2. Nodes per Block
   - Average             : 901.50
   - Maximum             : 902
   - Minimum             : 390
   - Stddev              : 15.992186
   - Gini coefficient    : 0.000554
3. Internal Avg Degree   : 32.6892 (Mean of per-block avg)
4. Block Graph Avg Deg   : 22.6152
5. Modularity
   - Unweighted Q        : 0.752034
   - Weighted Q          : 0.859101
==============================================
Internal edges : 15091133
External edges : 4949902
Internal ratio : 0.753012
Avg block density : 0.036312
Block graph edges : 11579
Block graph density : 0.022107
Locality score : 3.048773

6. Color Statistics
   Color   Blocks   Nodes   AvgNodesPerBlock
       1       69   62238             902.00
       2       69   62238             902.00
       3       69   62238             902.00
       4       69   62238             902.00
       5       68   61336             902.00
       6       68   61336             902.00
       7       68   61336             902.00
       8       68   61336             902.00
       9       68   60824             894.47
      10       68   61336             902.00
      11       68   61336             902.00
      12       68   61336             902.00
      13       68   61336             902.00
      14       68   61336             902.00
      15       68   61336             902.00

Additional Load Imbalance Metrics
----------------------------------
Max block size / Avg block size   : 1.000555
Max color nodes / Avg color nodes : 1.011303

-------------------------------------------------
Emilia_923 bs = 1024, policy = 2, coloring = 3

==============================================
  Partitioning Evaluation Report
==============================================
1. Total Blocks          : 1024
   Total Colors          : 13
2. Nodes per Block
   - Average             : 901.50
   - Maximum             : 902
   - Minimum             : 390
   - Stddev              : 15.992186
   - Gini coefficient    : 0.000554
3. Internal Avg Degree   : 32.6892 (Mean of per-block avg)
4. Block Graph Avg Deg   : 22.6152
5. Modularity
   - Unweighted Q        : 0.752034
   - Weighted Q          : 0.859101
==============================================
Internal edges : 15091133
External edges : 4949902
Internal ratio : 0.753012
Avg block density : 0.036312
Block graph edges : 11579
Block graph density : 0.022107
Locality score : 3.048773

6. Color Statistics
   Color   Blocks   Nodes   AvgNodesPerBlock
       1       79   71258             902.00
       2       79   71258             902.00
       3       79   71258             902.00
       4       79   71258             902.00
       5       79   71258             902.00
       6       79   71258             902.00
       7       79   70746             895.52
       8       79   71258             902.00
       9       79   71258             902.00
      10       79   71258             902.00
      11       78   70356             902.00
      12       78   70356             902.00
      13       78   70356             902.00

Additional Load Imbalance Metrics
----------------------------------
Max block size / Avg block size   : 1.000555
Max color nodes / Avg color nodes : 1.003486

-------------------------------------------------
Emilia_923 bs = 1024, policy = 3, coloring = 1

==============================================
  Partitioning Evaluation Report
==============================================
1. Total Blocks          : 1024
   Total Colors          : 16
2. Nodes per Block
   - Average             : 901.50
   - Maximum             : 902
   - Minimum             : 390
   - Stddev              : 15.992186
   - Gini coefficient    : 0.000554
3. Internal Avg Degree   : 21.4716 (Mean of per-block avg)
4. Block Graph Avg Deg   : 26.6289
5. Modularity
   - Unweighted Q        : 0.493711
   - Weighted Q          : 0.980468
==============================================
Internal edges : 9914097
External edges : 10126938
Internal ratio : 0.494690
Avg block density : 0.023842
Block graph edges : 13634
Block graph density : 0.026030
Locality score : 0.978983

6. Color Statistics
   Color   Blocks   Nodes   AvgNodesPerBlock
       1       99   89298             902.00
       2       98   88396             902.00
       3       96   86592             902.00
       4       91   82082             902.00
       5       83   74866             902.00
       6       83   74866             902.00
       7       82   73964             902.00
       8       77   69454             902.00
       9       73   65846             902.00
      10       71   63530             894.79
      11       68   61336             902.00
      12       54   48708             902.00
      13       34   30668             902.00
      14       12   10824             902.00
      15        2    1804             902.00
      16        1     902             902.00

Additional Load Imbalance Metrics
----------------------------------
Max block size / Avg block size   : 1.000555
Max color nodes / Avg color nodes : 1.547733

-------------------------------------------------
Emilia_923 bs = 1024, policy = 3, coloring = 2

==============================================
  Partitioning Evaluation Report
==============================================
1. Total Blocks          : 1024
   Total Colors          : 17
2. Nodes per Block
   - Average             : 901.50
   - Maximum             : 902
   - Minimum             : 390
   - Stddev              : 15.992186
   - Gini coefficient    : 0.000554
3. Internal Avg Degree   : 21.4716 (Mean of per-block avg)
4. Block Graph Avg Deg   : 26.6289
5. Modularity
   - Unweighted Q        : 0.493711
   - Weighted Q          : 0.980468
==============================================
Internal edges : 9914097
External edges : 10126938
Internal ratio : 0.494690
Avg block density : 0.023842
Block graph edges : 13634
Block graph density : 0.026030
Locality score : 0.978983

6. Color Statistics
   Color   Blocks   Nodes   AvgNodesPerBlock
       1       61   55022             902.00
       2       61   55022             902.00
       3       61   54510             893.61
       4       61   55022             902.00
       5       60   54120             902.00
       6       60   54120             902.00
       7       60   54120             902.00
       8       60   54120             902.00
       9       60   54120             902.00
      10       60   54120             902.00
      11       60   54120             902.00
      12       60   54120             902.00
      13       60   54120             902.00
      14       60   54120             902.00
      15       60   54120             902.00
      16       60   54120             902.00
      17       60   54120             902.00

Additional Load Imbalance Metrics
----------------------------------
Max block size / Avg block size   : 1.000555
Max color nodes / Avg color nodes : 1.013257

-------------------------------------------------
Emilia_923 bs = 1024, policy = 3, coloring = 3

==============================================
  Partitioning Evaluation Report
==============================================
1. Total Blocks          : 1024
   Total Colors          : 16
2. Nodes per Block
   - Average             : 901.50
   - Maximum             : 902
   - Minimum             : 390
   - Stddev              : 15.992186
   - Gini coefficient    : 0.000554
3. Internal Avg Degree   : 21.4716 (Mean of per-block avg)
4. Block Graph Avg Deg   : 26.6289
5. Modularity
   - Unweighted Q        : 0.493711
   - Weighted Q          : 0.980468
==============================================
Internal edges : 9914097
External edges : 10126938
Internal ratio : 0.494690
Avg block density : 0.023842
Block graph edges : 13634
Block graph density : 0.026030
Locality score : 0.978983

6. Color Statistics
   Color   Blocks   Nodes   AvgNodesPerBlock
       1       64   57728             902.00
       2       64   57728             902.00
       3       64   57216             894.00
       4       64   57728             902.00
       5       64   57728             902.00
       6       64   57728             902.00
       7       64   57728             902.00
       8       64   57728             902.00
       9       64   57728             902.00
      10       64   57728             902.00
      11       64   57728             902.00
      12       64   57728             902.00
      13       64   57728             902.00
      14       64   57728             902.00
      15       64   57728             902.00
      16       64   57728             902.00

Additional Load Imbalance Metrics
----------------------------------
Max block size / Avg block size   : 1.000555
Max color nodes / Avg color nodes : 1.000555

-------------------------------------------------
G3_circuit bs = 32, policy = 1, coloring = 1

==============================================
  Partitioning Evaluation Report
==============================================
1. Total Blocks          : 32
   Total Colors          : 6
2. Nodes per Block
   - Average             : 49546.19
   - Maximum             : 49547
   - Minimum             : 49521
   - Stddev              : 4.523809
   - Gini coefficient    : 0.000016
3. Internal Avg Degree   : 3.7372 (Mean of per-block avg)
4. Block Graph Avg Deg   : 7.8125
5. Modularity
   - Unweighted Q        : 0.944039
   - Weighted Q          : 0.942852
==============================================
Internal edges : 2962616
External edges : 75058
Internal ratio : 0.975291
Avg block density : 0.000075
Block graph edges : 125
Block graph density : 0.252016
Locality score : 39.470497

6. Color Statistics
   Color   Blocks   Nodes   AvgNodesPerBlock
       1        8   396376           49547.00
       2        7   346829           49547.00
       3        7   346829           49547.00
       4        6   297282           49547.00
       5        3   148641           49547.00
       6        1   49521           49521.00

Additional Load Imbalance Metrics
----------------------------------
Max block size / Avg block size   : 1.000016
Max color nodes / Avg color nodes : 1.500025

-------------------------------------------------
G3_circuit bs = 32, policy = 1, coloring = 2

==============================================
  Partitioning Evaluation Report
==============================================
1. Total Blocks          : 32
   Total Colors          : 7
2. Nodes per Block
   - Average             : 49546.19
   - Maximum             : 49547
   - Minimum             : 49521
   - Stddev              : 4.523809
   - Gini coefficient    : 0.000016
3. Internal Avg Degree   : 3.7372 (Mean of per-block avg)
4. Block Graph Avg Deg   : 7.8125
5. Modularity
   - Unweighted Q        : 0.944039
   - Weighted Q          : 0.942852
==============================================
Internal edges : 2962616
External edges : 75058
Internal ratio : 0.975291
Avg block density : 0.000075
Block graph edges : 125
Block graph density : 0.252016
Locality score : 39.470497

6. Color Statistics
   Color   Blocks   Nodes   AvgNodesPerBlock
       1        6   297282           49547.00
       2        6   297282           49547.00
       3        5   247735           49547.00
       4        5   247735           49547.00
       5        5   247735           49547.00
       6        4   198188           49547.00
       7        1   49521           49521.00

Additional Load Imbalance Metrics
----------------------------------
Max block size / Avg block size   : 1.000016
Max color nodes / Avg color nodes : 1.312522

-------------------------------------------------
G3_circuit bs = 32, policy = 1, coloring = 3

==============================================
  Partitioning Evaluation Report
==============================================
1. Total Blocks          : 32
   Total Colors          : 6
2. Nodes per Block
   - Average             : 49546.19
   - Maximum             : 49547
   - Minimum             : 49521
   - Stddev              : 4.523809
   - Gini coefficient    : 0.000016
3. Internal Avg Degree   : 3.7372 (Mean of per-block avg)
4. Block Graph Avg Deg   : 7.8125
5. Modularity
   - Unweighted Q        : 0.944039
   - Weighted Q          : 0.942852
==============================================
Internal edges : 2962616
External edges : 75058
Internal ratio : 0.975291
Avg block density : 0.000075
Block graph edges : 125
Block graph density : 0.252016
Locality score : 39.470497

6. Color Statistics
   Color   Blocks   Nodes   AvgNodesPerBlock
       1        7   346829           49547.00
       2        6   297282           49547.00
       3        6   297282           49547.00
       4        6   297282           49547.00
       5        6   297282           49547.00
       6        1   49521           49521.00

Additional Load Imbalance Metrics
----------------------------------
Max block size / Avg block size   : 1.000016
Max color nodes / Avg color nodes : 1.312522

-------------------------------------------------
G3_circuit bs = 32, policy = 2, coloring = 1

==============================================
  Partitioning Evaluation Report
==============================================
1. Total Blocks          : 32
   Total Colors          : 5
2. Nodes per Block
   - Average             : 49546.19
   - Maximum             : 49547
   - Minimum             : 49521
   - Stddev              : 4.523809
   - Gini coefficient    : 0.000016
3. Internal Avg Degree   : 3.3835 (Mean of per-block avg)
4. Block Graph Avg Deg   : 5.6875
5. Modularity
   - Unweighted Q        : 0.851434
   - Weighted Q          : 0.939719
==============================================
Internal edges : 2682194
External edges : 355480
Internal ratio : 0.882976
Avg block density : 0.000068
Block graph edges : 91
Block graph density : 0.183468
Locality score : 7.545253

6. Color Statistics
   Color   Blocks   Nodes   AvgNodesPerBlock
       1       13   644111           49547.00
       2       13   644085           49545.00
       3        2   99094           49547.00
       4        2   99094           49547.00
       5        2   99094           49547.00

Additional Load Imbalance Metrics
----------------------------------
Max block size / Avg block size   : 1.000016
Max color nodes / Avg color nodes : 2.031283

-------------------------------------------------
G3_circuit bs = 32, policy = 2, coloring = 2

==============================================
  Partitioning Evaluation Report
==============================================
1. Total Blocks          : 32
   Total Colors          : 5
2. Nodes per Block
   - Average             : 49546.19
   - Maximum             : 49547
   - Minimum             : 49521
   - Stddev              : 4.523809
   - Gini coefficient    : 0.000016
3. Internal Avg Degree   : 3.3835 (Mean of per-block avg)
4. Block Graph Avg Deg   : 5.6875
5. Modularity
   - Unweighted Q        : 0.851434
   - Weighted Q          : 0.939719
==============================================
Internal edges : 2682194
External edges : 355480
Internal ratio : 0.882976
Avg block density : 0.000068
Block graph edges : 91
Block graph density : 0.183468
Locality score : 7.545253

6. Color Statistics
   Color   Blocks   Nodes   AvgNodesPerBlock
       1       10   495470           49547.00
       2        9   445897           49544.11
       3        9   445923           49547.00
       4        2   99094           49547.00
       5        2   99094           49547.00

Additional Load Imbalance Metrics
----------------------------------
Max block size / Avg block size   : 1.000016
Max color nodes / Avg color nodes : 1.562526

-------------------------------------------------
G3_circuit bs = 32, policy = 2, coloring = 3

==============================================
  Partitioning Evaluation Report
==============================================
1. Total Blocks          : 32
   Total Colors          : 5
2. Nodes per Block
   - Average             : 49546.19
   - Maximum             : 49547
   - Minimum             : 49521
   - Stddev              : 4.523809
   - Gini coefficient    : 0.000016
3. Internal Avg Degree   : 3.3835 (Mean of per-block avg)
4. Block Graph Avg Deg   : 5.6875
5. Modularity
   - Unweighted Q        : 0.851434
   - Weighted Q          : 0.939719
==============================================
Internal edges : 2682194
External edges : 355480
Internal ratio : 0.882976
Avg block density : 0.000068
Block graph edges : 91
Block graph density : 0.183468
Locality score : 7.545253

6. Color Statistics
   Color   Blocks   Nodes   AvgNodesPerBlock
       1       10   495444           49544.40
       2        9   445923           49547.00
       3        9   445923           49547.00
       4        2   99094           49547.00
       5        2   99094           49547.00

Additional Load Imbalance Metrics
----------------------------------
Max block size / Avg block size   : 1.000016
Max color nodes / Avg color nodes : 1.562444

-------------------------------------------------
G3_circuit bs = 32, policy = 3, coloring = 1

==============================================
  Partitioning Evaluation Report
==============================================
1. Total Blocks          : 32
   Total Colors          : 9
2. Nodes per Block
   - Average             : 49546.19
   - Maximum             : 49547
   - Minimum             : 49521
   - Stddev              : 4.523809
   - Gini coefficient    : 0.000016
3. Internal Avg Degree   : 3.6167 (Mean of per-block avg)
4. Block Graph Avg Deg   : 15.4375
5. Modularity
   - Unweighted Q        : 0.912522
   - Weighted Q          : 0.959314
==============================================
Internal edges : 2867087
External edges : 170587
Internal ratio : 0.943843
Avg block density : 0.000073
Block graph edges : 247
Block graph density : 0.497984
Locality score : 16.807085

6. Color Statistics
   Color   Blocks   Nodes   AvgNodesPerBlock
       1        6   297282           49547.00
       2        5   247735           49547.00
       3        5   247735           49547.00
       4        5   247709           49541.80
       5        3   148641           49547.00
       6        3   148641           49547.00
       7        2   99094           49547.00
       8        2   99094           49547.00
       9        1   49547           49547.00

Additional Load Imbalance Metrics
----------------------------------
Max block size / Avg block size   : 1.000016
Max color nodes / Avg color nodes : 1.687528

-------------------------------------------------
G3_circuit bs = 32, policy = 3, coloring = 2

==============================================
  Partitioning Evaluation Report
==============================================
1. Total Blocks          : 32
   Total Colors          : 9
2. Nodes per Block
   - Average             : 49546.19
   - Maximum             : 49547
   - Minimum             : 49521
   - Stddev              : 4.523809
   - Gini coefficient    : 0.000016
3. Internal Avg Degree   : 3.6167 (Mean of per-block avg)
4. Block Graph Avg Deg   : 15.4375
5. Modularity
   - Unweighted Q        : 0.912522
   - Weighted Q          : 0.959314
==============================================
Internal edges : 2867087
External edges : 170587
Internal ratio : 0.943843
Avg block density : 0.000073
Block graph edges : 247
Block graph density : 0.497984
Locality score : 16.807085

6. Color Statistics
   Color   Blocks   Nodes   AvgNodesPerBlock
       1        4   198188           49547.00
       2        4   198188           49547.00
       3        4   198188           49547.00
       4        4   198162           49540.50
       5        4   198188           49547.00
       6        3   148641           49547.00
       7        3   148641           49547.00
       8        3   148641           49547.00
       9        3   148641           49547.00

Additional Load Imbalance Metrics
----------------------------------
Max block size / Avg block size   : 1.000016
Max color nodes / Avg color nodes : 1.125018

-------------------------------------------------
G3_circuit bs = 32, policy = 3, coloring = 3

==============================================
  Partitioning Evaluation Report
==============================================
1. Total Blocks          : 32
   Total Colors          : 9
2. Nodes per Block
   - Average             : 49546.19
   - Maximum             : 49547
   - Minimum             : 49521
   - Stddev              : 4.523809
   - Gini coefficient    : 0.000016
3. Internal Avg Degree   : 3.6167 (Mean of per-block avg)
4. Block Graph Avg Deg   : 15.4375
5. Modularity
   - Unweighted Q        : 0.912522
   - Weighted Q          : 0.959314
==============================================
Internal edges : 2867087
External edges : 170587
Internal ratio : 0.943843
Avg block density : 0.000073
Block graph edges : 247
Block graph density : 0.497984
Locality score : 16.807085

6. Color Statistics
   Color   Blocks   Nodes   AvgNodesPerBlock
       1        4   198188           49547.00
       2        4   198188           49547.00
       3        4   198188           49547.00
       4        4   198162           49540.50
       5        4   198188           49547.00
       6        3   148641           49547.00
       7        3   148641           49547.00
       8        3   148641           49547.00
       9        3   148641           49547.00

Additional Load Imbalance Metrics
----------------------------------
Max block size / Avg block size   : 1.000016
Max color nodes / Avg color nodes : 1.125018

-------------------------------------------------
G3_circuit bs = 64, policy = 1, coloring = 1

==============================================
  Partitioning Evaluation Report
==============================================
1. Total Blocks          : 64
   Total Colors          : 9
2. Nodes per Block
   - Average             : 24773.09
   - Maximum             : 24774
   - Minimum             : 24716
   - Stddev              : 7.193136
   - Gini coefficient    : 0.000036
3. Internal Avg Degree   : 3.6855 (Mean of per-block avg)
4. Block Graph Avg Deg   : 12.4062
5. Modularity
   - Unweighted Q        : 0.946178
   - Weighted Q          : 0.943545
==============================================
Internal edges : 2921652
External edges : 116022
Internal ratio : 0.961806
Avg block density : 0.000149
Block graph edges : 397
Block graph density : 0.196925
Locality score : 25.181662

6. Color Statistics
   Color   Blocks   Nodes   AvgNodesPerBlock
       1       12   297288           24774.00
       2       11   272514           24774.00
       3       10   247740           24774.00
       4       10   247740           24774.00
       5        7   173418           24774.00
       6        6   148644           24774.00
       7        6   148644           24774.00
       8        1   24716           24716.00
       9        1   24774           24774.00

Additional Load Imbalance Metrics
----------------------------------
Max block size / Avg block size   : 1.000037
Max color nodes / Avg color nodes : 1.687562

-------------------------------------------------
G3_circuit bs = 64, policy = 1, coloring = 2

==============================================
  Partitioning Evaluation Report
==============================================
1. Total Blocks          : 64
   Total Colors          : 9
2. Nodes per Block
   - Average             : 24773.09
   - Maximum             : 24774
   - Minimum             : 24716
   - Stddev              : 7.193136
   - Gini coefficient    : 0.000036
3. Internal Avg Degree   : 3.6855 (Mean of per-block avg)
4. Block Graph Avg Deg   : 12.4062
5. Modularity
   - Unweighted Q        : 0.946178
   - Weighted Q          : 0.943545
==============================================
Internal edges : 2921652
External edges : 116022
Internal ratio : 0.961806
Avg block density : 0.000149
Block graph edges : 397
Block graph density : 0.196925
Locality score : 25.181662

6. Color Statistics
   Color   Blocks   Nodes   AvgNodesPerBlock
       1        9   222966           24774.00
       2        9   222966           24774.00
       3        8   198192           24774.00
       4        8   198192           24774.00
       5        8   198192           24774.00
       6        8   198192           24774.00
       7        7   173418           24774.00
       8        6   148644           24774.00
       9        1   24716           24716.00

Additional Load Imbalance Metrics
----------------------------------
Max block size / Avg block size   : 1.000037
Max color nodes / Avg color nodes : 1.265671

-------------------------------------------------
G3_circuit bs = 64, policy = 1, coloring = 3

==============================================
  Partitioning Evaluation Report
==============================================
1. Total Blocks          : 64
   Total Colors          : 9
2. Nodes per Block
   - Average             : 24773.09
   - Maximum             : 24774
   - Minimum             : 24716
   - Stddev              : 7.193136
   - Gini coefficient    : 0.000036
3. Internal Avg Degree   : 3.6855 (Mean of per-block avg)
4. Block Graph Avg Deg   : 12.4062
5. Modularity
   - Unweighted Q        : 0.946178
   - Weighted Q          : 0.943545
==============================================
Internal edges : 2921652
External edges : 116022
Internal ratio : 0.961806
Avg block density : 0.000149
Block graph edges : 397
Block graph density : 0.196925
Locality score : 25.181662

6. Color Statistics
   Color   Blocks   Nodes   AvgNodesPerBlock
       1        9   222966           24774.00
       2        9   222966           24774.00
       3        8   198192           24774.00
       4        8   198192           24774.00
       5        8   198192           24774.00
       6        8   198192           24774.00
       7        7   173418           24774.00
       8        6   148644           24774.00
       9        1   24716           24716.00

Additional Load Imbalance Metrics
----------------------------------
Max block size / Avg block size   : 1.000037
Max color nodes / Avg color nodes : 1.265671

-------------------------------------------------
G3_circuit bs = 64, policy = 2, coloring = 1

==============================================
  Partitioning Evaluation Report
==============================================
1. Total Blocks          : 64
   Total Colors          : 8
2. Nodes per Block
   - Average             : 24773.09
   - Maximum             : 24774
   - Minimum             : 24716
   - Stddev              : 7.193136
   - Gini coefficient    : 0.000036
3. Internal Avg Degree   : 3.3177 (Mean of per-block avg)
4. Block Graph Avg Deg   : 10.6562
5. Modularity
   - Unweighted Q        : 0.850009
   - Weighted Q          : 0.951449
==============================================
Internal edges : 2630076
External edges : 407598
Internal ratio : 0.865819
Avg block density : 0.000134
Block graph edges : 341
Block graph density : 0.169147
Locality score : 6.452607

6. Color Statistics
   Color   Blocks   Nodes   AvgNodesPerBlock
       1       22   545028           24774.00
       2       16   396384           24774.00
       3       10   247740           24774.00
       4        4   99038           24759.50
       5        4   99096           24774.00
       6        3   74322           24774.00
       7        3   74322           24774.00
       8        2   49548           24774.00

Additional Load Imbalance Metrics
----------------------------------
Max block size / Avg block size   : 1.000037
Max color nodes / Avg color nodes : 2.750101

-------------------------------------------------
G3_circuit bs = 64, policy = 2, coloring = 2

==============================================
  Partitioning Evaluation Report
==============================================
1. Total Blocks          : 64
   Total Colors          : 8
2. Nodes per Block
   - Average             : 24773.09
   - Maximum             : 24774
   - Minimum             : 24716
   - Stddev              : 7.193136
   - Gini coefficient    : 0.000036
3. Internal Avg Degree   : 3.3177 (Mean of per-block avg)
4. Block Graph Avg Deg   : 10.6562
5. Modularity
   - Unweighted Q        : 0.850009
   - Weighted Q          : 0.951449
==============================================
Internal edges : 2630076
External edges : 407598
Internal ratio : 0.865819
Avg block density : 0.000134
Block graph edges : 341
Block graph density : 0.169147
Locality score : 6.452607

6. Color Statistics
   Color   Blocks   Nodes   AvgNodesPerBlock
       1       11   272514           24774.00
       2       11   272514           24774.00
       3       11   272514           24774.00
       4       11   272514           24774.00
       5        9   222966           24774.00
       6        5   123812           24762.40
       7        3   74322           24774.00
       8        3   74322           24774.00

Additional Load Imbalance Metrics
----------------------------------
Max block size / Avg block size   : 1.000037
Max color nodes / Avg color nodes : 1.375050

-------------------------------------------------
G3_circuit bs = 64, policy = 2, coloring = 3

==============================================
  Partitioning Evaluation Report
==============================================
1. Total Blocks          : 64
   Total Colors          : 8
2. Nodes per Block
   - Average             : 24773.09
   - Maximum             : 24774
   - Minimum             : 24716
   - Stddev              : 7.193136
   - Gini coefficient    : 0.000036
3. Internal Avg Degree   : 3.3177 (Mean of per-block avg)
4. Block Graph Avg Deg   : 10.6562
5. Modularity
   - Unweighted Q        : 0.850009
   - Weighted Q          : 0.951449
==============================================
Internal edges : 2630076
External edges : 407598
Internal ratio : 0.865819
Avg block density : 0.000134
Block graph edges : 341
Block graph density : 0.169147
Locality score : 6.452607

6. Color Statistics
   Color   Blocks   Nodes   AvgNodesPerBlock
       1       11   272514           24774.00
       2       11   272514           24774.00
       3       11   272514           24774.00
       4       11   272514           24774.00
       5       10   247740           24774.00
       6        4   99038           24759.50
       7        3   74322           24774.00
       8        3   74322           24774.00

Additional Load Imbalance Metrics
----------------------------------
Max block size / Avg block size   : 1.000037
Max color nodes / Avg color nodes : 1.375050

-------------------------------------------------
G3_circuit bs = 64, policy = 3, coloring = 1

==============================================
  Partitioning Evaluation Report
==============================================
1. Total Blocks          : 64
   Total Colors          : 10
2. Nodes per Block
   - Average             : 24773.09
   - Maximum             : 24774
   - Minimum             : 24716
   - Stddev              : 7.193136
   - Gini coefficient    : 0.000036
3. Internal Avg Degree   : 3.6018 (Mean of per-block avg)
4. Block Graph Avg Deg   : 25.8438
5. Modularity
   - Unweighted Q        : 0.924318
   - Weighted Q          : 0.977518
==============================================
Internal edges : 2855316
External edges : 182358
Internal ratio : 0.939968
Avg block density : 0.000145
Block graph edges : 827
Block graph density : 0.410218
Locality score : 15.657664

6. Color Statistics
   Color   Blocks   Nodes   AvgNodesPerBlock
       1       10   247682           24768.20
       2        8   198192           24774.00
       3        8   198192           24774.00
       4        7   173418           24774.00
       5        7   173418           24774.00
       6        7   173418           24774.00
       7        6   148644           24774.00
       8        5   123870           24774.00
       9        5   123870           24774.00
      10        1   24774           24774.00

Additional Load Imbalance Metrics
----------------------------------
Max block size / Avg block size   : 1.000037
Max color nodes / Avg color nodes : 1.562191

-------------------------------------------------
G3_circuit bs = 64, policy = 3, coloring = 2

==============================================
  Partitioning Evaluation Report
==============================================
1. Total Blocks          : 64
   Total Colors          : 10
2. Nodes per Block
   - Average             : 24773.09
   - Maximum             : 24774
   - Minimum             : 24716
   - Stddev              : 7.193136
   - Gini coefficient    : 0.000036
3. Internal Avg Degree   : 3.6018 (Mean of per-block avg)
4. Block Graph Avg Deg   : 25.8438
5. Modularity
   - Unweighted Q        : 0.924318
   - Weighted Q          : 0.977518
==============================================
Internal edges : 2855316
External edges : 182358
Internal ratio : 0.939968
Avg block density : 0.000145
Block graph edges : 827
Block graph density : 0.410218
Locality score : 15.657664

6. Color Statistics
   Color   Blocks   Nodes   AvgNodesPerBlock
       1        8   198192           24774.00
       2        8   198192           24774.00
       3        7   173418           24774.00
       4        7   173418           24774.00
       5        7   173418           24774.00
       6        7   173360           24765.71
       7        5   123870           24774.00
       8        5   123870           24774.00
       9        5   123870           24774.00
      10        5   123870           24774.00

Additional Load Imbalance Metrics
----------------------------------
Max block size / Avg block size   : 1.000037
Max color nodes / Avg color nodes : 1.250046

-------------------------------------------------
G3_circuit bs = 64, policy = 3, coloring = 3

==============================================
  Partitioning Evaluation Report
==============================================
1. Total Blocks          : 64
   Total Colors          : 10
2. Nodes per Block
   - Average             : 24773.09
   - Maximum             : 24774
   - Minimum             : 24716
   - Stddev              : 7.193136
   - Gini coefficient    : 0.000036
3. Internal Avg Degree   : 3.6018 (Mean of per-block avg)
4. Block Graph Avg Deg   : 25.8438
5. Modularity
   - Unweighted Q        : 0.924318
   - Weighted Q          : 0.977518
==============================================
Internal edges : 2855316
External edges : 182358
Internal ratio : 0.939968
Avg block density : 0.000145
Block graph edges : 827
Block graph density : 0.410218
Locality score : 15.657664

6. Color Statistics
   Color   Blocks   Nodes   AvgNodesPerBlock
       1        7   173360           24765.71
       2        7   173418           24774.00
       3        7   173418           24774.00
       4        7   173418           24774.00
       5        7   173418           24774.00
       6        7   173418           24774.00
       7        6   148644           24774.00
       8        6   148644           24774.00
       9        5   123870           24774.00
      10        5   123870           24774.00

Additional Load Imbalance Metrics
----------------------------------
Max block size / Avg block size   : 1.000037
Max color nodes / Avg color nodes : 1.093790

-------------------------------------------------
G3_circuit bs = 128, policy = 1, coloring = 1

==============================================
  Partitioning Evaluation Report
==============================================
1. Total Blocks          : 128
   Total Colors          : 10
2. Nodes per Block
   - Average             : 12386.55
   - Maximum             : 12387
   - Minimum             : 12329
   - Stddev              : 5.106459
   - Gini coefficient    : 0.000036
3. Internal Avg Degree   : 3.6131 (Mean of per-block avg)
4. Block Graph Avg Deg   : 17.4219
5. Modularity
   - Unweighted Q        : 0.935092
   - Weighted Q          : 0.929667
==============================================
Internal edges : 2864250
External edges : 173424
Internal ratio : 0.942909
Avg block density : 0.000292
Block graph edges : 1115
Block graph density : 0.137180
Locality score : 16.515785

6. Color Statistics
   Color   Blocks   Nodes   AvgNodesPerBlock
       1       21   260127           12387.00
       2       19   235353           12387.00
       3       19   235353           12387.00
       4       17   210579           12387.00
       5       17   210579           12387.00
       6       15   185805           12387.00
       7       10   123870           12387.00
       8        4   49490           12372.50
       9        4   49548           12387.00
      10        2   24774           12387.00

Additional Load Imbalance Metrics
----------------------------------
Max block size / Avg block size   : 1.000037
Max color nodes / Avg color nodes : 1.640685

-------------------------------------------------
G3_circuit bs = 128, policy = 1, coloring = 2

==============================================
  Partitioning Evaluation Report
==============================================
1. Total Blocks          : 128
   Total Colors          : 11
2. Nodes per Block
   - Average             : 12386.55
   - Maximum             : 12387
   - Minimum             : 12329
   - Stddev              : 5.106459
   - Gini coefficient    : 0.000036
3. Internal Avg Degree   : 3.6131 (Mean of per-block avg)
4. Block Graph Avg Deg   : 17.4219
5. Modularity
   - Unweighted Q        : 0.935092
   - Weighted Q          : 0.929667
==============================================
Internal edges : 2864250
External edges : 173424
Internal ratio : 0.942909
Avg block density : 0.000292
Block graph edges : 1115
Block graph density : 0.137180
Locality score : 16.515785

6. Color Statistics
   Color   Blocks   Nodes   AvgNodesPerBlock
       1       13   161031           12387.00
       2       13   161031           12387.00
       3       13   161031           12387.00
       4       13   161031           12387.00
       5       13   161031           12387.00
       6       12   148644           12387.00
       7       12   148644           12387.00
       8       12   148644           12387.00
       9       12   148644           12387.00
      10       11   136257           12387.00
      11        4   49490           12372.50

Additional Load Imbalance Metrics
----------------------------------
Max block size / Avg block size   : 1.000037
Max color nodes / Avg color nodes : 1.117228

-------------------------------------------------
G3_circuit bs = 128, policy = 1, coloring = 3

==============================================
  Partitioning Evaluation Report
==============================================
1. Total Blocks          : 128
   Total Colors          : 10
2. Nodes per Block
   - Average             : 12386.55
   - Maximum             : 12387
   - Minimum             : 12329
   - Stddev              : 5.106459
   - Gini coefficient    : 0.000036
3. Internal Avg Degree   : 3.6131 (Mean of per-block avg)
4. Block Graph Avg Deg   : 17.4219
5. Modularity
   - Unweighted Q        : 0.935092
   - Weighted Q          : 0.929667
==============================================
Internal edges : 2864250
External edges : 173424
Internal ratio : 0.942909
Avg block density : 0.000292
Block graph edges : 1115
Block graph density : 0.137180
Locality score : 16.515785

6. Color Statistics
   Color   Blocks   Nodes   AvgNodesPerBlock
       1       15   185805           12387.00
       2       15   185805           12387.00
       3       14   173418           12387.00
       4       14   173418           12387.00
       5       14   173418           12387.00
       6       14   173418           12387.00
       7       14   173418           12387.00
       8       14   173418           12387.00
       9       10   123870           12387.00
      10        4   49490           12372.50

Additional Load Imbalance Metrics
----------------------------------
Max block size / Avg block size   : 1.000037
Max color nodes / Avg color nodes : 1.171918

-------------------------------------------------
G3_circuit bs = 128, policy = 2, coloring = 1

==============================================
  Partitioning Evaluation Report
==============================================
1. Total Blocks          : 128
   Total Colors          : 16
2. Nodes per Block
   - Average             : 12386.55
   - Maximum             : 12387
   - Minimum             : 12329
   - Stddev              : 5.106459
   - Gini coefficient    : 0.000036
3. Internal Avg Degree   : 3.2823 (Mean of per-block avg)
4. Block Graph Avg Deg   : 18.2969
5. Modularity
   - Unweighted Q        : 0.848664
   - Weighted Q          : 0.946884
==============================================
Internal edges : 2601975
External edges : 435699
Internal ratio : 0.856568
Avg block density : 0.000265
Block graph edges : 1171
Block graph density : 0.144070
Locality score : 5.971942

6. Color Statistics
   Color   Blocks   Nodes   AvgNodesPerBlock
       1       31   383997           12387.00
       2       23   284901           12387.00
       3       23   284901           12387.00
       4        9   111483           12387.00
       5        7   86709           12387.00
       6        6   74322           12387.00
       7        5   61877           12375.40
       8        5   61935           12387.00
       9        4   49548           12387.00
      10        3   37161           12387.00
      11        3   37161           12387.00
      12        3   37161           12387.00
      13        3   37161           12387.00
      14        1   12387           12387.00
      15        1   12387           12387.00
      16        1   12387           12387.00

Additional Load Imbalance Metrics
----------------------------------
Max block size / Avg block size   : 1.000037
Max color nodes / Avg color nodes : 3.875142

-------------------------------------------------
G3_circuit bs = 128, policy = 2, coloring = 2

==============================================
  Partitioning Evaluation Report
==============================================
1. Total Blocks          : 128
   Total Colors          : 16
2. Nodes per Block
   - Average             : 12386.55
   - Maximum             : 12387
   - Minimum             : 12329
   - Stddev              : 5.106459
   - Gini coefficient    : 0.000036
3. Internal Avg Degree   : 3.2823 (Mean of per-block avg)
4. Block Graph Avg Deg   : 18.2969
5. Modularity
   - Unweighted Q        : 0.848664
   - Weighted Q          : 0.946884
==============================================
Internal edges : 2601975
External edges : 435699
Internal ratio : 0.856568
Avg block density : 0.000265
Block graph edges : 1171
Block graph density : 0.144070
Locality score : 5.971942

6. Color Statistics
   Color   Blocks   Nodes   AvgNodesPerBlock
       1       11   136257           12387.00
       2       11   136257           12387.00
       3       10   123870           12387.00
       4       10   123870           12387.00
       5       10   123870           12387.00
       6       10   123870           12387.00
       7       10   123870           12387.00
       8       10   123870           12387.00
       9       10   123870           12387.00
      10        9   111483           12387.00
      11        6   74322           12387.00
      12        5   61877           12375.40
      13        4   49548           12387.00
      14        4   49548           12387.00
      15        4   49548           12387.00
      16        4   49548           12387.00

Additional Load Imbalance Metrics
----------------------------------
Max block size / Avg block size   : 1.000037
Max color nodes / Avg color nodes : 1.375050

-------------------------------------------------
G3_circuit bs = 128, policy = 2, coloring = 3

==============================================
  Partitioning Evaluation Report
==============================================
1. Total Blocks          : 128
   Total Colors          : 16
2. Nodes per Block
   - Average             : 12386.55
   - Maximum             : 12387
   - Minimum             : 12329
   - Stddev              : 5.106459
   - Gini coefficient    : 0.000036
3. Internal Avg Degree   : 3.2823 (Mean of per-block avg)
4. Block Graph Avg Deg   : 18.2969
5. Modularity
   - Unweighted Q        : 0.848664
   - Weighted Q          : 0.946884
==============================================
Internal edges : 2601975
External edges : 435699
Internal ratio : 0.856568
Avg block density : 0.000265
Block graph edges : 1171
Block graph density : 0.144070
Locality score : 5.971942

6. Color Statistics
   Color   Blocks   Nodes   AvgNodesPerBlock
       1       11   136257           12387.00
       2       10   123870           12387.00
       3       10   123870           12387.00
       4       10   123870           12387.00
       5       10   123870           12387.00
       6       10   123870           12387.00
       7       10   123870           12387.00
       8       10   123870           12387.00
       9       10   123870           12387.00
      10        9   111483           12387.00
      11        7   86709           12387.00
      12        5   61935           12387.00
      13        4   49490           12372.50
      14        4   49548           12387.00
      15        4   49548           12387.00
      16        4   49548           12387.00

Additional Load Imbalance Metrics
----------------------------------
Max block size / Avg block size   : 1.000037
Max color nodes / Avg color nodes : 1.375050

-------------------------------------------------
G3_circuit bs = 128, policy = 3, coloring = 1

==============================================
  Partitioning Evaluation Report
==============================================
1. Total Blocks          : 128
   Total Colors          : 11
2. Nodes per Block
   - Average             : 12386.55
   - Maximum             : 12387
   - Minimum             : 12329
   - Stddev              : 5.106459
   - Gini coefficient    : 0.000036
3. Internal Avg Degree   : 3.5698 (Mean of per-block avg)
4. Block Graph Avg Deg   : 29.5000
5. Modularity
   - Unweighted Q        : 0.923779
   - Weighted Q          : 0.984298
==============================================
Internal edges : 2829902
External edges : 207772
Internal ratio : 0.931602
Avg block density : 0.000288
Block graph edges : 1888
Block graph density : 0.232283
Locality score : 13.620162

6. Color Statistics
   Color   Blocks   Nodes   AvgNodesPerBlock
       1       17   210579           12387.00
       2       17   210521           12383.59
       3       15   185805           12387.00
       4       15   185805           12387.00
       5       15   185805           12387.00
       6       14   173418           12387.00
       7        9   111483           12387.00
       8        8   99096           12387.00
       9        8   99096           12387.00
      10        7   86709           12387.00
      11        3   37161           12387.00

Additional Load Imbalance Metrics
----------------------------------
Max block size / Avg block size   : 1.000037
Max color nodes / Avg color nodes : 1.460991

-------------------------------------------------
G3_circuit bs = 128, policy = 3, coloring = 2

==============================================
  Partitioning Evaluation Report
==============================================
1. Total Blocks          : 128
   Total Colors          : 11
2. Nodes per Block
   - Average             : 12386.55
   - Maximum             : 12387
   - Minimum             : 12329
   - Stddev              : 5.106459
   - Gini coefficient    : 0.000036
3. Internal Avg Degree   : 3.5698 (Mean of per-block avg)
4. Block Graph Avg Deg   : 29.5000
5. Modularity
   - Unweighted Q        : 0.923779
   - Weighted Q          : 0.984298
==============================================
Internal edges : 2829902
External edges : 207772
Internal ratio : 0.931602
Avg block density : 0.000288
Block graph edges : 1888
Block graph density : 0.232283
Locality score : 13.620162

6. Color Statistics
   Color   Blocks   Nodes   AvgNodesPerBlock
       1       14   173418           12387.00
       2       14   173418           12387.00
       3       14   173418           12387.00
       4       13   161031           12387.00
       5       13   161031           12387.00
       6       13   161031           12387.00
       7       12   148644           12387.00
       8       11   136199           12381.73
       9        8   99096           12387.00
      10        8   99096           12387.00
      11        8   99096           12387.00

Additional Load Imbalance Metrics
----------------------------------
Max block size / Avg block size   : 1.000037
Max color nodes / Avg color nodes : 1.203169

-------------------------------------------------
G3_circuit bs = 128, policy = 3, coloring = 3

==============================================
  Partitioning Evaluation Report
==============================================
1. Total Blocks          : 128
   Total Colors          : 11
2. Nodes per Block
   - Average             : 12386.55
   - Maximum             : 12387
   - Minimum             : 12329
   - Stddev              : 5.106459
   - Gini coefficient    : 0.000036
3. Internal Avg Degree   : 3.5698 (Mean of per-block avg)
4. Block Graph Avg Deg   : 29.5000
5. Modularity
   - Unweighted Q        : 0.923779
   - Weighted Q          : 0.984298
==============================================
Internal edges : 2829902
External edges : 207772
Internal ratio : 0.931602
Avg block density : 0.000288
Block graph edges : 1888
Block graph density : 0.232283
Locality score : 13.620162

6. Color Statistics
   Color   Blocks   Nodes   AvgNodesPerBlock
       1       13   161031           12387.00
       2       13   160973           12382.54
       3       13   161031           12387.00
       4       13   161031           12387.00
       5       13   161031           12387.00
       6       13   161031           12387.00
       7       13   161031           12387.00
       8       12   148644           12387.00
       9        9   111483           12387.00
      10        8   99096           12387.00
      11        8   99096           12387.00

Additional Load Imbalance Metrics
----------------------------------
Max block size / Avg block size   : 1.000037
Max color nodes / Avg color nodes : 1.117228

-------------------------------------------------
G3_circuit bs = 256, policy = 1, coloring = 1

==============================================
  Partitioning Evaluation Report
==============================================
1. Total Blocks          : 256
   Total Colors          : 10
2. Nodes per Block
   - Average             : 6193.27
   - Maximum             : 6194
   - Minimum             : 6008
   - Stddev              : 11.602273
   - Gini coefficient    : 0.000117
3. Internal Avg Degree   : 3.5423 (Mean of per-block avg)
4. Block Graph Avg Deg   : 18.6797
5. Modularity
   - Unweighted Q        : 0.920549
   - Weighted Q          : 0.914142
==============================================
Internal edges : 2808207
External edges : 229467
Internal ratio : 0.924460
Avg block density : 0.000572
Block graph edges : 2391
Block graph density : 0.073254
Locality score : 12.237902

6. Color Statistics
   Color   Blocks   Nodes   AvgNodesPerBlock
       1       39   241566            6194.00
       2       34   210596            6194.00
       3       34   210596            6194.00
       4       33   204402            6194.00
       5       29   179626            6194.00
       6       28   173432            6194.00
       7       21   130074            6194.00
       8       17   105112            6183.06
       9       16   99104            6194.00
      10        5   30970            6194.00

Additional Load Imbalance Metrics
----------------------------------
Max block size / Avg block size   : 1.000117
Max color nodes / Avg color nodes : 1.523616

-------------------------------------------------
G3_circuit bs = 256, policy = 1, coloring = 2

==============================================
  Partitioning Evaluation Report
==============================================
1. Total Blocks          : 256
   Total Colors          : 11
2. Nodes per Block
   - Average             : 6193.27
   - Maximum             : 6194
   - Minimum             : 6008
   - Stddev              : 11.602273
   - Gini coefficient    : 0.000117
3. Internal Avg Degree   : 3.5423 (Mean of per-block avg)
4. Block Graph Avg Deg   : 18.6797
5. Modularity
   - Unweighted Q        : 0.920549
   - Weighted Q          : 0.914142
==============================================
Internal edges : 2808207
External edges : 229467
Internal ratio : 0.924460
Avg block density : 0.000572
Block graph edges : 2391
Block graph density : 0.073254
Locality score : 12.237902

6. Color Statistics
   Color   Blocks   Nodes   AvgNodesPerBlock
       1       25   154850            6194.00
       2       25   154850            6194.00
       3       24   148656            6194.00
       4       24   148656            6194.00
       5       24   148656            6194.00
       6       24   148656            6194.00
       7       24   148656            6194.00
       8       24   148656            6194.00
       9       23   142462            6194.00
      10       20   123880            6194.00
      11       19   117500            6184.21

Additional Load Imbalance Metrics
----------------------------------
Max block size / Avg block size   : 1.000117
Max color nodes / Avg color nodes : 1.074345

-------------------------------------------------
G3_circuit bs = 256, policy = 1, coloring = 3

==============================================
  Partitioning Evaluation Report
==============================================
1. Total Blocks          : 256
   Total Colors          : 10
2. Nodes per Block
   - Average             : 6193.27
   - Maximum             : 6194
   - Minimum             : 6008
   - Stddev              : 11.602273
   - Gini coefficient    : 0.000117
3. Internal Avg Degree   : 3.5423 (Mean of per-block avg)
4. Block Graph Avg Deg   : 18.6797
5. Modularity
   - Unweighted Q        : 0.920549
   - Weighted Q          : 0.914142
==============================================
Internal edges : 2808207
External edges : 229467
Internal ratio : 0.924460
Avg block density : 0.000572
Block graph edges : 2391
Block graph density : 0.073254
Locality score : 12.237902

6. Color Statistics
   Color   Blocks   Nodes   AvgNodesPerBlock
       1       28   173432            6194.00
       2       28   173432            6194.00
       3       27   167238            6194.00
       4       27   167238            6194.00
       5       27   167238            6194.00
       6       27   167238            6194.00
       7       27   167238            6194.00
       8       27   167238            6194.00
       9       20   123880            6194.00
      10       18   111306            6183.67

Additional Load Imbalance Metrics
----------------------------------
Max block size / Avg block size   : 1.000117
Max color nodes / Avg color nodes : 1.093878

-------------------------------------------------
G3_circuit bs = 256, policy = 2, coloring = 1

==============================================
  Partitioning Evaluation Report
==============================================
1. Total Blocks          : 256
   Total Colors          : 29
2. Nodes per Block
   - Average             : 6193.27
   - Maximum             : 6194
   - Minimum             : 6008
   - Stddev              : 11.602273
   - Gini coefficient    : 0.000117
3. Internal Avg Degree   : 3.2343 (Mean of per-block avg)
4. Block Graph Avg Deg   : 35.4531
5. Modularity
   - Unweighted Q        : 0.840091
   - Weighted Q          : 0.922379
==============================================
Internal edges : 2563920
External edges : 473754
Internal ratio : 0.844041
Avg block density : 0.000522
Block graph edges : 4538
Block graph density : 0.139032
Locality score : 5.411911

6. Color Statistics
   Color   Blocks   Nodes   AvgNodesPerBlock
       1       66   408804            6194.00
       2       37   229178            6194.00
       3       20   123880            6194.00
       4       19   117686            6194.00
       5       11   68134            6194.00
       6       10   61754            6175.40
       7        9   55746            6194.00
       8        9   55746            6194.00
       9        8   49552            6194.00
      10        8   49552            6194.00
      11        7   43358            6194.00
      12        7   43358            6194.00
      13        6   37164            6194.00
      14        5   30970            6194.00
      15        4   24776            6194.00
      16        4   24776            6194.00
      17        3   18582            6194.00
      18        3   18582            6194.00
      19        2   12388            6194.00
      20        2   12388            6194.00
      21        2   12388            6194.00
      22        2   12388            6194.00
      23        2   12388            6194.00
      24        2   12388            6194.00
      25        2   12388            6194.00
      26        2   12388            6194.00
      27        2   12388            6194.00
      28        1    6194            6194.00
      29        1    6194            6194.00

Additional Load Imbalance Metrics
----------------------------------
Max block size / Avg block size   : 1.000117
Max color nodes / Avg color nodes : 7.477440

-------------------------------------------------
G3_circuit bs = 256, policy = 2, coloring = 2

==============================================
  Partitioning Evaluation Report
==============================================
1. Total Blocks          : 256
   Total Colors          : 29
2. Nodes per Block
   - Average             : 6193.27
   - Maximum             : 6194
   - Minimum             : 6008
   - Stddev              : 11.602273
   - Gini coefficient    : 0.000117
3. Internal Avg Degree   : 3.2343 (Mean of per-block avg)
4. Block Graph Avg Deg   : 35.4531
5. Modularity
   - Unweighted Q        : 0.840091
   - Weighted Q          : 0.922379
==============================================
Internal edges : 2563920
External edges : 473754
Internal ratio : 0.844041
Avg block density : 0.000522
Block graph edges : 4538
Block graph density : 0.139032
Locality score : 5.411911

6. Color Statistics
   Color   Blocks   Nodes   AvgNodesPerBlock
       1       11   68134            6194.00
       2       11   68134            6194.00
       3       11   68134            6194.00
       4       11   68134            6194.00
       5       11   68134            6194.00
       6       11   68134            6194.00
       7       11   68134            6194.00
       8       11   68134            6194.00
       9       11   68134            6194.00
      10       11   68134            6194.00
      11       11   68134            6194.00
      12       10   61940            6194.00
      13       10   61940            6194.00
      14       10   61940            6194.00
      15       10   61940            6194.00
      16       10   61940            6194.00
      17       10   61940            6194.00
      18        9   55746            6194.00
      19        9   55746            6194.00
      20        9   55746            6194.00
      21        8   49552            6194.00
      22        5   30784            6156.80
      23        5   30970            6194.00
      24        5   30970            6194.00
      25        5   30970            6194.00
      26        5   30970            6194.00
      27        5   30970            6194.00
      28        5   30970            6194.00
      29        5   30970            6194.00

Additional Load Imbalance Metrics
----------------------------------
Max block size / Avg block size   : 1.000117
Max color nodes / Avg color nodes : 1.246240

-------------------------------------------------
G3_circuit bs = 256, policy = 2, coloring = 3

==============================================
  Partitioning Evaluation Report
==============================================
1. Total Blocks          : 256
   Total Colors          : 29
2. Nodes per Block
   - Average             : 6193.27
   - Maximum             : 6194
   - Minimum             : 6008
   - Stddev              : 11.602273
   - Gini coefficient    : 0.000117
3. Internal Avg Degree   : 3.2343 (Mean of per-block avg)
4. Block Graph Avg Deg   : 35.4531
5. Modularity
   - Unweighted Q        : 0.840091
   - Weighted Q          : 0.922379
==============================================
Internal edges : 2563920
External edges : 473754
Internal ratio : 0.844041
Avg block density : 0.000522
Block graph edges : 4538
Block graph density : 0.139032
Locality score : 5.411911

6. Color Statistics
   Color   Blocks   Nodes   AvgNodesPerBlock
       1       11   68134            6194.00
       2       11   68134            6194.00
       3       11   68134            6194.00
       4       11   68134            6194.00
       5       11   68134            6194.00
       6       11   68134            6194.00
       7       11   68134            6194.00
       8       11   68134            6194.00
       9       10   61940            6194.00
      10       10   61940            6194.00
      11       10   61940            6194.00
      12       10   61940            6194.00
      13       10   61940            6194.00
      14       10   61940            6194.00
      15       10   61940            6194.00
      16       10   61940            6194.00
      17       10   61940            6194.00
      18       10   61940            6194.00
      19        9   55746            6194.00
      20        9   55746            6194.00
      21        8   49552            6194.00
      22        6   37164            6194.00
      23        6   37164            6194.00
      24        5   30784            6156.80
      25        5   30970            6194.00
      26        5   30970            6194.00
      27        5   30970            6194.00
      28        5   30970            6194.00
      29        5   30970            6194.00

Additional Load Imbalance Metrics
----------------------------------
Max block size / Avg block size   : 1.000117
Max color nodes / Avg color nodes : 1.246240

-------------------------------------------------
G3_circuit bs = 256, policy = 3, coloring = 1

==============================================
  Partitioning Evaluation Report
==============================================
1. Total Blocks          : 256
   Total Colors          : 12
2. Nodes per Block
   - Average             : 6193.27
   - Maximum             : 6194
   - Minimum             : 6008
   - Stddev              : 11.602273
   - Gini coefficient    : 0.000117
3. Internal Avg Degree   : 3.5232 (Mean of per-block avg)
4. Block Graph Avg Deg   : 40.4844
5. Modularity
   - Unweighted Q        : 0.915543
   - Weighted Q          : 0.984571
==============================================
Internal edges : 2792999
External edges : 244675
Internal ratio : 0.919453
Avg block density : 0.000569
Block graph edges : 5182
Block graph density : 0.158762
Locality score : 11.415092

6. Color Statistics
   Color   Blocks   Nodes   AvgNodesPerBlock
       1       34   210596            6194.00
       2       33   204402            6194.00
       3       33   204402            6194.00
       4       31   192014            6194.00
       5       30   185820            6194.00
       6       28   173246            6187.36
       7       23   142462            6194.00
       8       16   99104            6194.00
       9       14   86716            6194.00
      10        9   55746            6194.00
      11        3   18582            6194.00
      12        2   12388            6194.00

Additional Load Imbalance Metrics
----------------------------------
Max block size / Avg block size   : 1.000117
Max color nodes / Avg color nodes : 1.593937

-------------------------------------------------
G3_circuit bs = 256, policy = 3, coloring = 2

==============================================
  Partitioning Evaluation Report
==============================================
1. Total Blocks          : 256
   Total Colors          : 13
2. Nodes per Block
   - Average             : 6193.27
   - Maximum             : 6194
   - Minimum             : 6008
   - Stddev              : 11.602273
   - Gini coefficient    : 0.000117
3. Internal Avg Degree   : 3.5232 (Mean of per-block avg)
4. Block Graph Avg Deg   : 40.4844
5. Modularity
   - Unweighted Q        : 0.915543
   - Weighted Q          : 0.984571
==============================================
Internal edges : 2792999
External edges : 244675
Internal ratio : 0.919453
Avg block density : 0.000569
Block graph edges : 5182
Block graph density : 0.158762
Locality score : 11.415092

6. Color Statistics
   Color   Blocks   Nodes   AvgNodesPerBlock
       1       21   130074            6194.00
       2       21   130074            6194.00
       3       20   123880            6194.00
       4       20   123880            6194.00
       5       20   123880            6194.00
       6       20   123880            6194.00
       7       20   123880            6194.00
       8       20   123880            6194.00
       9       20   123880            6194.00
      10       20   123880            6194.00
      11       20   123880            6194.00
      12       20   123694            6184.70
      13       14   86716            6194.00

Additional Load Imbalance Metrics
----------------------------------
Max block size / Avg block size   : 1.000117
Max color nodes / Avg color nodes : 1.066531

-------------------------------------------------
G3_circuit bs = 256, policy = 3, coloring = 3

==============================================
  Partitioning Evaluation Report
==============================================
1. Total Blocks          : 256
   Total Colors          : 12
2. Nodes per Block
   - Average             : 6193.27
   - Maximum             : 6194
   - Minimum             : 6008
   - Stddev              : 11.602273
   - Gini coefficient    : 0.000117
3. Internal Avg Degree   : 3.5232 (Mean of per-block avg)
4. Block Graph Avg Deg   : 40.4844
5. Modularity
   - Unweighted Q        : 0.915543
   - Weighted Q          : 0.984571
==============================================
Internal edges : 2792999
External edges : 244675
Internal ratio : 0.919453
Avg block density : 0.000569
Block graph edges : 5182
Block graph density : 0.158762
Locality score : 11.415092

6. Color Statistics
   Color   Blocks   Nodes   AvgNodesPerBlock
       1       22   136268            6194.00
       2       22   136268            6194.00
       3       22   136268            6194.00
       4       22   136082            6185.55
       5       22   136268            6194.00
       6       22   136268            6194.00
       7       22   136268            6194.00
       8       22   136268            6194.00
       9       22   136268            6194.00
      10       21   130074            6194.00
      11       21   130074            6194.00
      12       16   99104            6194.00

Additional Load Imbalance Metrics
----------------------------------
Max block size / Avg block size   : 1.000117
Max color nodes / Avg color nodes : 1.031371

-------------------------------------------------
G3_circuit bs = 512, policy = 1, coloring = 1

==============================================
  Partitioning Evaluation Report
==============================================
1. Total Blocks          : 512
   Total Colors          : 10
2. Nodes per Block
   - Average             : 3096.64
   - Maximum             : 3097
   - Minimum             : 2911
   - Stddev              : 8.212085
   - Gini coefficient    : 0.000117
3. Internal Avg Degree   : 3.4674 (Mean of per-block avg)
4. Block Graph Avg Deg   : 19.8594
5. Modularity
   - Unweighted Q        : 0.902982
   - Weighted Q          : 0.899339
==============================================
Internal edges : 2748907
External edges : 288767
Internal ratio : 0.904938
Avg block density : 0.001120
Block graph edges : 5084
Block graph density : 0.038864
Locality score : 9.519431

6. Color Statistics
   Color   Blocks   Nodes   AvgNodesPerBlock
       1       76   235372            3097.00
       2       67   207499            3097.00
       3       66   204402            3097.00
       4       60   185820            3097.00
       5       57   176529            3097.00
       6       53   164141            3097.00
       7       43   132985            3092.67
       8       41   126977            3097.00
       9       38   117686            3097.00
      10       11   34067            3097.00

Additional Load Imbalance Metrics
----------------------------------
Max block size / Avg block size   : 1.000117
Max color nodes / Avg color nodes : 1.484549

-------------------------------------------------
G3_circuit bs = 512, policy = 1, coloring = 2

==============================================
  Partitioning Evaluation Report
==============================================
1. Total Blocks          : 512
   Total Colors          : 13
2. Nodes per Block
   - Average             : 3096.64
   - Maximum             : 3097
   - Minimum             : 2911
   - Stddev              : 8.212085
   - Gini coefficient    : 0.000117
3. Internal Avg Degree   : 3.4674 (Mean of per-block avg)
4. Block Graph Avg Deg   : 19.8594
5. Modularity
   - Unweighted Q        : 0.902982
   - Weighted Q          : 0.899339
==============================================
Internal edges : 2748907
External edges : 288767
Internal ratio : 0.904938
Avg block density : 0.001120
Block graph edges : 5084
Block graph density : 0.038864
Locality score : 9.519431

6. Color Statistics
   Color   Blocks   Nodes   AvgNodesPerBlock
       1       40   123880            3097.00
       2       40   123694            3092.35
       3       40   123880            3097.00
       4       40   123880            3097.00
       5       40   123880            3097.00
       6       39   120783            3097.00
       7       39   120783            3097.00
       8       39   120783            3097.00
       9       39   120783            3097.00
      10       39   120783            3097.00
      11       39   120783            3097.00
      12       39   120783            3097.00
      13       39   120783            3097.00

Additional Load Imbalance Metrics
----------------------------------
Max block size / Avg block size   : 1.000117
Max color nodes / Avg color nodes : 1.015744

-------------------------------------------------
G3_circuit bs = 512, policy = 1, coloring = 3

==============================================
  Partitioning Evaluation Report
==============================================
1. Total Blocks          : 512
   Total Colors          : 10
2. Nodes per Block
   - Average             : 3096.64
   - Maximum             : 3097
   - Minimum             : 2911
   - Stddev              : 8.212085
   - Gini coefficient    : 0.000117
3. Internal Avg Degree   : 3.4674 (Mean of per-block avg)
4. Block Graph Avg Deg   : 19.8594
5. Modularity
   - Unweighted Q        : 0.902982
   - Weighted Q          : 0.899339
==============================================
Internal edges : 2748907
External edges : 288767
Internal ratio : 0.904938
Avg block density : 0.001120
Block graph edges : 5084
Block graph density : 0.038864
Locality score : 9.519431

6. Color Statistics
   Color   Blocks   Nodes   AvgNodesPerBlock
       1       54   167238            3097.00
       2       54   167238            3097.00
       3       54   167238            3097.00
       4       54   167238            3097.00
       5       54   167238            3097.00
       6       54   167238            3097.00
       7       54   167238            3097.00
       8       53   164141            3097.00
       9       43   132985            3092.67
      10       38   117686            3097.00

Additional Load Imbalance Metrics
----------------------------------
Max block size / Avg block size   : 1.000117
Max color nodes / Avg color nodes : 1.054811

-------------------------------------------------
G3_circuit bs = 512, policy = 2, coloring = 1

==============================================
  Partitioning Evaluation Report
==============================================
1. Total Blocks          : 512
   Total Colors          : 58
2. Nodes per Block
   - Average             : 3096.64
   - Maximum             : 3097
   - Minimum             : 2911
   - Stddev              : 8.212085
   - Gini coefficient    : 0.000117
3. Internal Avg Degree   : 3.1540 (Mean of per-block avg)
4. Block Graph Avg Deg   : 59.4375
5. Modularity
   - Unweighted Q        : 0.821117
   - Weighted Q          : 0.814519
==============================================
Internal edges : 2500281
External edges : 537393
Internal ratio : 0.823091
Avg block density : 0.001019
Block graph edges : 15216
Block graph density : 0.116316
Locality score : 4.652603

6. Color Statistics
   Color   Blocks   Nodes   AvgNodesPerBlock
       1       36   111492            3097.00
       2       36   111492            3097.00
       3       35   108209            3091.69
       4       30   92910            3097.00
       5       26   80522            3097.00
       6       26   80522            3097.00
       7       22   68134            3097.00
       8       19   58843            3097.00
       9       19   58843            3097.00
      10       17   52649            3097.00
      11       17   52649            3097.00
      12       17   52649            3097.00
      13       15   46455            3097.00
      14       14   43358            3097.00
      15       13   40261            3097.00
      16       12   37164            3097.00
      17       12   37164            3097.00
      18       11   34067            3097.00
      19       11   34067            3097.00
      20        9   27873            3097.00
      21        9   27873            3097.00
      22        6   18582            3097.00
      23        6   18582            3097.00
      24        6   18582            3097.00
      25        5   15485            3097.00
      26        5   15485            3097.00
      27        4   12388            3097.00
      28        4   12388            3097.00
      29        4   12388            3097.00
      30        4   12388            3097.00
      31        4   12388            3097.00
      32        3    9291            3097.00
      33        3    9291            3097.00
      34        3    9291            3097.00
      35        3    9291            3097.00
      36        3    9291            3097.00
      37        3    9291            3097.00
      38        2    6194            3097.00
      39        2    6194            3097.00
      40        2    6194            3097.00
      41        2    6194            3097.00
      42        2    6194            3097.00
      43        2    6194            3097.00
      44        2    6194            3097.00
      45        2    6194            3097.00
      46        2    6194            3097.00
      47        2    6194            3097.00
      48        2    6194            3097.00
      49        2    6194            3097.00
      50        2    6194            3097.00
      51        2    6194            3097.00
      52        2    6194            3097.00
      53        2    6194            3097.00
      54        2    6194            3097.00
      55        2    6194            3097.00
      56        2    6194            3097.00
      57        1    3097            3097.00
      58        1    3097            3097.00

Additional Load Imbalance Metrics
----------------------------------
Max block size / Avg block size   : 1.000117
Max color nodes / Avg color nodes : 4.078603

-------------------------------------------------
G3_circuit bs = 512, policy = 2, coloring = 2

==============================================
  Partitioning Evaluation Report
==============================================
1. Total Blocks          : 512
   Total Colors          : 56
2. Nodes per Block
   - Average             : 3096.64
   - Maximum             : 3097
   - Minimum             : 2911
   - Stddev              : 8.212085
   - Gini coefficient    : 0.000117
3. Internal Avg Degree   : 3.1540 (Mean of per-block avg)
4. Block Graph Avg Deg   : 59.4375
5. Modularity
   - Unweighted Q        : 0.821117
   - Weighted Q          : 0.814519
==============================================
Internal edges : 2500281
External edges : 537393
Internal ratio : 0.823091
Avg block density : 0.001019
Block graph edges : 15216
Block graph density : 0.116316
Locality score : 4.652603

6. Color Statistics
   Color   Blocks   Nodes   AvgNodesPerBlock
       1       10   30970            3097.00
       2       10   30970            3097.00
       3       10   30970            3097.00
       4       10   30970            3097.00
       5       10   30970            3097.00
       6       10   30970            3097.00
       7       10   30970            3097.00
       8       10   30970            3097.00
       9       10   30970            3097.00
      10       10   30970            3097.00
      11       10   30970            3097.00
      12       10   30970            3097.00
      13       10   30970            3097.00
      14       10   30970            3097.00
      15       10   30970            3097.00
      16       10   30970            3097.00
      17        9   27873            3097.00
      18        9   27873            3097.00
      19        9   27873            3097.00
      20        9   27873            3097.00
      21        9   27873            3097.00
      22        9   27873            3097.00
      23        9   27873            3097.00
      24        9   27873            3097.00
      25        9   27687            3076.33
      26        9   27873            3097.00
      27        9   27873            3097.00
      28        9   27873            3097.00
      29        9   27873            3097.00
      30        9   27873            3097.00
      31        9   27873            3097.00
      32        9   27873            3097.00
      33        9   27873            3097.00
      34        9   27873            3097.00
      35        9   27873            3097.00
      36        9   27873            3097.00
      37        9   27873            3097.00
      38        9   27873            3097.00
      39        9   27873            3097.00
      40        9   27873            3097.00
      41        9   27873            3097.00
      42        9   27873            3097.00
      43        9   27873            3097.00
      44        9   27873            3097.00
      45        9   27873            3097.00
      46        9   27873            3097.00
      47        9   27873            3097.00
      48        9   27873            3097.00
      49        8   24776            3097.00
      50        8   24776            3097.00
      51        8   24776            3097.00
      52        8   24776            3097.00
      53        8   24776            3097.00
      54        8   24776            3097.00
      55        8   24776            3097.00
      56        8   24776            3097.00

Additional Load Imbalance Metrics
----------------------------------
Max block size / Avg block size   : 1.000117
Max color nodes / Avg color nodes : 1.093878

-------------------------------------------------
G3_circuit bs = 512, policy = 2, coloring = 3

==============================================
  Partitioning Evaluation Report
==============================================
1. Total Blocks          : 512
   Total Colors          : 58
2. Nodes per Block
   - Average             : 3096.64
   - Maximum             : 3097
   - Minimum             : 2911
   - Stddev              : 8.212085
   - Gini coefficient    : 0.000117
3. Internal Avg Degree   : 3.1540 (Mean of per-block avg)
4. Block Graph Avg Deg   : 59.4375
5. Modularity
   - Unweighted Q        : 0.821117
   - Weighted Q          : 0.814519
==============================================
Internal edges : 2500281
External edges : 537393
Internal ratio : 0.823091
Avg block density : 0.001019
Block graph edges : 15216
Block graph density : 0.116316
Locality score : 4.652603

6. Color Statistics
   Color   Blocks   Nodes   AvgNodesPerBlock
       1       10   30970            3097.00
       2       10   30970            3097.00
       3       10   30970            3097.00
       4       10   30970            3097.00
       5       10   30970            3097.00
       6       10   30970            3097.00
       7       10   30970            3097.00
       8       10   30970            3097.00
       9       10   30970            3097.00
      10       10   30970            3097.00
      11       10   30970            3097.00
      12       10   30970            3097.00
      13        9   27873            3097.00
      14        9   27873            3097.00
      15        9   27873            3097.00
      16        9   27873            3097.00
      17        9   27873            3097.00
      18        9   27873            3097.00
      19        9   27873            3097.00
      20        9   27873            3097.00
      21        9   27873            3097.00
      22        9   27873            3097.00
      23        9   27873            3097.00
      24        9   27873            3097.00
      25        9   27873            3097.00
      26        9   27873            3097.00
      27        9   27873            3097.00
      28        9   27873            3097.00
      29        9   27873            3097.00
      30        9   27873            3097.00
      31        9   27873            3097.00
      32        9   27873            3097.00
      33        9   27873            3097.00
      34        9   27873            3097.00
      35        9   27873            3097.00
      36        9   27873            3097.00
      37        8   24590            3073.75
      38        8   24776            3097.00
      39        8   24776            3097.00
      40        8   24776            3097.00
      41        8   24776            3097.00
      42        8   24776            3097.00
      43        8   24776            3097.00
      44        8   24776            3097.00
      45        8   24776            3097.00
      46        8   24776            3097.00
      47        8   24776            3097.00
      48        8   24776            3097.00
      49        8   24776            3097.00
      50        8   24776            3097.00
      51        8   24776            3097.00
      52        8   24776            3097.00
      53        8   24776            3097.00
      54        8   24776            3097.00
      55        8   24776            3097.00
      56        8   24776            3097.00
      57        8   24776            3097.00
      58        8   24776            3097.00

Additional Load Imbalance Metrics
----------------------------------
Max block size / Avg block size   : 1.000117
Max color nodes / Avg color nodes : 1.132945

-------------------------------------------------
G3_circuit bs = 512, policy = 3, coloring = 1

==============================================
  Partitioning Evaluation Report
==============================================
1. Total Blocks          : 512
   Total Colors          : 10
2. Nodes per Block
   - Average             : 3096.64
   - Maximum             : 3097
   - Minimum             : 2911
   - Stddev              : 8.212085
   - Gini coefficient    : 0.000117
3. Internal Avg Degree   : 3.4395 (Mean of per-block avg)
4. Block Graph Avg Deg   : 66.2773
5. Modularity
   - Unweighted Q        : 0.895661
   - Weighted Q          : 0.978395
==============================================
Internal edges : 2726664
External edges : 311010
Internal ratio : 0.897616
Avg block density : 0.001111
Block graph edges : 16967
Block graph density : 0.129701
Locality score : 8.767098

6. Color Statistics
   Color   Blocks   Nodes   AvgNodesPerBlock
       1       92   284738            3094.98
       2       85   263245            3097.00
       3       76   235372            3097.00
       4       70   216790            3097.00
       5       53   164141            3097.00
       6       42   130074            3097.00
       7       32   99104            3097.00
       8       32   99104            3097.00
       9       24   74328            3097.00
      10        6   18582            3097.00

Additional Load Imbalance Metrics
----------------------------------
Max block size / Avg block size   : 1.000117
Max color nodes / Avg color nodes : 1.795913

-------------------------------------------------
G3_circuit bs = 512, policy = 3, coloring = 2

==============================================
  Partitioning Evaluation Report
==============================================
1. Total Blocks          : 512
   Total Colors          : 11
2. Nodes per Block
   - Average             : 3096.64
   - Maximum             : 3097
   - Minimum             : 2911
   - Stddev              : 8.212085
   - Gini coefficient    : 0.000117
3. Internal Avg Degree   : 3.4395 (Mean of per-block avg)
4. Block Graph Avg Deg   : 66.2773
5. Modularity
   - Unweighted Q        : 0.895661
   - Weighted Q          : 0.978395
==============================================
Internal edges : 2726664
External edges : 311010
Internal ratio : 0.897616
Avg block density : 0.001111
Block graph edges : 16967
Block graph density : 0.129701
Locality score : 8.767098

6. Color Statistics
   Color   Blocks   Nodes   AvgNodesPerBlock
       1       59   182537            3093.85
       2       59   182723            3097.00
       3       59   182723            3097.00
       4       59   182723            3097.00
       5       58   179626            3097.00
       6       58   179626            3097.00
       7       48   148656            3097.00
       8       47   145559            3097.00
       9       30   92910            3097.00
      10       21   65037            3097.00
      11       14   43358            3097.00

Additional Load Imbalance Metrics
----------------------------------
Max block size / Avg block size   : 1.000117
Max color nodes / Avg color nodes : 1.267727

-------------------------------------------------
G3_circuit bs = 512, policy = 3, coloring = 3

==============================================
  Partitioning Evaluation Report
==============================================
1. Total Blocks          : 512
   Total Colors          : 10
2. Nodes per Block
   - Average             : 3096.64
   - Maximum             : 3097
   - Minimum             : 2911
   - Stddev              : 8.212085
   - Gini coefficient    : 0.000117
3. Internal Avg Degree   : 3.4395 (Mean of per-block avg)
4. Block Graph Avg Deg   : 66.2773
5. Modularity
   - Unweighted Q        : 0.895661
   - Weighted Q          : 0.978395
==============================================
Internal edges : 2726664
External edges : 311010
Internal ratio : 0.897616
Avg block density : 0.001111
Block graph edges : 16967
Block graph density : 0.129701
Locality score : 8.767098

6. Color Statistics
   Color   Blocks   Nodes   AvgNodesPerBlock
       1       60   185820            3097.00
       2       60   185634            3093.90
       3       60   185820            3097.00
       4       60   185820            3097.00
       5       60   185820            3097.00
       6       60   185820            3097.00
       7       48   148656            3097.00
       8       48   148656            3097.00
       9       32   99104            3097.00
      10       24   74328            3097.00

Additional Load Imbalance Metrics
----------------------------------
Max block size / Avg block size   : 1.000117
Max color nodes / Avg color nodes : 1.172012

-------------------------------------------------
G3_circuit bs = 1024, policy = 1, coloring = 1

==============================================
  Partitioning Evaluation Report
==============================================
1. Total Blocks          : 1024
   Total Colors          : 11
2. Nodes per Block
   - Average             : 1548.32
   - Maximum             : 1549
   - Minimum             : 851
   - Stddev              : 21.801847
   - Gini coefficient    : 0.000440
3. Internal Avg Degree   : 3.3675 (Mean of per-block avg)
4. Block Graph Avg Deg   : 19.1855
5. Modularity
   - Unweighted Q        : 0.877976
   - Weighted Q          : 0.871180
==============================================
Internal edges : 2669978
External edges : 367696
Internal ratio : 0.878955
Avg block density : 0.002176
Block graph edges : 9823
Block graph density : 0.018754
Locality score : 7.261354

6. Color Statistics
   Color   Blocks   Nodes   AvgNodesPerBlock
       1      142   219958            1549.00
       2      138   213762            1549.00
       3      136   210664            1549.00
       4      131   202919            1549.00
       5      113   175037            1549.00
       6      108   166594            1542.54
       7       99   153351            1549.00
       8       88   136312            1549.00
       9       49   75901            1549.00
      10       17   26333            1549.00
      11        3    4647            1549.00

Additional Load Imbalance Metrics
----------------------------------
Max block size / Avg block size   : 1.000440
Max color nodes / Avg color nodes : 1.526062

-------------------------------------------------
G3_circuit bs = 1024, policy = 1, coloring = 2

==============================================
  Partitioning Evaluation Report
==============================================
1. Total Blocks          : 1024
   Total Colors          : 13
2. Nodes per Block
   - Average             : 1548.32
   - Maximum             : 1549
   - Minimum             : 851
   - Stddev              : 21.801847
   - Gini coefficient    : 0.000440
3. Internal Avg Degree   : 3.3675 (Mean of per-block avg)
4. Block Graph Avg Deg   : 19.1855
5. Modularity
   - Unweighted Q        : 0.877976
   - Weighted Q          : 0.871180
==============================================
Internal edges : 2669978
External edges : 367696
Internal ratio : 0.878955
Avg block density : 0.002176
Block graph edges : 9823
Block graph density : 0.018754
Locality score : 7.261354

6. Color Statistics
   Color   Blocks   Nodes   AvgNodesPerBlock
       1       79   122371            1549.00
       2       79   121673            1540.16
       3       79   122371            1549.00
       4       79   122371            1549.00
       5       79   122371            1549.00
       6       79   122371            1549.00
       7       79   122371            1549.00
       8       79   122371            1549.00
       9       79   122371            1549.00
      10       79   122371            1549.00
      11       78   120822            1549.00
      12       78   120822            1549.00
      13       78   120822            1549.00

Additional Load Imbalance Metrics
----------------------------------
Max block size / Avg block size   : 1.000440
Max color nodes / Avg color nodes : 1.003371

-------------------------------------------------
G3_circuit bs = 1024, policy = 1, coloring = 3

==============================================
  Partitioning Evaluation Report
==============================================
1. Total Blocks          : 1024
   Total Colors          : 11
2. Nodes per Block
   - Average             : 1548.32
   - Maximum             : 1549
   - Minimum             : 851
   - Stddev              : 21.801847
   - Gini coefficient    : 0.000440
3. Internal Avg Degree   : 3.3675 (Mean of per-block avg)
4. Block Graph Avg Deg   : 19.1855
5. Modularity
   - Unweighted Q        : 0.877976
   - Weighted Q          : 0.871180
==============================================
Internal edges : 2669978
External edges : 367696
Internal ratio : 0.878955
Avg block density : 0.002176
Block graph edges : 9823
Block graph density : 0.018754
Locality score : 7.261354

6. Color Statistics
   Color   Blocks   Nodes   AvgNodesPerBlock
       1       94   145606            1549.00
       2       93   144057            1549.00
       3       93   143359            1541.49
       4       93   144057            1549.00
       5       93   144057            1549.00
       6       93   144057            1549.00
       7       93   144057            1549.00
       8       93   144057            1549.00
       9       93   144057            1549.00
      10       93   144057            1549.00
      11       93   144057            1549.00

Additional Load Imbalance Metrics
----------------------------------
Max block size / Avg block size   : 1.000440
Max color nodes / Avg color nodes : 1.010210

-------------------------------------------------
G3_circuit bs = 1024, policy = 2, coloring = 1

==============================================
  Partitioning Evaluation Report
==============================================
1. Total Blocks          : 1024
   Total Colors          : 114
2. Nodes per Block
   - Average             : 1548.32
   - Maximum             : 1549
   - Minimum             : 851
   - Stddev              : 21.801847
   - Gini coefficient    : 0.000440
3. Internal Avg Degree   : 3.0936 (Mean of per-block avg)
4. Block Graph Avg Deg   : 80.5684
5. Modularity
   - Unweighted Q        : 0.806310
   - Weighted Q          : 0.874152
==============================================
Internal edges : 2452308
External edges : 585366
Internal ratio : 0.807298
Avg block density : 0.002000
Block graph edges : 41251
Block graph density : 0.078757
Locality score : 4.189351

6. Color Statistics
   Color   Blocks   Nodes   AvgNodesPerBlock
       1      189   292761            1549.00
       2      187   288965            1545.27
       3       74   114626            1549.00
       4       19   29431            1549.00
       5       18   27882            1549.00
       6       18   27882            1549.00
       7       16   24784            1549.00
       8       16   24784            1549.00
       9       16   24784            1549.00
      10       15   23235            1549.00
      11       14   21686            1549.00
      12       14   21686            1549.00
      13       13   20137            1549.00
      14       13   20137            1549.00
      15       13   20137            1549.00
      16       12   18588            1549.00
      17       12   18588            1549.00
      18       11   17039            1549.00
      19       11   17039            1549.00
      20       11   17039            1549.00
      21       10   15490            1549.00
      22       10   15490            1549.00
      23        9   13941            1549.00
      24        9   13941            1549.00
      25        9   13941            1549.00
      26        8   12392            1549.00
      27        7   10843            1549.00
      28        7   10843            1549.00
      29        7   10843            1549.00
      30        7   10843            1549.00
      31        7   10843            1549.00
      32        6    9294            1549.00
      33        6    9294            1549.00
      34        6    9294            1549.00
      35        6    9294            1549.00
      36        6    9294            1549.00
      37        5    7745            1549.00
      38        5    7745            1549.00
      39        5    7745            1549.00
      40        5    7745            1549.00
      41        5    7745            1549.00
      42        5    7745            1549.00
      43        5    7745            1549.00
      44        5    7745            1549.00
      45        5    7745            1549.00
      46        5    7745            1549.00
      47        4    6196            1549.00
      48        4    6196            1549.00
      49        4    6196            1549.00
      50        4    6196            1549.00
      51        4    6196            1549.00
      52        4    6196            1549.00
      53        4    6196            1549.00
      54        4    6196            1549.00
      55        4    6196            1549.00
      56        4    6196            1549.00
      57        4    6196            1549.00
      58        4    6196            1549.00
      59        4    6196            1549.00
      60        3    4647            1549.00
      61        3    4647            1549.00
      62        3    4647            1549.00
      63        3    4647            1549.00
      64        3    4647            1549.00
      65        3    4647            1549.00
      66        3    4647            1549.00
      67        3    4647            1549.00
      68        3    4647            1549.00
      69        3    4647            1549.00
      70        2    3098            1549.00
      71        2    3098            1549.00
      72        2    3098            1549.00
      73        2    3098            1549.00
      74        2    3098            1549.00
      75        2    3098            1549.00
      76        2    3098            1549.00
      77        2    3098            1549.00
      78        2    3098            1549.00
      79        2    3098            1549.00
      80        2    3098            1549.00
      81        2    3098            1549.00
      82        2    3098            1549.00
      83        2    3098            1549.00
      84        2    3098            1549.00
      85        2    3098            1549.00
      86        2    3098            1549.00
      87        2    3098            1549.00
      88        2    3098            1549.00
      89        2    3098            1549.00
      90        2    3098            1549.00
      91        2    3098            1549.00
      92        2    3098            1549.00
      93        2    3098            1549.00
      94        2    3098            1549.00
      95        2    3098            1549.00
      96        2    3098            1549.00
      97        2    3098            1549.00
      98        2    3098            1549.00
      99        2    3098            1549.00
     100        2    3098            1549.00
     101        2    3098            1549.00
     102        2    3098            1549.00
     103        2    3098            1549.00
     104        2    3098            1549.00
     105        1    1549            1549.00
     106        1    1549            1549.00
     107        1    1549            1549.00
     108        1    1549            1549.00
     109        1    1549            1549.00
     110        1    1549            1549.00
     111        1    1549            1549.00
     112        1    1549            1549.00
     113        1    1549            1549.00
     114        1    1549            1549.00

Additional Load Imbalance Metrics
----------------------------------
Max block size / Avg block size   : 1.000440
Max color nodes / Avg color nodes : 21.050279

-------------------------------------------------
G3_circuit bs = 1024, policy = 2, coloring = 2

==============================================
  Partitioning Evaluation Report
==============================================
1. Total Blocks          : 1024
   Total Colors          : 111
2. Nodes per Block
   - Average             : 1548.32
   - Maximum             : 1549
   - Minimum             : 851
   - Stddev              : 21.801847
   - Gini coefficient    : 0.000440
3. Internal Avg Degree   : 3.0936 (Mean of per-block avg)
4. Block Graph Avg Deg   : 80.5684
5. Modularity
   - Unweighted Q        : 0.806310
   - Weighted Q          : 0.874152
==============================================
Internal edges : 2452308
External edges : 585366
Internal ratio : 0.807298
Avg block density : 0.002000
Block graph edges : 41251
Block graph density : 0.078757
Locality score : 4.189351

6. Color Statistics
   Color   Blocks   Nodes   AvgNodesPerBlock
       1       10   15490            1549.00
       2       10   15490            1549.00
       3       10   15490            1549.00
       4       10   15490            1549.00
       5       10   15490            1549.00
       6       10   15490            1549.00
       7       10   15490            1549.00
       8       10   15490            1549.00
       9       10   15490            1549.00
      10       10   15490            1549.00
      11       10   15490            1549.00
      12       10   15490            1549.00
      13       10   15490            1549.00
      14       10   15490            1549.00
      15       10   15490            1549.00
      16       10   15490            1549.00
      17       10   15490            1549.00
      18       10   15490            1549.00
      19       10   15490            1549.00
      20       10   15490            1549.00
      21       10   15490            1549.00
      22       10   15490            1549.00
      23       10   15490            1549.00
      24       10   14792            1479.20
      25       10   15490            1549.00
      26        9   13941            1549.00
      27        9   13941            1549.00
      28        9   13941            1549.00
      29        9   13941            1549.00
      30        9   13941            1549.00
      31        9   13941            1549.00
      32        9   13941            1549.00
      33        9   13941            1549.00
      34        9   13941            1549.00
      35        9   13941            1549.00
      36        9   13941            1549.00
      37        9   13941            1549.00
      38        9   13941            1549.00
      39        9   13941            1549.00
      40        9   13941            1549.00
      41        9   13941            1549.00
      42        9   13941            1549.00
      43        9   13941            1549.00
      44        9   13941            1549.00
      45        9   13941            1549.00
      46        9   13941            1549.00
      47        9   13941            1549.00
      48        9   13941            1549.00
      49        9   13941            1549.00
      50        9   13941            1549.00
      51        9   13941            1549.00
      52        9   13941            1549.00
      53        9   13941            1549.00
      54        9   13941            1549.00
      55        9   13941            1549.00
      56        9   13941            1549.00
      57        9   13941            1549.00
      58        9   13941            1549.00
      59        9   13941            1549.00
      60        9   13941            1549.00
      61        9   13941            1549.00
      62        9   13941            1549.00
      63        9   13941            1549.00
      64        9   13941            1549.00
      65        9   13941            1549.00
      66        9   13941            1549.00
      67        9   13941            1549.00
      68        9   13941            1549.00
      69        9   13941            1549.00
      70        9   13941            1549.00
      71        9   13941            1549.00
      72        9   13941            1549.00
      73        9   13941            1549.00
      74        9   13941            1549.00
      75        9   13941            1549.00
      76        9   13941            1549.00
      77        9   13941            1549.00
      78        9   13941            1549.00
      79        9   13941            1549.00
      80        9   13941            1549.00
      81        9   13941            1549.00
      82        9   13941            1549.00
      83        9   13941            1549.00
      84        9   13941            1549.00
      85        9   13941            1549.00
      86        9   13941            1549.00
      87        9   13941            1549.00
      88        9   13941            1549.00
      89        9   13941            1549.00
      90        9   13941            1549.00
      91        9   13941            1549.00
      92        9   13941            1549.00
      93        9   13941            1549.00
      94        9   13941            1549.00
      95        9   13941            1549.00
      96        9   13941            1549.00
      97        9   13941            1549.00
      98        9   13941            1549.00
      99        9   13941            1549.00
     100        9   13941            1549.00
     101        9   13941            1549.00
     102        9   13941            1549.00
     103        9   13941            1549.00
     104        9   13941            1549.00
     105        9   13941            1549.00
     106        9   13941            1549.00
     107        9   13941            1549.00
     108        9   13941            1549.00
     109        9   13941            1549.00
     110        9   13941            1549.00
     111        9   13941            1549.00

Additional Load Imbalance Metrics
----------------------------------
Max block size / Avg block size   : 1.000440
Max color nodes / Avg color nodes : 1.084462

-------------------------------------------------
G3_circuit bs = 1024, policy = 2, coloring = 3

==============================================
  Partitioning Evaluation Report
==============================================
1. Total Blocks          : 1024
   Total Colors          : 114
2. Nodes per Block
   - Average             : 1548.32
   - Maximum             : 1549
   - Minimum             : 851
   - Stddev              : 21.801847
   - Gini coefficient    : 0.000440
3. Internal Avg Degree   : 3.0936 (Mean of per-block avg)
4. Block Graph Avg Deg   : 80.5684
5. Modularity
   - Unweighted Q        : 0.806310
   - Weighted Q          : 0.874152
==============================================
Internal edges : 2452308
External edges : 585366
Internal ratio : 0.807298
Avg block density : 0.002000
Block graph edges : 41251
Block graph density : 0.078757
Locality score : 4.189351

6. Color Statistics
   Color   Blocks   Nodes   AvgNodesPerBlock
       1       10   15490            1549.00
       2       10   15490            1549.00
       3        9   13941            1549.00
       4        9   13243            1471.44
       5        9   13941            1549.00
       6        9   13941            1549.00
       7        9   13941            1549.00
       8        9   13941            1549.00
       9        9   13941            1549.00
      10        9   13941            1549.00
      11        9   13941            1549.00
      12        9   13941            1549.00
      13        9   13941            1549.00
      14        9   13941            1549.00
      15        9   13941            1549.00
      16        9   13941            1549.00
      17        9   13941            1549.00
      18        9   13941            1549.00
      19        9   13941            1549.00
      20        9   13941            1549.00
      21        9   13941            1549.00
      22        9   13941            1549.00
      23        9   13941            1549.00
      24        9   13941            1549.00
      25        9   13941            1549.00
      26        9   13941            1549.00
      27        9   13941            1549.00
      28        9   13941            1549.00
      29        9   13941            1549.00
      30        9   13941            1549.00
      31        9   13941            1549.00
      32        9   13941            1549.00
      33        9   13941            1549.00
      34        9   13941            1549.00
      35        9   13941            1549.00
      36        9   13941            1549.00
      37        9   13941            1549.00
      38        9   13941            1549.00
      39        9   13941            1549.00
      40        9   13941            1549.00
      41        9   13941            1549.00
      42        9   13941            1549.00
      43        9   13941            1549.00
      44        9   13941            1549.00
      45        9   13941            1549.00
      46        9   13941            1549.00
      47        9   13941            1549.00
      48        9   13941            1549.00
      49        9   13941            1549.00
      50        9   13941            1549.00
      51        9   13941            1549.00
      52        9   13941            1549.00
      53        9   13941            1549.00
      54        9   13941            1549.00
      55        9   13941            1549.00
      56        9   13941            1549.00
      57        9   13941            1549.00
      58        9   13941            1549.00
      59        9   13941            1549.00
      60        9   13941            1549.00
      61        9   13941            1549.00
      62        9   13941            1549.00
      63        9   13941            1549.00
      64        9   13941            1549.00
      65        9   13941            1549.00
      66        9   13941            1549.00
      67        9   13941            1549.00
      68        9   13941            1549.00
      69        9   13941            1549.00
      70        9   13941            1549.00
      71        9   13941            1549.00
      72        9   13941            1549.00
      73        9   13941            1549.00
      74        9   13941            1549.00
      75        9   13941            1549.00
      76        9   13941            1549.00
      77        9   13941            1549.00
      78        9   13941            1549.00
      79        9   13941            1549.00
      80        9   13941            1549.00
      81        9   13941            1549.00
      82        9   13941            1549.00
      83        9   13941            1549.00
      84        9   13941            1549.00
      85        9   13941            1549.00
      86        9   13941            1549.00
      87        9   13941            1549.00
      88        9   13941            1549.00
      89        9   13941            1549.00
      90        9   13941            1549.00
      91        9   13941            1549.00
      92        9   13941            1549.00
      93        9   13941            1549.00
      94        9   13941            1549.00
      95        9   13941            1549.00
      96        9   13941            1549.00
      97        9   13941            1549.00
      98        9   13941            1549.00
      99        9   13941            1549.00
     100        9   13941            1549.00
     101        9   13941            1549.00
     102        9   13941            1549.00
     103        9   13941            1549.00
     104        9   13941            1549.00
     105        9   13941            1549.00
     106        9   13941            1549.00
     107        9   13941            1549.00
     108        9   13941            1549.00
     109        9   13941            1549.00
     110        9   13941            1549.00
     111        8   12392            1549.00
     112        8   12392            1549.00
     113        8   12392            1549.00
     114        8   12392            1549.00

Additional Load Imbalance Metrics
----------------------------------
Max block size / Avg block size   : 1.000440
Max color nodes / Avg color nodes : 1.113771

-------------------------------------------------
G3_circuit bs = 1024, policy = 3, coloring = 1

==============================================
  Partitioning Evaluation Report
==============================================
1. Total Blocks          : 1024
   Total Colors          : 10
2. Nodes per Block
   - Average             : 1548.32
   - Maximum             : 1549
   - Minimum             : 851
   - Stddev              : 21.801847
   - Gini coefficient    : 0.000440
3. Internal Avg Degree   : 3.3539 (Mean of per-block avg)
4. Block Graph Avg Deg   : 48.6484
5. Modularity
   - Unweighted Q        : 0.874323
   - Weighted Q          : 0.962149
==============================================
Internal edges : 2658877
External edges : 378797
Internal ratio : 0.875300
Avg block density : 0.002168
Block graph edges : 24908
Block graph density : 0.047555
Locality score : 7.019248

6. Color Statistics
   Color   Blocks   Nodes   AvgNodesPerBlock
       1      206   318396            1545.61
       2      175   271075            1549.00
       3      162   250938            1549.00
       4      133   206017            1549.00
       5      108   167292            1549.00
       6      103   159547            1549.00
       7       85   131665            1549.00
       8       38   58862            1549.00
       9       13   20137            1549.00
      10        1    1549            1549.00

Additional Load Imbalance Metrics
----------------------------------
Max block size / Avg block size   : 1.000440
Max color nodes / Avg color nodes : 2.008202

-------------------------------------------------
G3_circuit bs = 1024, policy = 3, coloring = 2

==============================================
  Partitioning Evaluation Report
==============================================
1. Total Blocks          : 1024
   Total Colors          : 11
2. Nodes per Block
   - Average             : 1548.32
   - Maximum             : 1549
   - Minimum             : 851
   - Stddev              : 21.801847
   - Gini coefficient    : 0.000440
3. Internal Avg Degree   : 3.3539 (Mean of per-block avg)
4. Block Graph Avg Deg   : 48.6484
5. Modularity
   - Unweighted Q        : 0.874323
   - Weighted Q          : 0.962149
==============================================
Internal edges : 2658877
External edges : 378797
Internal ratio : 0.875300
Avg block density : 0.002168
Block graph edges : 24908
Block graph density : 0.047555
Locality score : 7.019248

6. Color Statistics
   Color   Blocks   Nodes   AvgNodesPerBlock
       1      114   176586            1549.00
       2      113   174339            1542.82
       3      113   175037            1549.00
       4      107   165743            1549.00
       5      104   161096            1549.00
       6      103   159547            1549.00
       7       74   114626            1549.00
       8       74   114626            1549.00
       9       74   114626            1549.00
      10       74   114626            1549.00
      11       74   114626            1549.00

Additional Load Imbalance Metrics
----------------------------------
Max block size / Avg block size   : 1.000440
Max color nodes / Avg color nodes : 1.225149

-------------------------------------------------
G3_circuit bs = 1024, policy = 3, coloring = 3

==============================================
  Partitioning Evaluation Report
==============================================
1. Total Blocks          : 1024
   Total Colors          : 10
2. Nodes per Block
   - Average             : 1548.32
   - Maximum             : 1549
   - Minimum             : 851
   - Stddev              : 21.801847
   - Gini coefficient    : 0.000440
3. Internal Avg Degree   : 3.3539 (Mean of per-block avg)
4. Block Graph Avg Deg   : 48.6484
5. Modularity
   - Unweighted Q        : 0.874323
   - Weighted Q          : 0.962149
==============================================
Internal edges : 2658877
External edges : 378797
Internal ratio : 0.875300
Avg block density : 0.002168
Block graph edges : 24908
Block graph density : 0.047555
Locality score : 7.019248

6. Color Statistics
   Color   Blocks   Nodes   AvgNodesPerBlock
       1      105   162645            1549.00
       2      105   161947            1542.35
       3      105   162645            1549.00
       4      105   162645            1549.00
       5      104   161096            1549.00
       6      104   161096            1549.00
       7      104   161096            1549.00
       8      104   161096            1549.00
       9       99   153351            1549.00
      10       89   137861            1549.00

Additional Load Imbalance Metrics
----------------------------------
Max block size / Avg block size   : 1.000440
Max color nodes / Avg color nodes : 1.025842

-------------------------------------------------
Geo_1438 bs = 32, policy = 1, coloring = 1

==============================================
  Partitioning Evaluation Report
==============================================
1. Total Blocks          : 32
   Total Colors          : 7
2. Nodes per Block
   - Average             : 44936.25
   - Maximum             : 44937
   - Minimum             : 44913
   - Stddev              : 4.175823
   - Gini coefficient    : 0.000016
3. Internal Avg Degree   : 40.5945 (Mean of per-block avg)
4. Block Graph Avg Deg   : 7.8750
5. Modularity
   - Unweighted Q        : 0.914543
   - Weighted Q          : 0.909511
==============================================
Internal edges : 29186616
External edges : 1672749
Internal ratio : 0.945794
Avg block density : 0.000903
Block graph edges : 126
Block graph density : 0.254032
Locality score : 17.448283

6. Color Statistics
   Color   Blocks   Nodes   AvgNodesPerBlock
       1        7   314559           44937.00
       2        6   269598           44933.00
       3        6   269622           44937.00
       4        5   224685           44937.00
       5        4   179748           44937.00
       6        3   134811           44937.00
       7        1   44937           44937.00

Additional Load Imbalance Metrics
----------------------------------
Max block size / Avg block size   : 1.000017
Max color nodes / Avg color nodes : 1.531276

-------------------------------------------------
Geo_1438 bs = 32, policy = 1, coloring = 2

==============================================
  Partitioning Evaluation Report
==============================================
1. Total Blocks          : 32
   Total Colors          : 7
2. Nodes per Block
   - Average             : 44936.25
   - Maximum             : 44937
   - Minimum             : 44913
   - Stddev              : 4.175823
   - Gini coefficient    : 0.000016
3. Internal Avg Degree   : 40.5945 (Mean of per-block avg)
4. Block Graph Avg Deg   : 7.8750
5. Modularity
   - Unweighted Q        : 0.914543
   - Weighted Q          : 0.909511
==============================================
Internal edges : 29186616
External edges : 1672749
Internal ratio : 0.945794
Avg block density : 0.000903
Block graph edges : 126
Block graph density : 0.254032
Locality score : 17.448283

6. Color Statistics
   Color   Blocks   Nodes   AvgNodesPerBlock
       1        5   224685           44937.00
       2        5   224685           44937.00
       3        5   224685           44937.00
       4        5   224661           44932.20
       5        4   179748           44937.00
       6        4   179748           44937.00
       7        4   179748           44937.00

Additional Load Imbalance Metrics
----------------------------------
Max block size / Avg block size   : 1.000017
Max color nodes / Avg color nodes : 1.093768

-------------------------------------------------
Geo_1438 bs = 32, policy = 1, coloring = 3

==============================================
  Partitioning Evaluation Report
==============================================
1. Total Blocks          : 32
   Total Colors          : 7
2. Nodes per Block
   - Average             : 44936.25
   - Maximum             : 44937
   - Minimum             : 44913
   - Stddev              : 4.175823
   - Gini coefficient    : 0.000016
3. Internal Avg Degree   : 40.5945 (Mean of per-block avg)
4. Block Graph Avg Deg   : 7.8750
5. Modularity
   - Unweighted Q        : 0.914543
   - Weighted Q          : 0.909511
==============================================
Internal edges : 29186616
External edges : 1672749
Internal ratio : 0.945794
Avg block density : 0.000903
Block graph edges : 126
Block graph density : 0.254032
Locality score : 17.448283

6. Color Statistics
   Color   Blocks   Nodes   AvgNodesPerBlock
       1        5   224661           44932.20
       2        5   224685           44937.00
       3        5   224685           44937.00
       4        5   224685           44937.00
       5        4   179748           44937.00
       6        4   179748           44937.00
       7        4   179748           44937.00

Additional Load Imbalance Metrics
----------------------------------
Max block size / Avg block size   : 1.000017
Max color nodes / Avg color nodes : 1.093768

-------------------------------------------------
Geo_1438 bs = 32, policy = 2, coloring = 1

==============================================
  Partitioning Evaluation Report
==============================================
1. Total Blocks          : 32
   Total Colors          : 9
2. Nodes per Block
   - Average             : 44936.25
   - Maximum             : 44937
   - Minimum             : 44913
   - Stddev              : 4.175823
   - Gini coefficient    : 0.000016
3. Internal Avg Degree   : 39.8634 (Mean of per-block avg)
4. Block Graph Avg Deg   : 13.0625
5. Modularity
   - Unweighted Q        : 0.897510
   - Weighted Q          : 0.894612
==============================================
Internal edges : 28660953
External edges : 2198412
Internal ratio : 0.928760
Avg block density : 0.000887
Block graph edges : 209
Block graph density : 0.421371
Locality score : 13.037110

6. Color Statistics
   Color   Blocks   Nodes   AvgNodesPerBlock
       1        5   224685           44937.00
       2        5   224685           44937.00
       3        4   179748           44937.00
       4        4   179748           44937.00
       5        4   179748           44937.00
       6        4   179724           44931.00
       7        3   134811           44937.00
       8        2   89874           44937.00
       9        1   44937           44937.00

Additional Load Imbalance Metrics
----------------------------------
Max block size / Avg block size   : 1.000017
Max color nodes / Avg color nodes : 1.406273

-------------------------------------------------
Geo_1438 bs = 32, policy = 2, coloring = 2

==============================================
  Partitioning Evaluation Report
==============================================
1. Total Blocks          : 32
   Total Colors          : 9
2. Nodes per Block
   - Average             : 44936.25
   - Maximum             : 44937
   - Minimum             : 44913
   - Stddev              : 4.175823
   - Gini coefficient    : 0.000016
3. Internal Avg Degree   : 39.8634 (Mean of per-block avg)
4. Block Graph Avg Deg   : 13.0625
5. Modularity
   - Unweighted Q        : 0.897510
   - Weighted Q          : 0.894612
==============================================
Internal edges : 28660953
External edges : 2198412
Internal ratio : 0.928760
Avg block density : 0.000887
Block graph edges : 209
Block graph density : 0.421371
Locality score : 13.037110

6. Color Statistics
   Color   Blocks   Nodes   AvgNodesPerBlock
       1        4   179748           44937.00
       2        4   179748           44937.00
       3        4   179748           44937.00
       4        4   179724           44931.00
       5        4   179748           44937.00
       6        3   134811           44937.00
       7        3   134811           44937.00
       8        3   134811           44937.00
       9        3   134811           44937.00

Additional Load Imbalance Metrics
----------------------------------
Max block size / Avg block size   : 1.000017
Max color nodes / Avg color nodes : 1.125019

-------------------------------------------------
Geo_1438 bs = 32, policy = 2, coloring = 3

==============================================
  Partitioning Evaluation Report
==============================================
1. Total Blocks          : 32
   Total Colors          : 9
2. Nodes per Block
   - Average             : 44936.25
   - Maximum             : 44937
   - Minimum             : 44913
   - Stddev              : 4.175823
   - Gini coefficient    : 0.000016
3. Internal Avg Degree   : 39.8634 (Mean of per-block avg)
4. Block Graph Avg Deg   : 13.0625
5. Modularity
   - Unweighted Q        : 0.897510
   - Weighted Q          : 0.894612
==============================================
Internal edges : 28660953
External edges : 2198412
Internal ratio : 0.928760
Avg block density : 0.000887
Block graph edges : 209
Block graph density : 0.421371
Locality score : 13.037110

6. Color Statistics
   Color   Blocks   Nodes   AvgNodesPerBlock
       1        4   179748           44937.00
       2        4   179748           44937.00
       3        4   179748           44937.00
       4        4   179724           44931.00
       5        4   179748           44937.00
       6        3   134811           44937.00
       7        3   134811           44937.00
       8        3   134811           44937.00
       9        3   134811           44937.00

Additional Load Imbalance Metrics
----------------------------------
Max block size / Avg block size   : 1.000017
Max color nodes / Avg color nodes : 1.125019

-------------------------------------------------
Geo_1438 bs = 32, policy = 3, coloring = 1

==============================================
  Partitioning Evaluation Report
==============================================
1. Total Blocks          : 32
   Total Colors          : 14
2. Nodes per Block
   - Average             : 44936.25
   - Maximum             : 44937
   - Minimum             : 44913
   - Stddev              : 4.175823
   - Gini coefficient    : 0.000016
3. Internal Avg Degree   : 23.5428 (Mean of per-block avg)
4. Block Graph Avg Deg   : 18.8125
5. Modularity
   - Unweighted Q        : 0.517110
   - Weighted Q          : 0.691236
==============================================
Internal edges : 16926864
External edges : 13932501
Internal ratio : 0.548516
Avg block density : 0.000524
Block graph edges : 301
Block graph density : 0.606855
Locality score : 1.214919

6. Color Statistics
   Color   Blocks   Nodes   AvgNodesPerBlock
       1        4   179748           44937.00
       2        4   179748           44937.00
       3        3   134811           44937.00
       4        3   134811           44937.00
       5        2   89874           44937.00
       6        2   89874           44937.00
       7        2   89874           44937.00
       8        2   89874           44937.00
       9        2   89874           44937.00
      10        2   89874           44937.00
      11        2   89874           44937.00
      12        2   89874           44937.00
      13        1   44913           44913.00
      14        1   44937           44937.00

Additional Load Imbalance Metrics
----------------------------------
Max block size / Avg block size   : 1.000017
Max color nodes / Avg color nodes : 1.750029

-------------------------------------------------
Geo_1438 bs = 32, policy = 3, coloring = 2

==============================================
  Partitioning Evaluation Report
==============================================
1. Total Blocks          : 32
   Total Colors          : 14
2. Nodes per Block
   - Average             : 44936.25
   - Maximum             : 44937
   - Minimum             : 44913
   - Stddev              : 4.175823
   - Gini coefficient    : 0.000016
3. Internal Avg Degree   : 23.5428 (Mean of per-block avg)
4. Block Graph Avg Deg   : 18.8125
5. Modularity
   - Unweighted Q        : 0.517110
   - Weighted Q          : 0.691236
==============================================
Internal edges : 16926864
External edges : 13932501
Internal ratio : 0.548516
Avg block density : 0.000524
Block graph edges : 301
Block graph density : 0.606855
Locality score : 1.214919

6. Color Statistics
   Color   Blocks   Nodes   AvgNodesPerBlock
       1        3   134811           44937.00
       2        3   134811           44937.00
       3        3   134811           44937.00
       4        3   134811           44937.00
       5        3   134811           44937.00
       6        2   89874           44937.00
       7        2   89874           44937.00
       8        2   89874           44937.00
       9        2   89874           44937.00
      10        2   89874           44937.00
      11        2   89874           44937.00
      12        2   89874           44937.00
      13        2   89874           44937.00
      14        1   44913           44913.00

Additional Load Imbalance Metrics
----------------------------------
Max block size / Avg block size   : 1.000017
Max color nodes / Avg color nodes : 1.312522

-------------------------------------------------
Geo_1438 bs = 32, policy = 3, coloring = 3

==============================================
  Partitioning Evaluation Report
==============================================
1. Total Blocks          : 32
   Total Colors          : 14
2. Nodes per Block
   - Average             : 44936.25
   - Maximum             : 44937
   - Minimum             : 44913
   - Stddev              : 4.175823
   - Gini coefficient    : 0.000016
3. Internal Avg Degree   : 23.5428 (Mean of per-block avg)
4. Block Graph Avg Deg   : 18.8125
5. Modularity
   - Unweighted Q        : 0.517110
   - Weighted Q          : 0.691236
==============================================
Internal edges : 16926864
External edges : 13932501
Internal ratio : 0.548516
Avg block density : 0.000524
Block graph edges : 301
Block graph density : 0.606855
Locality score : 1.214919

6. Color Statistics
   Color   Blocks   Nodes   AvgNodesPerBlock
       1        3   134811           44937.00
       2        3   134811           44937.00
       3        3   134811           44937.00
       4        3   134811           44937.00
       5        3   134811           44937.00
       6        2   89874           44937.00
       7        2   89874           44937.00
       8        2   89874           44937.00
       9        2   89874           44937.00
      10        2   89874           44937.00
      11        2   89874           44937.00
      12        2   89874           44937.00
      13        2   89874           44937.00
      14        1   44913           44913.00

Additional Load Imbalance Metrics
----------------------------------
Max block size / Avg block size   : 1.000017
Max color nodes / Avg color nodes : 1.312522

-------------------------------------------------
Geo_1438 bs = 64, policy = 1, coloring = 1

==============================================
  Partitioning Evaluation Report
==============================================
1. Total Blocks          : 64
   Total Colors          : 8
2. Nodes per Block
   - Average             : 22468.12
   - Maximum             : 22469
   - Minimum             : 22413
   - Stddev              : 6.945097
   - Gini coefficient    : 0.000038
3. Internal Avg Degree   : 39.7576 (Mean of per-block avg)
4. Block Graph Avg Deg   : 10.1562
5. Modularity
   - Unweighted Q        : 0.910672
   - Weighted Q          : 0.910244
==============================================
Internal edges : 28584966
External edges : 2274399
Internal ratio : 0.926298
Avg block density : 0.001770
Block graph edges : 325
Block graph density : 0.161210
Locality score : 12.568135

6. Color Statistics
   Color   Blocks   Nodes   AvgNodesPerBlock
       1       11   247159           22469.00
       2       11   247159           22469.00
       3       11   247159           22469.00
       4       10   224690           22469.00
       5        9   202165           22462.78
       6        8   179752           22469.00
       7        3   67407           22469.00
       8        1   22469           22469.00

Additional Load Imbalance Metrics
----------------------------------
Max block size / Avg block size   : 1.000039
Max color nodes / Avg color nodes : 1.375054

-------------------------------------------------
Geo_1438 bs = 64, policy = 1, coloring = 2

==============================================
  Partitioning Evaluation Report
==============================================
1. Total Blocks          : 64
   Total Colors          : 8
2. Nodes per Block
   - Average             : 22468.12
   - Maximum             : 22469
   - Minimum             : 22413
   - Stddev              : 6.945097
   - Gini coefficient    : 0.000038
3. Internal Avg Degree   : 39.7576 (Mean of per-block avg)
4. Block Graph Avg Deg   : 10.1562
5. Modularity
   - Unweighted Q        : 0.910672
   - Weighted Q          : 0.910244
==============================================
Internal edges : 28584966
External edges : 2274399
Internal ratio : 0.926298
Avg block density : 0.001770
Block graph edges : 325
Block graph density : 0.161210
Locality score : 12.568135

6. Color Statistics
   Color   Blocks   Nodes   AvgNodesPerBlock
       1        9   202221           22469.00
       2        9   202221           22469.00
       3        8   179752           22469.00
       4        8   179752           22469.00
       5        8   179752           22469.00
       6        8   179752           22469.00
       7        7   157227           22461.00
       8        7   157283           22469.00

Additional Load Imbalance Metrics
----------------------------------
Max block size / Avg block size   : 1.000039
Max color nodes / Avg color nodes : 1.125044

-------------------------------------------------
Geo_1438 bs = 64, policy = 1, coloring = 3

==============================================
  Partitioning Evaluation Report
==============================================
1. Total Blocks          : 64
   Total Colors          : 8
2. Nodes per Block
   - Average             : 22468.12
   - Maximum             : 22469
   - Minimum             : 22413
   - Stddev              : 6.945097
   - Gini coefficient    : 0.000038
3. Internal Avg Degree   : 39.7576 (Mean of per-block avg)
4. Block Graph Avg Deg   : 10.1562
5. Modularity
   - Unweighted Q        : 0.910672
   - Weighted Q          : 0.910244
==============================================
Internal edges : 28584966
External edges : 2274399
Internal ratio : 0.926298
Avg block density : 0.001770
Block graph edges : 325
Block graph density : 0.161210
Locality score : 12.568135

6. Color Statistics
   Color   Blocks   Nodes   AvgNodesPerBlock
       1        8   179752           22469.00
       2        8   179752           22469.00
       3        8   179696           22462.00
       4        8   179752           22469.00
       5        8   179752           22469.00
       6        8   179752           22469.00
       7        8   179752           22469.00
       8        8   179752           22469.00

Additional Load Imbalance Metrics
----------------------------------
Max block size / Avg block size   : 1.000039
Max color nodes / Avg color nodes : 1.000039

-------------------------------------------------
Geo_1438 bs = 64, policy = 2, coloring = 1

==============================================
  Partitioning Evaluation Report
==============================================
1. Total Blocks          : 64
   Total Colors          : 9
2. Nodes per Block
   - Average             : 22468.12
   - Maximum             : 22469
   - Minimum             : 22413
   - Stddev              : 6.945097
   - Gini coefficient    : 0.000038
3. Internal Avg Degree   : 39.0285 (Mean of per-block avg)
4. Block Graph Avg Deg   : 15.8125
5. Modularity
   - Unweighted Q        : 0.893685
   - Weighted Q          : 0.890748
==============================================
Internal edges : 28060748
External edges : 2798617
Internal ratio : 0.909311
Avg block density : 0.001737
Block graph edges : 506
Block graph density : 0.250992
Locality score : 10.026645

6. Color Statistics
   Color   Blocks   Nodes   AvgNodesPerBlock
       1       10   224690           22469.00
       2        9   202165           22462.78
       3        8   179752           22469.00
       4        8   179752           22469.00
       5        8   179752           22469.00
       6        7   157283           22469.00
       7        7   157283           22469.00
       8        5   112345           22469.00
       9        2   44938           22469.00

Additional Load Imbalance Metrics
----------------------------------
Max block size / Avg block size   : 1.000039
Max color nodes / Avg color nodes : 1.406305

-------------------------------------------------
Geo_1438 bs = 64, policy = 2, coloring = 2

==============================================
  Partitioning Evaluation Report
==============================================
1. Total Blocks          : 64
   Total Colors          : 10
2. Nodes per Block
   - Average             : 22468.12
   - Maximum             : 22469
   - Minimum             : 22413
   - Stddev              : 6.945097
   - Gini coefficient    : 0.000038
3. Internal Avg Degree   : 39.0285 (Mean of per-block avg)
4. Block Graph Avg Deg   : 15.8125
5. Modularity
   - Unweighted Q        : 0.893685
   - Weighted Q          : 0.890748
==============================================
Internal edges : 28060748
External edges : 2798617
Internal ratio : 0.909311
Avg block density : 0.001737
Block graph edges : 506
Block graph density : 0.250992
Locality score : 10.026645

6. Color Statistics
   Color   Blocks   Nodes   AvgNodesPerBlock
       1        7   157283           22469.00
       2        7   157227           22461.00
       3        7   157283           22469.00
       4        7   157283           22469.00
       5        7   157283           22469.00
       6        6   134814           22469.00
       7        6   134814           22469.00
       8        6   134814           22469.00
       9        6   134814           22469.00
      10        5   112345           22469.00

Additional Load Imbalance Metrics
----------------------------------
Max block size / Avg block size   : 1.000039
Max color nodes / Avg color nodes : 1.093793

-------------------------------------------------
Geo_1438 bs = 64, policy = 2, coloring = 3

==============================================
  Partitioning Evaluation Report
==============================================
1. Total Blocks          : 64
   Total Colors          : 9
2. Nodes per Block
   - Average             : 22468.12
   - Maximum             : 22469
   - Minimum             : 22413
   - Stddev              : 6.945097
   - Gini coefficient    : 0.000038
3. Internal Avg Degree   : 39.0285 (Mean of per-block avg)
4. Block Graph Avg Deg   : 15.8125
5. Modularity
   - Unweighted Q        : 0.893685
   - Weighted Q          : 0.890748
==============================================
Internal edges : 28060748
External edges : 2798617
Internal ratio : 0.909311
Avg block density : 0.001737
Block graph edges : 506
Block graph density : 0.250992
Locality score : 10.026645

6. Color Statistics
   Color   Blocks   Nodes   AvgNodesPerBlock
       1        8   179752           22469.00
       2        7   157283           22469.00
       3        7   157283           22469.00
       4        7   157227           22461.00
       5        7   157283           22469.00
       6        7   157283           22469.00
       7        7   157283           22469.00
       8        7   157283           22469.00
       9        7   157283           22469.00

Additional Load Imbalance Metrics
----------------------------------
Max block size / Avg block size   : 1.000039
Max color nodes / Avg color nodes : 1.125044

-------------------------------------------------
Geo_1438 bs = 64, policy = 3, coloring = 1

==============================================
  Partitioning Evaluation Report
==============================================
1. Total Blocks          : 64
   Total Colors          : 17
2. Nodes per Block
   - Average             : 22468.12
   - Maximum             : 22469
   - Minimum             : 22413
   - Stddev              : 6.945097
   - Gini coefficient    : 0.000038
3. Internal Avg Degree   : 22.5269 (Mean of per-block avg)
4. Block Graph Avg Deg   : 31.8438
5. Modularity
   - Unweighted Q        : 0.509145
   - Weighted Q          : 0.755356
==============================================
Internal edges : 16196494
External edges : 14662871
Internal ratio : 0.524849
Avg block density : 0.001003
Block graph edges : 1019
Block graph density : 0.505456
Locality score : 1.104592

6. Color Statistics
   Color   Blocks   Nodes   AvgNodesPerBlock
       1        6   134814           22469.00
       2        5   112345           22469.00
       3        5   112345           22469.00
       4        5   112345           22469.00
       5        4   89876           22469.00
       6        4   89876           22469.00
       7        4   89876           22469.00
       8        4   89876           22469.00
       9        4   89876           22469.00
      10        4   89876           22469.00
      11        4   89876           22469.00
      12        3   67407           22469.00
      13        3   67407           22469.00
      14        3   67407           22469.00
      15        2   44882           22441.00
      16        2   44938           22469.00
      17        2   44938           22469.00

Additional Load Imbalance Metrics
----------------------------------
Max block size / Avg block size   : 1.000039
Max color nodes / Avg color nodes : 1.593812

-------------------------------------------------
Geo_1438 bs = 64, policy = 3, coloring = 2

==============================================
  Partitioning Evaluation Report
==============================================
1. Total Blocks          : 64
   Total Colors          : 18
2. Nodes per Block
   - Average             : 22468.12
   - Maximum             : 22469
   - Minimum             : 22413
   - Stddev              : 6.945097
   - Gini coefficient    : 0.000038
3. Internal Avg Degree   : 22.5269 (Mean of per-block avg)
4. Block Graph Avg Deg   : 31.8438
5. Modularity
   - Unweighted Q        : 0.509145
   - Weighted Q          : 0.755356
==============================================
Internal edges : 16196494
External edges : 14662871
Internal ratio : 0.524849
Avg block density : 0.001003
Block graph edges : 1019
Block graph density : 0.505456
Locality score : 1.104592

6. Color Statistics
   Color   Blocks   Nodes   AvgNodesPerBlock
       1        4   89876           22469.00
       2        4   89876           22469.00
       3        4   89876           22469.00
       4        4   89876           22469.00
       5        4   89876           22469.00
       6        4   89876           22469.00
       7        4   89876           22469.00
       8        4   89876           22469.00
       9        4   89876           22469.00
      10        4   89876           22469.00
      11        4   89876           22469.00
      12        3   67407           22469.00
      13        3   67407           22469.00
      14        3   67407           22469.00
      15        3   67407           22469.00
      16        3   67407           22469.00
      17        3   67407           22469.00
      18        2   44882           22441.00

Additional Load Imbalance Metrics
----------------------------------
Max block size / Avg block size   : 1.000039
Max color nodes / Avg color nodes : 1.125044

-------------------------------------------------
Geo_1438 bs = 64, policy = 3, coloring = 3

==============================================
  Partitioning Evaluation Report
==============================================
1. Total Blocks          : 64
   Total Colors          : 17
2. Nodes per Block
   - Average             : 22468.12
   - Maximum             : 22469
   - Minimum             : 22413
   - Stddev              : 6.945097
   - Gini coefficient    : 0.000038
3. Internal Avg Degree   : 22.5269 (Mean of per-block avg)
4. Block Graph Avg Deg   : 31.8438
5. Modularity
   - Unweighted Q        : 0.509145
   - Weighted Q          : 0.755356
==============================================
Internal edges : 16196494
External edges : 14662871
Internal ratio : 0.524849
Avg block density : 0.001003
Block graph edges : 1019
Block graph density : 0.505456
Locality score : 1.104592

6. Color Statistics
   Color   Blocks   Nodes   AvgNodesPerBlock
       1        4   89876           22469.00
       2        4   89876           22469.00
       3        4   89876           22469.00
       4        4   89876           22469.00
       5        4   89876           22469.00
       6        4   89876           22469.00
       7        4   89876           22469.00
       8        4   89876           22469.00
       9        4   89876           22469.00
      10        4   89876           22469.00
      11        4   89876           22469.00
      12        4   89876           22469.00
      13        4   89876           22469.00
      14        4   89876           22469.00
      15        3   67407           22469.00
      16        3   67407           22469.00
      17        2   44882           22441.00

Additional Load Imbalance Metrics
----------------------------------
Max block size / Avg block size   : 1.000039
Max color nodes / Avg color nodes : 1.062541

-------------------------------------------------
Geo_1438 bs = 128, policy = 1, coloring = 1

==============================================
  Partitioning Evaluation Report
==============================================
1. Total Blocks          : 128
   Total Colors          : 8
2. Nodes per Block
   - Average             : 11234.06
   - Maximum             : 11235
   - Minimum             : 11115
   - Stddev              : 10.565088
   - Gini coefficient    : 0.000083
3. Internal Avg Degree   : 38.7302 (Mean of per-block avg)
4. Block Graph Avg Deg   : 11.1406
5. Modularity
   - Unweighted Q        : 0.894550
   - Weighted Q          : 0.897947
==============================================
Internal edges : 27846363
External edges : 3013002
Internal ratio : 0.902363
Avg block density : 0.003448
Block graph edges : 713
Block graph density : 0.087721
Locality score : 9.242063

6. Color Statistics
   Color   Blocks   Nodes   AvgNodesPerBlock
       1       19   213345           11228.68
       2       18   202230           11235.00
       3       18   202230           11235.00
       4       18   202230           11235.00
       5       17   190995           11235.00
       6       17   190995           11235.00
       7       17   190995           11235.00
       8        4   44940           11235.00

Additional Load Imbalance Metrics
----------------------------------
Max block size / Avg block size   : 1.000083
Max color nodes / Avg color nodes : 1.186931

-------------------------------------------------
Geo_1438 bs = 128, policy = 1, coloring = 2

==============================================
  Partitioning Evaluation Report
==============================================
1. Total Blocks          : 128
   Total Colors          : 10
2. Nodes per Block
   - Average             : 11234.06
   - Maximum             : 11235
   - Minimum             : 11115
   - Stddev              : 10.565088
   - Gini coefficient    : 0.000083
3. Internal Avg Degree   : 38.7302 (Mean of per-block avg)
4. Block Graph Avg Deg   : 11.1406
5. Modularity
   - Unweighted Q        : 0.894550
   - Weighted Q          : 0.897947
==============================================
Internal edges : 27846363
External edges : 3013002
Internal ratio : 0.902363
Avg block density : 0.003448
Block graph edges : 713
Block graph density : 0.087721
Locality score : 9.242063

6. Color Statistics
   Color   Blocks   Nodes   AvgNodesPerBlock
       1       13   146055           11235.00
       2       13   146055           11235.00
       3       13   146055           11235.00
       4       13   145935           11225.77
       5       13   146055           11235.00
       6       13   146055           11235.00
       7       13   146055           11235.00
       8       13   146055           11235.00
       9       12   134820           11235.00
      10       12   134820           11235.00

Additional Load Imbalance Metrics
----------------------------------
Max block size / Avg block size   : 1.000083
Max color nodes / Avg color nodes : 1.015710

-------------------------------------------------
Geo_1438 bs = 128, policy = 1, coloring = 3

==============================================
  Partitioning Evaluation Report
==============================================
1. Total Blocks          : 128
   Total Colors          : 8
2. Nodes per Block
   - Average             : 11234.06
   - Maximum             : 11235
   - Minimum             : 11115
   - Stddev              : 10.565088
   - Gini coefficient    : 0.000083
3. Internal Avg Degree   : 38.7302 (Mean of per-block avg)
4. Block Graph Avg Deg   : 11.1406
5. Modularity
   - Unweighted Q        : 0.894550
   - Weighted Q          : 0.897947
==============================================
Internal edges : 27846363
External edges : 3013002
Internal ratio : 0.902363
Avg block density : 0.003448
Block graph edges : 713
Block graph density : 0.087721
Locality score : 9.242063

6. Color Statistics
   Color   Blocks   Nodes   AvgNodesPerBlock
       1       16   179760           11235.00
       2       16   179640           11227.50
       3       16   179760           11235.00
       4       16   179760           11235.00
       5       16   179760           11235.00
       6       16   179760           11235.00
       7       16   179760           11235.00
       8       16   179760           11235.00

Additional Load Imbalance Metrics
----------------------------------
Max block size / Avg block size   : 1.000083
Max color nodes / Avg color nodes : 1.000083

-------------------------------------------------
Geo_1438 bs = 128, policy = 2, coloring = 1

==============================================
  Partitioning Evaluation Report
==============================================
1. Total Blocks          : 128
   Total Colors          : 10
2. Nodes per Block
   - Average             : 11234.06
   - Maximum             : 11235
   - Minimum             : 11115
   - Stddev              : 10.565088
   - Gini coefficient    : 0.000083
3. Internal Avg Degree   : 37.8406 (Mean of per-block avg)
4. Block Graph Avg Deg   : 16.8594
5. Modularity
   - Unweighted Q        : 0.873825
   - Weighted Q          : 0.868414
==============================================
Internal edges : 27206769
External edges : 3652596
Internal ratio : 0.881637
Avg block density : 0.003369
Block graph edges : 1079
Block graph density : 0.132751
Locality score : 7.448610

6. Color Statistics
   Color   Blocks   Nodes   AvgNodesPerBlock
       1       19   213465           11235.00
       2       16   179760           11235.00
       3       16   179760           11235.00
       4       16   179760           11235.00
       5       15   168525           11235.00
       6       15   168525           11235.00
       7       14   157170           11226.43
       8       10   112350           11235.00
       9        6   67410           11235.00
      10        1   11235           11235.00

Additional Load Imbalance Metrics
----------------------------------
Max block size / Avg block size   : 1.000083
Max color nodes / Avg color nodes : 1.484499

-------------------------------------------------
Geo_1438 bs = 128, policy = 2, coloring = 2

==============================================
  Partitioning Evaluation Report
==============================================
1. Total Blocks          : 128
   Total Colors          : 10
2. Nodes per Block
   - Average             : 11234.06
   - Maximum             : 11235
   - Minimum             : 11115
   - Stddev              : 10.565088
   - Gini coefficient    : 0.000083
3. Internal Avg Degree   : 37.8406 (Mean of per-block avg)
4. Block Graph Avg Deg   : 16.8594
5. Modularity
   - Unweighted Q        : 0.873825
   - Weighted Q          : 0.868414
==============================================
Internal edges : 27206769
External edges : 3652596
Internal ratio : 0.881637
Avg block density : 0.003369
Block graph edges : 1079
Block graph density : 0.132751
Locality score : 7.448610

6. Color Statistics
   Color   Blocks   Nodes   AvgNodesPerBlock
       1       14   157290           11235.00
       2       13   146055           11235.00
       3       13   146055           11235.00
       4       13   146055           11235.00
       5       13   146055           11235.00
       6       13   146055           11235.00
       7       13   146055           11235.00
       8       12   134700           11225.00
       9       12   134820           11235.00
      10       12   134820           11235.00

Additional Load Imbalance Metrics
----------------------------------
Max block size / Avg block size   : 1.000083
Max color nodes / Avg color nodes : 1.093841

-------------------------------------------------
Geo_1438 bs = 128, policy = 2, coloring = 3

==============================================
  Partitioning Evaluation Report
==============================================
1. Total Blocks          : 128
   Total Colors          : 10
2. Nodes per Block
   - Average             : 11234.06
   - Maximum             : 11235
   - Minimum             : 11115
   - Stddev              : 10.565088
   - Gini coefficient    : 0.000083
3. Internal Avg Degree   : 37.8406 (Mean of per-block avg)
4. Block Graph Avg Deg   : 16.8594
5. Modularity
   - Unweighted Q        : 0.873825
   - Weighted Q          : 0.868414
==============================================
Internal edges : 27206769
External edges : 3652596
Internal ratio : 0.881637
Avg block density : 0.003369
Block graph edges : 1079
Block graph density : 0.132751
Locality score : 7.448610

6. Color Statistics
   Color   Blocks   Nodes   AvgNodesPerBlock
       1       13   146055           11235.00
       2       13   146055           11235.00
       3       13   146055           11235.00
       4       13   145935           11225.77
       5       13   146055           11235.00
       6       13   146055           11235.00
       7       13   146055           11235.00
       8       13   146055           11235.00
       9       12   134820           11235.00
      10       12   134820           11235.00

Additional Load Imbalance Metrics
----------------------------------
Max block size / Avg block size   : 1.000083
Max color nodes / Avg color nodes : 1.015710

-------------------------------------------------
Geo_1438 bs = 128, policy = 3, coloring = 1

==============================================
  Partitioning Evaluation Report
==============================================
1. Total Blocks          : 128
   Total Colors          : 27
2. Nodes per Block
   - Average             : 11234.06
   - Maximum             : 11235
   - Minimum             : 11115
   - Stddev              : 10.565088
   - Gini coefficient    : 0.000083
3. Internal Avg Degree   : 21.1896 (Mean of per-block avg)
4. Block Graph Avg Deg   : 55.2188
5. Modularity
   - Unweighted Q        : 0.485845
   - Weighted Q          : 0.775220
==============================================
Internal edges : 15235158
External edges : 15624207
Internal ratio : 0.493696
Avg block density : 0.001886
Block graph edges : 3534
Block graph density : 0.434793
Locality score : 0.975100

6. Color Statistics
   Color   Blocks   Nodes   AvgNodesPerBlock
       1        7   78645           11235.00
       2        6   67410           11235.00
       3        6   67410           11235.00
       4        6   67410           11235.00
       5        6   67410           11235.00
       6        6   67410           11235.00
       7        6   67410           11235.00
       8        6   67410           11235.00
       9        6   67410           11235.00
      10        5   56175           11235.00
      11        5   56175           11235.00
      12        5   56175           11235.00
      13        5   56175           11235.00
      14        5   56175           11235.00
      15        5   56175           11235.00
      16        5   56175           11235.00
      17        5   56175           11235.00
      18        5   56175           11235.00
      19        5   56175           11235.00
      20        5   56175           11235.00
      21        5   56175           11235.00
      22        4   44940           11235.00
      23        3   33585           11195.00
      24        3   33705           11235.00
      25        1   11235           11235.00
      26        1   11235           11235.00
      27        1   11235           11235.00

Additional Load Imbalance Metrics
----------------------------------
Max block size / Avg block size   : 1.000083
Max color nodes / Avg color nodes : 1.476686

-------------------------------------------------
Geo_1438 bs = 128, policy = 3, coloring = 2

==============================================
  Partitioning Evaluation Report
==============================================
1. Total Blocks          : 128
   Total Colors          : 27
2. Nodes per Block
   - Average             : 11234.06
   - Maximum             : 11235
   - Minimum             : 11115
   - Stddev              : 10.565088
   - Gini coefficient    : 0.000083
3. Internal Avg Degree   : 21.1896 (Mean of per-block avg)
4. Block Graph Avg Deg   : 55.2188
5. Modularity
   - Unweighted Q        : 0.485845
   - Weighted Q          : 0.775220
==============================================
Internal edges : 15235158
External edges : 15624207
Internal ratio : 0.493696
Avg block density : 0.001886
Block graph edges : 3534
Block graph density : 0.434793
Locality score : 0.975100

6. Color Statistics
   Color   Blocks   Nodes   AvgNodesPerBlock
       1        5   56175           11235.00
       2        5   56175           11235.00
       3        5   56175           11235.00
       4        5   56175           11235.00
       5        5   56175           11235.00
       6        5   56175           11235.00
       7        5   56175           11235.00
       8        5   56175           11235.00
       9        5   56175           11235.00
      10        5   56175           11235.00
      11        5   56175           11235.00
      12        5   56175           11235.00
      13        5   56175           11235.00
      14        5   56175           11235.00
      15        5   56175           11235.00
      16        5   56175           11235.00
      17        5   56175           11235.00
      18        5   56175           11235.00
      19        5   56175           11235.00
      20        5   56175           11235.00
      21        5   56175           11235.00
      22        4   44940           11235.00
      23        4   44940           11235.00
      24        4   44940           11235.00
      25        4   44940           11235.00
      26        4   44940           11235.00
      27        3   33585           11195.00

Additional Load Imbalance Metrics
----------------------------------
Max block size / Avg block size   : 1.000083
Max color nodes / Avg color nodes : 1.054776

-------------------------------------------------
Geo_1438 bs = 128, policy = 3, coloring = 3

==============================================
  Partitioning Evaluation Report
==============================================
1. Total Blocks          : 128
   Total Colors          : 27
2. Nodes per Block
   - Average             : 11234.06
   - Maximum             : 11235
   - Minimum             : 11115
   - Stddev              : 10.565088
   - Gini coefficient    : 0.000083
3. Internal Avg Degree   : 21.1896 (Mean of per-block avg)
4. Block Graph Avg Deg   : 55.2188
5. Modularity
   - Unweighted Q        : 0.485845
   - Weighted Q          : 0.775220
==============================================
Internal edges : 15235158
External edges : 15624207
Internal ratio : 0.493696
Avg block density : 0.001886
Block graph edges : 3534
Block graph density : 0.434793
Locality score : 0.975100

6. Color Statistics
   Color   Blocks   Nodes   AvgNodesPerBlock
       1        5   56175           11235.00
       2        5   56175           11235.00
       3        5   56175           11235.00
       4        5   56175           11235.00
       5        5   56175           11235.00
       6        5   56175           11235.00
       7        5   56175           11235.00
       8        5   56175           11235.00
       9        5   56175           11235.00
      10        5   56175           11235.00
      11        5   56175           11235.00
      12        5   56175           11235.00
      13        5   56175           11235.00
      14        5   56175           11235.00
      15        5   56175           11235.00
      16        5   56175           11235.00
      17        5   56175           11235.00
      18        5   56175           11235.00
      19        5   56175           11235.00
      20        5   56175           11235.00
      21        5   56175           11235.00
      22        4   44940           11235.00
      23        4   44940           11235.00
      24        4   44940           11235.00
      25        4   44940           11235.00
      26        4   44940           11235.00
      27        3   33585           11195.00

Additional Load Imbalance Metrics
----------------------------------
Max block size / Avg block size   : 1.000083
Max color nodes / Avg color nodes : 1.054776

-------------------------------------------------
Geo_1438 bs = 256, policy = 1, coloring = 1

==============================================
  Partitioning Evaluation Report
==============================================
1. Total Blocks          : 256
   Total Colors          : 9
2. Nodes per Block
   - Average             : 5617.03
   - Maximum             : 5618
   - Minimum             : 5370
   - Stddev              : 15.469697
   - Gini coefficient    : 0.000172
3. Internal Avg Degree   : 37.5328 (Mean of per-block avg)
4. Block Graph Avg Deg   : 11.6875
5. Modularity
   - Unweighted Q        : 0.870563
   - Weighted Q          : 0.879134
==============================================
Internal edges : 26985615
External edges : 3873750
Internal ratio : 0.874471
Avg block density : 0.006683
Block graph edges : 1496
Block graph density : 0.045833
Locality score : 6.966275

6. Color Statistics
   Color   Blocks   Nodes   AvgNodesPerBlock
       1       38   213236            5611.47
       2       37   207866            5618.00
       3       37   207866            5618.00
       4       37   207866            5618.00
       5       35   196630            5618.00
       6       34   191012            5618.00
       7       30   168540            5618.00
       8        7   39326            5618.00
       9        1    5618            5618.00

Additional Load Imbalance Metrics
----------------------------------
Max block size / Avg block size   : 1.000172
Max color nodes / Avg color nodes : 1.334616

-------------------------------------------------
Geo_1438 bs = 256, policy = 1, coloring = 2

==============================================
  Partitioning Evaluation Report
==============================================
1. Total Blocks          : 256
   Total Colors          : 9
2. Nodes per Block
   - Average             : 5617.03
   - Maximum             : 5618
   - Minimum             : 5370
   - Stddev              : 15.469697
   - Gini coefficient    : 0.000172
3. Internal Avg Degree   : 37.5328 (Mean of per-block avg)
4. Block Graph Avg Deg   : 11.6875
5. Modularity
   - Unweighted Q        : 0.870563
   - Weighted Q          : 0.879134
==============================================
Internal edges : 26985615
External edges : 3873750
Internal ratio : 0.874471
Avg block density : 0.006683
Block graph edges : 1496
Block graph density : 0.045833
Locality score : 6.966275

6. Color Statistics
   Color   Blocks   Nodes   AvgNodesPerBlock
       1       29   162922            5618.00
       2       29   162922            5618.00
       3       29   162674            5609.45
       4       29   162922            5618.00
       5       28   157304            5618.00
       6       28   157304            5618.00
       7       28   157304            5618.00
       8       28   157304            5618.00
       9       28   157304            5618.00

Additional Load Imbalance Metrics
----------------------------------
Max block size / Avg block size   : 1.000172
Max color nodes / Avg color nodes : 1.019707

-------------------------------------------------
Geo_1438 bs = 256, policy = 1, coloring = 3

==============================================
  Partitioning Evaluation Report
==============================================
1. Total Blocks          : 256
   Total Colors          : 9
2. Nodes per Block
   - Average             : 5617.03
   - Maximum             : 5618
   - Minimum             : 5370
   - Stddev              : 15.469697
   - Gini coefficient    : 0.000172
3. Internal Avg Degree   : 37.5328 (Mean of per-block avg)
4. Block Graph Avg Deg   : 11.6875
5. Modularity
   - Unweighted Q        : 0.870563
   - Weighted Q          : 0.879134
==============================================
Internal edges : 26985615
External edges : 3873750
Internal ratio : 0.874471
Avg block density : 0.006683
Block graph edges : 1496
Block graph density : 0.045833
Locality score : 6.966275

6. Color Statistics
   Color   Blocks   Nodes   AvgNodesPerBlock
       1       29   162922            5618.00
       2       29   162922            5618.00
       3       29   162922            5618.00
       4       29   162922            5618.00
       5       28   157304            5618.00
       6       28   157304            5618.00
       7       28   157056            5609.14
       8       28   157304            5618.00
       9       28   157304            5618.00

Additional Load Imbalance Metrics
----------------------------------
Max block size / Avg block size   : 1.000172
Max color nodes / Avg color nodes : 1.019707

-------------------------------------------------
Geo_1438 bs = 256, policy = 2, coloring = 1

==============================================
  Partitioning Evaluation Report
==============================================
1. Total Blocks          : 256
   Total Colors          : 10
2. Nodes per Block
   - Average             : 5617.03
   - Maximum             : 5618
   - Minimum             : 5370
   - Stddev              : 15.469697
   - Gini coefficient    : 0.000172
3. Internal Avg Degree   : 36.4016 (Mean of per-block avg)
4. Block Graph Avg Deg   : 16.2812
5. Modularity
   - Unweighted Q        : 0.844216
   - Weighted Q          : 0.840646
==============================================
Internal edges : 26172522
External edges : 4686843
Internal ratio : 0.848123
Avg block density : 0.006482
Block graph edges : 2084
Block graph density : 0.063848
Locality score : 5.584253

6. Color Statistics
   Color   Blocks   Nodes   AvgNodesPerBlock
       1       40   224720            5618.00
       2       35   196630            5618.00
       3       34   191012            5618.00
       4       32   179528            5610.25
       5       32   179776            5618.00
       6       28   157304            5618.00
       7       23   129214            5618.00
       8       23   129214            5618.00
       9        7   39326            5618.00
      10        2   11236            5618.00

Additional Load Imbalance Metrics
----------------------------------
Max block size / Avg block size   : 1.000172
Max color nodes / Avg color nodes : 1.562769

-------------------------------------------------
Geo_1438 bs = 256, policy = 2, coloring = 2

==============================================
  Partitioning Evaluation Report
==============================================
1. Total Blocks          : 256
   Total Colors          : 10
2. Nodes per Block
   - Average             : 5617.03
   - Maximum             : 5618
   - Minimum             : 5370
   - Stddev              : 15.469697
   - Gini coefficient    : 0.000172
3. Internal Avg Degree   : 36.4016 (Mean of per-block avg)
4. Block Graph Avg Deg   : 16.2812
5. Modularity
   - Unweighted Q        : 0.844216
   - Weighted Q          : 0.840646
==============================================
Internal edges : 26172522
External edges : 4686843
Internal ratio : 0.848123
Avg block density : 0.006482
Block graph edges : 2084
Block graph density : 0.063848
Locality score : 5.584253

6. Color Statistics
   Color   Blocks   Nodes   AvgNodesPerBlock
       1       26   146068            5618.00
       2       26   146068            5618.00
       3       26   146068            5618.00
       4       26   146068            5618.00
       5       26   146068            5618.00
       6       26   146068            5618.00
       7       25   140202            5608.08
       8       25   140450            5618.00
       9       25   140450            5618.00
      10       25   140450            5618.00

Additional Load Imbalance Metrics
----------------------------------
Max block size / Avg block size   : 1.000172
Max color nodes / Avg color nodes : 1.015800

-------------------------------------------------
Geo_1438 bs = 256, policy = 2, coloring = 3

==============================================
  Partitioning Evaluation Report
==============================================
1. Total Blocks          : 256
   Total Colors          : 10
2. Nodes per Block
   - Average             : 5617.03
   - Maximum             : 5618
   - Minimum             : 5370
   - Stddev              : 15.469697
   - Gini coefficient    : 0.000172
3. Internal Avg Degree   : 36.4016 (Mean of per-block avg)
4. Block Graph Avg Deg   : 16.2812
5. Modularity
   - Unweighted Q        : 0.844216
   - Weighted Q          : 0.840646
==============================================
Internal edges : 26172522
External edges : 4686843
Internal ratio : 0.848123
Avg block density : 0.006482
Block graph edges : 2084
Block graph density : 0.063848
Locality score : 5.584253

6. Color Statistics
   Color   Blocks   Nodes   AvgNodesPerBlock
       1       26   146068            5618.00
       2       26   145820            5608.46
       3       26   146068            5618.00
       4       26   146068            5618.00
       5       26   146068            5618.00
       6       26   146068            5618.00
       7       26   146068            5618.00
       8       26   146068            5618.00
       9       25   140450            5618.00
      10       23   129214            5618.00

Additional Load Imbalance Metrics
----------------------------------
Max block size / Avg block size   : 1.000172
Max color nodes / Avg color nodes : 1.015800

-------------------------------------------------
Geo_1438 bs = 256, policy = 3, coloring = 1

==============================================
  Partitioning Evaluation Report
==============================================
1. Total Blocks          : 256
   Total Colors          : 26
2. Nodes per Block
   - Average             : 5617.03
   - Maximum             : 5618
   - Minimum             : 5370
   - Stddev              : 15.469697
   - Gini coefficient    : 0.000172
3. Internal Avg Degree   : 20.3851 (Mean of per-block avg)
4. Block Graph Avg Deg   : 67.9844
5. Modularity
   - Unweighted Q        : 0.471047
   - Weighted Q          : 0.774594
==============================================
Internal edges : 14657278
External edges : 16202087
Internal ratio : 0.474970
Avg block density : 0.003630
Block graph edges : 8702
Block graph density : 0.266605
Locality score : 0.904654

6. Color Statistics
   Color   Blocks   Nodes   AvgNodesPerBlock
       1       13   73034            5618.00
       2       13   73034            5618.00
       3       12   67416            5618.00
       4       12   67416            5618.00
       5       12   67416            5618.00
       6       12   67416            5618.00
       7       12   67416            5618.00
       8       12   67416            5618.00
       9       11   61798            5618.00
      10       11   61798            5618.00
      11       11   61798            5618.00
      12       11   61798            5618.00
      13       11   61798            5618.00
      14       11   61798            5618.00
      15       10   56180            5618.00
      16       10   56180            5618.00
      17       10   56180            5618.00
      18       10   56180            5618.00
      19        9   50562            5618.00
      20        9   50562            5618.00
      21        8   44696            5587.00
      22        7   39326            5618.00
      23        7   39326            5618.00
      24        7   39326            5618.00
      25        4   22472            5618.00
      26        1    5618            5618.00

Additional Load Imbalance Metrics
----------------------------------
Max block size / Avg block size   : 1.000172
Max color nodes / Avg color nodes : 1.320540

-------------------------------------------------
Geo_1438 bs = 256, policy = 3, coloring = 2

==============================================
  Partitioning Evaluation Report
==============================================
1. Total Blocks          : 256
   Total Colors          : 29
2. Nodes per Block
   - Average             : 5617.03
   - Maximum             : 5618
   - Minimum             : 5370
   - Stddev              : 15.469697
   - Gini coefficient    : 0.000172
3. Internal Avg Degree   : 20.3851 (Mean of per-block avg)
4. Block Graph Avg Deg   : 67.9844
5. Modularity
   - Unweighted Q        : 0.471047
   - Weighted Q          : 0.774594
==============================================
Internal edges : 14657278
External edges : 16202087
Internal ratio : 0.474970
Avg block density : 0.003630
Block graph edges : 8702
Block graph density : 0.266605
Locality score : 0.904654

6. Color Statistics
   Color   Blocks   Nodes   AvgNodesPerBlock
       1       10   56180            5618.00
       2       10   56180            5618.00
       3        9   50562            5618.00
       4        9   50562            5618.00
       5        9   50562            5618.00
       6        9   50562            5618.00
       7        9   50562            5618.00
       8        9   50562            5618.00
       9        9   50562            5618.00
      10        9   50562            5618.00
      11        9   50562            5618.00
      12        9   50562            5618.00
      13        9   50562            5618.00
      14        9   50562            5618.00
      15        9   50562            5618.00
      16        9   50562            5618.00
      17        9   50562            5618.00
      18        9   50562            5618.00
      19        9   50562            5618.00
      20        9   50562            5618.00
      21        9   50562            5618.00
      22        9   50562            5618.00
      23        9   50562            5618.00
      24        8   44944            5618.00
      25        8   44944            5618.00
      26        8   44944            5618.00
      27        8   44944            5618.00
      28        8   44944            5618.00
      29        7   39078            5582.57

Additional Load Imbalance Metrics
----------------------------------
Max block size / Avg block size   : 1.000172
Max color nodes / Avg color nodes : 1.133008

-------------------------------------------------
Geo_1438 bs = 256, policy = 3, coloring = 3

==============================================
  Partitioning Evaluation Report
==============================================
1. Total Blocks          : 256
   Total Colors          : 26
2. Nodes per Block
   - Average             : 5617.03
   - Maximum             : 5618
   - Minimum             : 5370
   - Stddev              : 15.469697
   - Gini coefficient    : 0.000172
3. Internal Avg Degree   : 20.3851 (Mean of per-block avg)
4. Block Graph Avg Deg   : 67.9844
5. Modularity
   - Unweighted Q        : 0.471047
   - Weighted Q          : 0.774594
==============================================
Internal edges : 14657278
External edges : 16202087
Internal ratio : 0.474970
Avg block density : 0.003630
Block graph edges : 8702
Block graph density : 0.266605
Locality score : 0.904654

6. Color Statistics
   Color   Blocks   Nodes   AvgNodesPerBlock
       1       11   61798            5618.00
       2       11   61798            5618.00
       3       10   56180            5618.00
       4       10   56180            5618.00
       5       10   56180            5618.00
       6       10   56180            5618.00
       7       10   56180            5618.00
       8       10   56180            5618.00
       9       10   56180            5618.00
      10       10   56180            5618.00
      11       10   56180            5618.00
      12       10   56180            5618.00
      13       10   56180            5618.00
      14       10   56180            5618.00
      15       10   56180            5618.00
      16       10   56180            5618.00
      17       10   56180            5618.00
      18       10   56180            5618.00
      19       10   56180            5618.00
      20       10   56180            5618.00
      21       10   56180            5618.00
      22       10   56180            5618.00
      23       10   56180            5618.00
      24        9   50562            5618.00
      25        8   44696            5587.00
      26        7   39326            5618.00

Additional Load Imbalance Metrics
----------------------------------
Max block size / Avg block size   : 1.000172
Max color nodes / Avg color nodes : 1.117380

-------------------------------------------------
Geo_1438 bs = 512, policy = 1, coloring = 1

==============================================
  Partitioning Evaluation Report
==============================================
1. Total Blocks          : 512
   Total Colors          : 9
2. Nodes per Block
   - Average             : 2808.52
   - Maximum             : 2809
   - Minimum             : 2561
   - Stddev              : 10.949447
   - Gini coefficient    : 0.000172
3. Internal Avg Degree   : 35.9955 (Mean of per-block avg)
4. Block Graph Avg Deg   : 12.7930
5. Modularity
   - Unweighted Q        : 0.836702
   - Weighted Q          : 0.851035
==============================================
Internal edges : 25880402
External edges : 4978963
Internal ratio : 0.838656
Avg block density : 0.012821
Block graph edges : 3275
Block graph density : 0.025035
Locality score : 5.197949

6. Color Statistics
   Color   Blocks   Nodes   AvgNodesPerBlock
       1       70   196630            2809.00
       2       70   196630            2809.00
       3       68   191012            2809.00
       4       68   191012            2809.00
       5       68   191012            2809.00
       6       65   182585            2809.00
       7       62   173910            2805.00
       8       35   98315            2809.00
       9        6   16854            2809.00

Additional Load Imbalance Metrics
----------------------------------
Max block size / Avg block size   : 1.000172
Max color nodes / Avg color nodes : 1.230681

-------------------------------------------------
Geo_1438 bs = 512, policy = 1, coloring = 2

==============================================
  Partitioning Evaluation Report
==============================================
1. Total Blocks          : 512
   Total Colors          : 10
2. Nodes per Block
   - Average             : 2808.52
   - Maximum             : 2809
   - Minimum             : 2561
   - Stddev              : 10.949447
   - Gini coefficient    : 0.000172
3. Internal Avg Degree   : 35.9955 (Mean of per-block avg)
4. Block Graph Avg Deg   : 12.7930
5. Modularity
   - Unweighted Q        : 0.836702
   - Weighted Q          : 0.851035
==============================================
Internal edges : 25880402
External edges : 4978963
Internal ratio : 0.838656
Avg block density : 0.012821
Block graph edges : 3275
Block graph density : 0.025035
Locality score : 5.197949

6. Color Statistics
   Color   Blocks   Nodes   AvgNodesPerBlock
       1       52   146068            2809.00
       2       52   146068            2809.00
       3       51   143259            2809.00
       4       51   143011            2804.14
       5       51   143259            2809.00
       6       51   143259            2809.00
       7       51   143259            2809.00
       8       51   143259            2809.00
       9       51   143259            2809.00
      10       51   143259            2809.00

Additional Load Imbalance Metrics
----------------------------------
Max block size / Avg block size   : 1.000172
Max color nodes / Avg color nodes : 1.015800

-------------------------------------------------
Geo_1438 bs = 512, policy = 1, coloring = 3

==============================================
  Partitioning Evaluation Report
==============================================
1. Total Blocks          : 512
   Total Colors          : 9
2. Nodes per Block
   - Average             : 2808.52
   - Maximum             : 2809
   - Minimum             : 2561
   - Stddev              : 10.949447
   - Gini coefficient    : 0.000172
3. Internal Avg Degree   : 35.9955 (Mean of per-block avg)
4. Block Graph Avg Deg   : 12.7930
5. Modularity
   - Unweighted Q        : 0.836702
   - Weighted Q          : 0.851035
==============================================
Internal edges : 25880402
External edges : 4978963
Internal ratio : 0.838656
Avg block density : 0.012821
Block graph edges : 3275
Block graph density : 0.025035
Locality score : 5.197949

6. Color Statistics
   Color   Blocks   Nodes   AvgNodesPerBlock
       1       57   159865            2804.65
       2       57   160113            2809.00
       3       57   160113            2809.00
       4       57   160113            2809.00
       5       57   160113            2809.00
       6       57   160113            2809.00
       7       57   160113            2809.00
       8       57   160113            2809.00
       9       56   157304            2809.00

Additional Load Imbalance Metrics
----------------------------------
Max block size / Avg block size   : 1.000172
Max color nodes / Avg color nodes : 1.002126

-------------------------------------------------
Geo_1438 bs = 512, policy = 2, coloring = 1

==============================================
  Partitioning Evaluation Report
==============================================
1. Total Blocks          : 512
   Total Colors          : 11
2. Nodes per Block
   - Average             : 2808.52
   - Maximum             : 2809
   - Minimum             : 2561
   - Stddev              : 10.949447
   - Gini coefficient    : 0.000172
3. Internal Avg Degree   : 34.6479 (Mean of per-block avg)
4. Block Graph Avg Deg   : 17.7383
5. Modularity
   - Unweighted Q        : 0.805335
   - Weighted Q          : 0.803270
==============================================
Internal edges : 24912401
External edges : 5946964
Internal ratio : 0.807288
Avg block density : 0.012341
Block graph edges : 4541
Block graph density : 0.034713
Locality score : 4.189095

6. Color Statistics
   Color   Blocks   Nodes   AvgNodesPerBlock
       1       68   191012            2809.00
       2       63   176967            2809.00
       3       63   176967            2809.00
       4       61   171349            2809.00
       5       61   171349            2809.00
       6       58   162922            2809.00
       7       56   157056            2804.57
       8       50   140450            2809.00
       9       27   75843            2809.00
      10        4   11236            2809.00
      11        1    2809            2809.00

Additional Load Imbalance Metrics
----------------------------------
Max block size / Avg block size   : 1.000172
Max color nodes / Avg color nodes : 1.461189

-------------------------------------------------
Geo_1438 bs = 512, policy = 2, coloring = 2

==============================================
  Partitioning Evaluation Report
==============================================
1. Total Blocks          : 512
   Total Colors          : 13
2. Nodes per Block
   - Average             : 2808.52
   - Maximum             : 2809
   - Minimum             : 2561
   - Stddev              : 10.949447
   - Gini coefficient    : 0.000172
3. Internal Avg Degree   : 34.6479 (Mean of per-block avg)
4. Block Graph Avg Deg   : 17.7383
5. Modularity
   - Unweighted Q        : 0.805335
   - Weighted Q          : 0.803270
==============================================
Internal edges : 24912401
External edges : 5946964
Internal ratio : 0.807288
Avg block density : 0.012341
Block graph edges : 4541
Block graph density : 0.034713
Locality score : 4.189095

6. Color Statistics
   Color   Blocks   Nodes   AvgNodesPerBlock
       1       40   112112            2802.80
       2       40   112360            2809.00
       3       40   112360            2809.00
       4       40   112360            2809.00
       5       40   112360            2809.00
       6       39   109551            2809.00
       7       39   109551            2809.00
       8       39   109551            2809.00
       9       39   109551            2809.00
      10       39   109551            2809.00
      11       39   109551            2809.00
      12       39   109551            2809.00
      13       39   109551            2809.00

Additional Load Imbalance Metrics
----------------------------------
Max block size / Avg block size   : 1.000172
Max color nodes / Avg color nodes : 1.015800

-------------------------------------------------
Geo_1438 bs = 512, policy = 2, coloring = 3

==============================================
  Partitioning Evaluation Report
==============================================
1. Total Blocks          : 512
   Total Colors          : 11
2. Nodes per Block
   - Average             : 2808.52
   - Maximum             : 2809
   - Minimum             : 2561
   - Stddev              : 10.949447
   - Gini coefficient    : 0.000172
3. Internal Avg Degree   : 34.6479 (Mean of per-block avg)
4. Block Graph Avg Deg   : 17.7383
5. Modularity
   - Unweighted Q        : 0.805335
   - Weighted Q          : 0.803270
==============================================
Internal edges : 24912401
External edges : 5946964
Internal ratio : 0.807288
Avg block density : 0.012341
Block graph edges : 4541
Block graph density : 0.034713
Locality score : 4.189095

6. Color Statistics
   Color   Blocks   Nodes   AvgNodesPerBlock
       1       47   132023            2809.00
       2       47   132023            2809.00
       3       47   132023            2809.00
       4       47   132023            2809.00
       5       47   132023            2809.00
       6       47   132023            2809.00
       7       46   128966            2803.61
       8       46   129214            2809.00
       9       46   129214            2809.00
      10       46   129214            2809.00
      11       46   129214            2809.00

Additional Load Imbalance Metrics
----------------------------------
Max block size / Avg block size   : 1.000172
Max color nodes / Avg color nodes : 1.009940

-------------------------------------------------
Geo_1438 bs = 512, policy = 3, coloring = 1

==============================================
  Partitioning Evaluation Report
==============================================
1. Total Blocks          : 512
   Total Colors          : 27
2. Nodes per Block
   - Average             : 2808.52
   - Maximum             : 2809
   - Minimum             : 2561
   - Stddev              : 10.949447
   - Gini coefficient    : 0.000172
3. Internal Avg Degree   : 19.4515 (Mean of per-block avg)
4. Block Graph Avg Deg   : 67.5938
5. Modularity
   - Unweighted Q        : 0.451253
   - Weighted Q          : 0.764115
==============================================
Internal edges : 13985890
External edges : 16873475
Internal ratio : 0.453214
Avg block density : 0.006928
Block graph edges : 17304
Block graph density : 0.132277
Locality score : 0.828868

6. Color Statistics
   Color   Blocks   Nodes   AvgNodesPerBlock
       1       25   70225            2809.00
       2       24   67416            2809.00
       3       24   67416            2809.00
       4       24   67416            2809.00
       5       23   64607            2809.00
       6       23   64607            2809.00
       7       23   64607            2809.00
       8       22   61798            2809.00
       9       22   61798            2809.00
      10       22   61798            2809.00
      11       22   61798            2809.00
      12       22   61798            2809.00
      13       21   58989            2809.00
      14       21   58989            2809.00
      15       21   58989            2809.00
      16       21   58989            2809.00
      17       20   56180            2809.00
      18       20   56180            2809.00
      19       20   56180            2809.00
      20       19   53371            2809.00
      21       18   50562            2809.00
      22       17   47505            2794.41
      23       16   44944            2809.00
      24       12   33708            2809.00
      25        5   14045            2809.00
      26        4   11236            2809.00
      27        1    2809            2809.00

Additional Load Imbalance Metrics
----------------------------------
Max block size / Avg block size   : 1.000172
Max color nodes / Avg color nodes : 1.318587

-------------------------------------------------
Geo_1438 bs = 512, policy = 3, coloring = 2

==============================================
  Partitioning Evaluation Report
==============================================
1. Total Blocks          : 512
   Total Colors          : 30
2. Nodes per Block
   - Average             : 2808.52
   - Maximum             : 2809
   - Minimum             : 2561
   - Stddev              : 10.949447
   - Gini coefficient    : 0.000172
3. Internal Avg Degree   : 19.4515 (Mean of per-block avg)
4. Block Graph Avg Deg   : 67.5938
5. Modularity
   - Unweighted Q        : 0.451253
   - Weighted Q          : 0.764115
==============================================
Internal edges : 13985890
External edges : 16873475
Internal ratio : 0.453214
Avg block density : 0.006928
Block graph edges : 17304
Block graph density : 0.132277
Locality score : 0.828868

6. Color Statistics
   Color   Blocks   Nodes   AvgNodesPerBlock
       1       18   50314            2795.22
       2       18   50562            2809.00
       3       18   50562            2809.00
       4       17   47753            2809.00
       5       17   47753            2809.00
       6       17   47753            2809.00
       7       17   47753            2809.00
       8       17   47753            2809.00
       9       17   47753            2809.00
      10       17   47753            2809.00
      11       17   47753            2809.00
      12       17   47753            2809.00
      13       17   47753            2809.00
      14       17   47753            2809.00
      15       17   47753            2809.00
      16       17   47753            2809.00
      17       17   47753            2809.00
      18       17   47753            2809.00
      19       17   47753            2809.00
      20       17   47753            2809.00
      21       17   47753            2809.00
      22       17   47753            2809.00
      23       17   47753            2809.00
      24       17   47753            2809.00
      25       17   47753            2809.00
      26       17   47753            2809.00
      27       17   47753            2809.00
      28       17   47753            2809.00
      29       17   47753            2809.00
      30       16   44944            2809.00

Additional Load Imbalance Metrics
----------------------------------
Max block size / Avg block size   : 1.000172
Max color nodes / Avg color nodes : 1.054869

-------------------------------------------------
Geo_1438 bs = 512, policy = 3, coloring = 3

==============================================
  Partitioning Evaluation Report
==============================================
1. Total Blocks          : 512
   Total Colors          : 27
2. Nodes per Block
   - Average             : 2808.52
   - Maximum             : 2809
   - Minimum             : 2561
   - Stddev              : 10.949447
   - Gini coefficient    : 0.000172
3. Internal Avg Degree   : 19.4515 (Mean of per-block avg)
4. Block Graph Avg Deg   : 67.5938
5. Modularity
   - Unweighted Q        : 0.451253
   - Weighted Q          : 0.764115
==============================================
Internal edges : 13985890
External edges : 16873475
Internal ratio : 0.453214
Avg block density : 0.006928
Block graph edges : 17304
Block graph density : 0.132277
Locality score : 0.828868

6. Color Statistics
   Color   Blocks   Nodes   AvgNodesPerBlock
       1       20   56180            2809.00
       2       19   53371            2809.00
       3       19   53371            2809.00
       4       19   53371            2809.00
       5       19   53371            2809.00
       6       19   53371            2809.00
       7       19   53371            2809.00
       8       19   53371            2809.00
       9       19   53371            2809.00
      10       19   53371            2809.00
      11       19   53371            2809.00
      12       19   53371            2809.00
      13       19   53371            2809.00
      14       19   53371            2809.00
      15       19   53371            2809.00
      16       19   53371            2809.00
      17       19   53371            2809.00
      18       19   53371            2809.00
      19       19   53371            2809.00
      20       19   53371            2809.00
      21       19   53371            2809.00
      22       19   53371            2809.00
      23       19   53371            2809.00
      24       19   53371            2809.00
      25       19   53371            2809.00
      26       19   53371            2809.00
      27       17   47505            2794.41

Additional Load Imbalance Metrics
----------------------------------
Max block size / Avg block size   : 1.000172
Max color nodes / Avg color nodes : 1.054869

-------------------------------------------------
Geo_1438 bs = 1024, policy = 1, coloring = 1

==============================================
  Partitioning Evaluation Report
==============================================
1. Total Blocks          : 1024
   Total Colors          : 10
2. Nodes per Block
   - Average             : 1404.26
   - Maximum             : 1405
   - Minimum             : 645
   - Stddev              : 23.738400
   - Gini coefficient    : 0.000528
3. Internal Avg Degree   : 34.1809 (Mean of per-block avg)
4. Block Graph Avg Deg   : 13.2598
5. Modularity
   - Unweighted Q        : 0.795461
   - Weighted Q          : 0.811585
==============================================
Internal edges : 24577591
External edges : 6281774
Internal ratio : 0.796439
Avg block density : 0.024369
Block graph edges : 6789
Block graph density : 0.012962
Locality score : 3.912523

6. Color Statistics
   Color   Blocks   Nodes   AvgNodesPerBlock
       1      144   201560            1399.72
       2      139   195295            1405.00
       3      128   179840            1405.00
       4      128   179840            1405.00
       5      127   178435            1405.00
       6      126   177030            1405.00
       7      124   174220            1405.00
       8       76   106780            1405.00
       9       30   42150            1405.00
      10        2    2810            1405.00

Additional Load Imbalance Metrics
----------------------------------
Max block size / Avg block size   : 1.000529
Max color nodes / Avg color nodes : 1.401708

-------------------------------------------------
Geo_1438 bs = 1024, policy = 1, coloring = 2

==============================================
  Partitioning Evaluation Report
==============================================
1. Total Blocks          : 1024
   Total Colors          : 11
2. Nodes per Block
   - Average             : 1404.26
   - Maximum             : 1405
   - Minimum             : 645
   - Stddev              : 23.738400
   - Gini coefficient    : 0.000528
3. Internal Avg Degree   : 34.1809 (Mean of per-block avg)
4. Block Graph Avg Deg   : 13.2598
5. Modularity
   - Unweighted Q        : 0.795461
   - Weighted Q          : 0.811585
==============================================
Internal edges : 24577591
External edges : 6281774
Internal ratio : 0.796439
Avg block density : 0.024369
Block graph edges : 6789
Block graph density : 0.012962
Locality score : 3.912523

6. Color Statistics
   Color   Blocks   Nodes   AvgNodesPerBlock
       1       95   133475            1405.00
       2       95   133475            1405.00
       3       95   133475            1405.00
       4       94   132070            1405.00
       5       94   132070            1405.00
       6       94   132070            1405.00
       7       94   132070            1405.00
       8       94   132070            1405.00
       9       94   132070            1405.00
      10       94   132070            1405.00
      11       81   113045            1395.62

Additional Load Imbalance Metrics
----------------------------------
Max block size / Avg block size   : 1.000529
Max color nodes / Avg color nodes : 1.021047

-------------------------------------------------
Geo_1438 bs = 1024, policy = 1, coloring = 3

==============================================
  Partitioning Evaluation Report
==============================================
1. Total Blocks          : 1024
   Total Colors          : 10
2. Nodes per Block
   - Average             : 1404.26
   - Maximum             : 1405
   - Minimum             : 645
   - Stddev              : 23.738400
   - Gini coefficient    : 0.000528
3. Internal Avg Degree   : 34.1809 (Mean of per-block avg)
4. Block Graph Avg Deg   : 13.2598
5. Modularity
   - Unweighted Q        : 0.795461
   - Weighted Q          : 0.811585
==============================================
Internal edges : 24577591
External edges : 6281774
Internal ratio : 0.796439
Avg block density : 0.024369
Block graph edges : 6789
Block graph density : 0.012962
Locality score : 3.912523

6. Color Statistics
   Color   Blocks   Nodes   AvgNodesPerBlock
       1      103   144715            1405.00
       2      103   143955            1397.62
       3      103   144715            1405.00
       4      103   144715            1405.00
       5      102   143310            1405.00
       6      102   143310            1405.00
       7      102   143310            1405.00
       8      102   143310            1405.00
       9      102   143310            1405.00
      10      102   143310            1405.00

Additional Load Imbalance Metrics
----------------------------------
Max block size / Avg block size   : 1.000529
Max color nodes / Avg color nodes : 1.006391

-------------------------------------------------
Geo_1438 bs = 1024, policy = 2, coloring = 1

==============================================
  Partitioning Evaluation Report
==============================================
1. Total Blocks          : 1024
   Total Colors          : 11
2. Nodes per Block
   - Average             : 1404.26
   - Maximum             : 1405
   - Minimum             : 645
   - Stddev              : 23.738400
   - Gini coefficient    : 0.000528
3. Internal Avg Degree   : 33.2738 (Mean of per-block avg)
4. Block Graph Avg Deg   : 20.6660
5. Modularity
   - Unweighted Q        : 0.774435
   - Weighted Q          : 0.775704
==============================================
Internal edges : 23928732
External edges : 6930633
Internal ratio : 0.775412
Avg block density : 0.023715
Block graph edges : 10581
Block graph density : 0.020201
Locality score : 3.452604

6. Color Statistics
   Color   Blocks   Nodes   AvgNodesPerBlock
       1      112   157360            1405.00
       2      112   157360            1405.00
       3      111   155955            1405.00
       4      111   155955            1405.00
       5      109   153145            1405.00
       6      106   148170            1397.83
       7      105   147525            1405.00
       8      104   146120            1405.00
       9       91   127855            1405.00
      10       51   71655            1405.00
      11       12   16860            1405.00

Additional Load Imbalance Metrics
----------------------------------
Max block size / Avg block size   : 1.000529
Max color nodes / Avg color nodes : 1.203761

-------------------------------------------------
Geo_1438 bs = 1024, policy = 2, coloring = 2

==============================================
  Partitioning Evaluation Report
==============================================
1. Total Blocks          : 1024
   Total Colors          : 13
2. Nodes per Block
   - Average             : 1404.26
   - Maximum             : 1405
   - Minimum             : 645
   - Stddev              : 23.738400
   - Gini coefficient    : 0.000528
3. Internal Avg Degree   : 33.2738 (Mean of per-block avg)
4. Block Graph Avg Deg   : 20.6660
5. Modularity
   - Unweighted Q        : 0.774435
   - Weighted Q          : 0.775704
==============================================
Internal edges : 23928732
External edges : 6930633
Internal ratio : 0.775412
Avg block density : 0.023715
Block graph edges : 10581
Block graph density : 0.020201
Locality score : 3.452604

6. Color Statistics
   Color   Blocks   Nodes   AvgNodesPerBlock
       1       79   110995            1405.00
       2       79   110995            1405.00
       3       79   110995            1405.00
       4       79   110995            1405.00
       5       79   110995            1405.00
       6       79   110995            1405.00
       7       79   110995            1405.00
       8       79   110235            1395.38
       9       79   110995            1405.00
      10       79   110995            1405.00
      11       78   109590            1405.00
      12       78   109590            1405.00
      13       78   109590            1405.00

Additional Load Imbalance Metrics
----------------------------------
Max block size / Avg block size   : 1.000529
Max color nodes / Avg color nodes : 1.003460

-------------------------------------------------
Geo_1438 bs = 1024, policy = 2, coloring = 3

==============================================
  Partitioning Evaluation Report
==============================================
1. Total Blocks          : 1024
   Total Colors          : 11
2. Nodes per Block
   - Average             : 1404.26
   - Maximum             : 1405
   - Minimum             : 645
   - Stddev              : 23.738400
   - Gini coefficient    : 0.000528
3. Internal Avg Degree   : 33.2738 (Mean of per-block avg)
4. Block Graph Avg Deg   : 20.6660
5. Modularity
   - Unweighted Q        : 0.774435
   - Weighted Q          : 0.775704
==============================================
Internal edges : 23928732
External edges : 6930633
Internal ratio : 0.775412
Avg block density : 0.023715
Block graph edges : 10581
Block graph density : 0.020201
Locality score : 3.452604

6. Color Statistics
   Color   Blocks   Nodes   AvgNodesPerBlock
       1       94   132070            1405.00
       2       93   130665            1405.00
       3       93   130665            1405.00
       4       93   129905            1396.83
       5       93   130665            1405.00
       6       93   130665            1405.00
       7       93   130665            1405.00
       8       93   130665            1405.00
       9       93   130665            1405.00
      10       93   130665            1405.00
      11       93   130665            1405.00

Additional Load Imbalance Metrics
----------------------------------
Max block size / Avg block size   : 1.000529
Max color nodes / Avg color nodes : 1.010299

-------------------------------------------------
Geo_1438 bs = 1024, policy = 3, coloring = 1

==============================================
  Partitioning Evaluation Report
==============================================
1. Total Blocks          : 1024
   Total Colors          : 26
2. Nodes per Block
   - Average             : 1404.26
   - Maximum             : 1405
   - Minimum             : 645
   - Stddev              : 23.738400
   - Gini coefficient    : 0.000528
3. Internal Avg Degree   : 18.4161 (Mean of per-block avg)
4. Block Graph Avg Deg   : 64.7344
5. Modularity
   - Unweighted Q        : 0.428247
   - Weighted Q          : 0.743433
==============================================
Internal edges : 13245680
External edges : 17613685
Internal ratio : 0.429227
Avg block density : 0.013121
Block graph edges : 33144
Block graph density : 0.063279
Locality score : 0.752011

6. Color Statistics
   Color   Blocks   Nodes   AvgNodesPerBlock
       1       52   73060            1405.00
       2       51   71655            1405.00
       3       50   70250            1405.00
       4       50   70250            1405.00
       5       49   68845            1405.00
       6       49   68845            1405.00
       7       48   67440            1405.00
       8       48   67440            1405.00
       9       48   67440            1405.00
      10       48   67440            1405.00
      11       48   67440            1405.00
      12       46   64630            1405.00
      13       45   63225            1405.00
      14       45   63225            1405.00
      15       45   63225            1405.00
      16       44   61820            1405.00
      17       42   59010            1405.00
      18       42   59010            1405.00
      19       41   56845            1386.46
      20       37   51985            1405.00
      21       32   44960            1405.00
      22       25   35125            1405.00
      23       21   29505            1405.00
      24       10   14050            1405.00
      25        7    9835            1405.00
      26        1    1405            1405.00

Additional Load Imbalance Metrics
----------------------------------
Max block size / Avg block size   : 1.000529
Max color nodes / Avg color nodes : 1.321010

-------------------------------------------------
Geo_1438 bs = 1024, policy = 3, coloring = 2

==============================================
  Partitioning Evaluation Report
==============================================
1. Total Blocks          : 1024
   Total Colors          : 29
2. Nodes per Block
   - Average             : 1404.26
   - Maximum             : 1405
   - Minimum             : 645
   - Stddev              : 23.738400
   - Gini coefficient    : 0.000528
3. Internal Avg Degree   : 18.4161 (Mean of per-block avg)
4. Block Graph Avg Deg   : 64.7344
5. Modularity
   - Unweighted Q        : 0.428247
   - Weighted Q          : 0.743433
==============================================
Internal edges : 13245680
External edges : 17613685
Internal ratio : 0.429227
Avg block density : 0.013121
Block graph edges : 33144
Block graph density : 0.063279
Locality score : 0.752011

6. Color Statistics
   Color   Blocks   Nodes   AvgNodesPerBlock
       1       36   49820            1383.89
       2       36   50580            1405.00
       3       36   50580            1405.00
       4       36   50580            1405.00
       5       36   50580            1405.00
       6       36   50580            1405.00
       7       36   50580            1405.00
       8       36   50580            1405.00
       9       36   50580            1405.00
      10       35   49175            1405.00
      11       35   49175            1405.00
      12       35   49175            1405.00
      13       35   49175            1405.00
      14       35   49175            1405.00
      15       35   49175            1405.00
      16       35   49175            1405.00
      17       35   49175            1405.00
      18       35   49175            1405.00
      19       35   49175            1405.00
      20       35   49175            1405.00
      21       35   49175            1405.00
      22       35   49175            1405.00
      23       35   49175            1405.00
      24       35   49175            1405.00
      25       35   49175            1405.00
      26       35   49175            1405.00
      27       35   49175            1405.00
      28       35   49175            1405.00
      29       35   49175            1405.00

Additional Load Imbalance Metrics
----------------------------------
Max block size / Avg block size   : 1.000529
Max color nodes / Avg color nodes : 1.020070

-------------------------------------------------
Geo_1438 bs = 1024, policy = 3, coloring = 3

==============================================
  Partitioning Evaluation Report
==============================================
1. Total Blocks          : 1024
   Total Colors          : 26
2. Nodes per Block
   - Average             : 1404.26
   - Maximum             : 1405
   - Minimum             : 645
   - Stddev              : 23.738400
   - Gini coefficient    : 0.000528
3. Internal Avg Degree   : 18.4161 (Mean of per-block avg)
4. Block Graph Avg Deg   : 64.7344
5. Modularity
   - Unweighted Q        : 0.428247
   - Weighted Q          : 0.743433
==============================================
Internal edges : 13245680
External edges : 17613685
Internal ratio : 0.429227
Avg block density : 0.013121
Block graph edges : 33144
Block graph density : 0.063279
Locality score : 0.752011

6. Color Statistics
   Color   Blocks   Nodes   AvgNodesPerBlock
       1       40   56200            1405.00
       2       40   56200            1405.00
       3       40   56200            1405.00
       4       40   56200            1405.00
       5       40   56200            1405.00
       6       40   56200            1405.00
       7       40   56200            1405.00
       8       40   56200            1405.00
       9       40   56200            1405.00
      10       40   56200            1405.00
      11       39   54795            1405.00
      12       39   54795            1405.00
      13       39   54795            1405.00
      14       39   54035            1385.51
      15       39   54795            1405.00
      16       39   54795            1405.00
      17       39   54795            1405.00
      18       39   54795            1405.00
      19       39   54795            1405.00
      20       39   54795            1405.00
      21       39   54795            1405.00
      22       39   54795            1405.00
      23       39   54795            1405.00
      24       39   54795            1405.00
      25       39   54795            1405.00
      26       39   54795            1405.00

Additional Load Imbalance Metrics
----------------------------------
Max block size / Avg block size   : 1.000529
Max color nodes / Avg color nodes : 1.016162

-------------------------------------------------
Hook_1498 bs = 32, policy = 1, coloring = 1

==============================================
  Partitioning Evaluation Report
==============================================
1. Total Blocks          : 32
   Total Colors          : 8
2. Nodes per Block
   - Average             : 46813.22
   - Maximum             : 46814
   - Minimum             : 46789
   - Stddev              : 4.349816
   - Gini coefficient    : 0.000016
3. Internal Avg Degree   : 37.6105 (Mean of per-block avg)
4. Block Graph Avg Deg   : 10.5625
5. Modularity
   - Unweighted Q        : 0.916943
   - Weighted Q          : 0.918169
==============================================
Internal edges : 28170677
External edges : 1539034
Internal ratio : 0.948198
Avg block density : 0.000803
Block graph edges : 169
Block graph density : 0.340726
Locality score : 18.304117

6. Color Statistics
   Color   Blocks   Nodes   AvgNodesPerBlock
       1        6   280884           46814.00
       2        5   234070           46814.00
       3        5   234070           46814.00
       4        4   187231           46807.75
       5        4   187256           46814.00
       6        3   140442           46814.00
       7        3   140442           46814.00
       8        2   93628           46814.00

Additional Load Imbalance Metrics
----------------------------------
Max block size / Avg block size   : 1.000017
Max color nodes / Avg color nodes : 1.500025

-------------------------------------------------
Hook_1498 bs = 32, policy = 1, coloring = 2

==============================================
  Partitioning Evaluation Report
==============================================
1. Total Blocks          : 32
   Total Colors          : 8
2. Nodes per Block
   - Average             : 46813.22
   - Maximum             : 46814
   - Minimum             : 46789
   - Stddev              : 4.349816
   - Gini coefficient    : 0.000016
3. Internal Avg Degree   : 37.6105 (Mean of per-block avg)
4. Block Graph Avg Deg   : 10.5625
5. Modularity
   - Unweighted Q        : 0.916943
   - Weighted Q          : 0.918169
==============================================
Internal edges : 28170677
External edges : 1539034
Internal ratio : 0.948198
Avg block density : 0.000803
Block graph edges : 169
Block graph density : 0.340726
Locality score : 18.304117

6. Color Statistics
   Color   Blocks   Nodes   AvgNodesPerBlock
       1        4   187256           46814.00
       2        4   187256           46814.00
       3        4   187256           46814.00
       4        4   187256           46814.00
       5        4   187256           46814.00
       6        4   187231           46807.75
       7        4   187256           46814.00
       8        4   187256           46814.00

Additional Load Imbalance Metrics
----------------------------------
Max block size / Avg block size   : 1.000017
Max color nodes / Avg color nodes : 1.000017

-------------------------------------------------
Hook_1498 bs = 32, policy = 1, coloring = 3

==============================================
  Partitioning Evaluation Report
==============================================
1. Total Blocks          : 32
   Total Colors          : 8
2. Nodes per Block
   - Average             : 46813.22
   - Maximum             : 46814
   - Minimum             : 46789
   - Stddev              : 4.349816
   - Gini coefficient    : 0.000016
3. Internal Avg Degree   : 37.6105 (Mean of per-block avg)
4. Block Graph Avg Deg   : 10.5625
5. Modularity
   - Unweighted Q        : 0.916943
   - Weighted Q          : 0.918169
==============================================
Internal edges : 28170677
External edges : 1539034
Internal ratio : 0.948198
Avg block density : 0.000803
Block graph edges : 169
Block graph density : 0.340726
Locality score : 18.304117

6. Color Statistics
   Color   Blocks   Nodes   AvgNodesPerBlock
       1        5   234070           46814.00
       2        4   187256           46814.00
       3        4   187231           46807.75
       4        4   187256           46814.00
       5        4   187256           46814.00
       6        4   187256           46814.00
       7        4   187256           46814.00
       8        3   140442           46814.00

Additional Load Imbalance Metrics
----------------------------------
Max block size / Avg block size   : 1.000017
Max color nodes / Avg color nodes : 1.250021

-------------------------------------------------
Hook_1498 bs = 32, policy = 2, coloring = 1

==============================================
  Partitioning Evaluation Report
==============================================
1. Total Blocks          : 32
   Total Colors          : 12
2. Nodes per Block
   - Average             : 46813.22
   - Maximum             : 46814
   - Minimum             : 46789
   - Stddev              : 4.349816
   - Gini coefficient    : 0.000016
3. Internal Avg Degree   : 36.4404 (Mean of per-block avg)
4. Block Graph Avg Deg   : 14.0000
5. Modularity
   - Unweighted Q        : 0.887431
   - Weighted Q          : 0.890568
==============================================
Internal edges : 27294244
External edges : 2415467
Internal ratio : 0.918698
Avg block density : 0.000778
Block graph edges : 224
Block graph density : 0.451613
Locality score : 11.299775

6. Color Statistics
   Color   Blocks   Nodes   AvgNodesPerBlock
       1        6   280859           46809.83
       2        4   187256           46814.00
       3        4   187256           46814.00
       4        3   140442           46814.00
       5        3   140442           46814.00
       6        2   93628           46814.00
       7        2   93628           46814.00
       8        2   93628           46814.00
       9        2   93628           46814.00
      10        2   93628           46814.00
      11        1   46814           46814.00
      12        1   46814           46814.00

Additional Load Imbalance Metrics
----------------------------------
Max block size / Avg block size   : 1.000017
Max color nodes / Avg color nodes : 2.249837

-------------------------------------------------
Hook_1498 bs = 32, policy = 2, coloring = 2

==============================================
  Partitioning Evaluation Report
==============================================
1. Total Blocks          : 32
   Total Colors          : 12
2. Nodes per Block
   - Average             : 46813.22
   - Maximum             : 46814
   - Minimum             : 46789
   - Stddev              : 4.349816
   - Gini coefficient    : 0.000016
3. Internal Avg Degree   : 36.4404 (Mean of per-block avg)
4. Block Graph Avg Deg   : 14.0000
5. Modularity
   - Unweighted Q        : 0.887431
   - Weighted Q          : 0.890568
==============================================
Internal edges : 27294244
External edges : 2415467
Internal ratio : 0.918698
Avg block density : 0.000778
Block graph edges : 224
Block graph density : 0.451613
Locality score : 11.299775

6. Color Statistics
   Color   Blocks   Nodes   AvgNodesPerBlock
       1        3   140442           46814.00
       2        3   140442           46814.00
       3        3   140442           46814.00
       4        3   140442           46814.00
       5        3   140442           46814.00
       6        3   140442           46814.00
       7        3   140417           46805.67
       8        3   140442           46814.00
       9        2   93628           46814.00
      10        2   93628           46814.00
      11        2   93628           46814.00
      12        2   93628           46814.00

Additional Load Imbalance Metrics
----------------------------------
Max block size / Avg block size   : 1.000017
Max color nodes / Avg color nodes : 1.125019

-------------------------------------------------
Hook_1498 bs = 32, policy = 2, coloring = 3

==============================================
  Partitioning Evaluation Report
==============================================
1. Total Blocks          : 32
   Total Colors          : 12
2. Nodes per Block
   - Average             : 46813.22
   - Maximum             : 46814
   - Minimum             : 46789
   - Stddev              : 4.349816
   - Gini coefficient    : 0.000016
3. Internal Avg Degree   : 36.4404 (Mean of per-block avg)
4. Block Graph Avg Deg   : 14.0000
5. Modularity
   - Unweighted Q        : 0.887431
   - Weighted Q          : 0.890568
==============================================
Internal edges : 27294244
External edges : 2415467
Internal ratio : 0.918698
Avg block density : 0.000778
Block graph edges : 224
Block graph density : 0.451613
Locality score : 11.299775

6. Color Statistics
   Color   Blocks   Nodes   AvgNodesPerBlock
       1        3   140442           46814.00
       2        3   140442           46814.00
       3        3   140442           46814.00
       4        3   140442           46814.00
       5        3   140442           46814.00
       6        3   140417           46805.67
       7        3   140442           46814.00
       8        3   140442           46814.00
       9        2   93628           46814.00
      10        2   93628           46814.00
      11        2   93628           46814.00
      12        2   93628           46814.00

Additional Load Imbalance Metrics
----------------------------------
Max block size / Avg block size   : 1.000017
Max color nodes / Avg color nodes : 1.125019

-------------------------------------------------
Hook_1498 bs = 32, policy = 3, coloring = 1

==============================================
  Partitioning Evaluation Report
==============================================
1. Total Blocks          : 32
   Total Colors          : 19
2. Nodes per Block
   - Average             : 46813.22
   - Maximum             : 46814
   - Minimum             : 46789
   - Stddev              : 4.349816
   - Gini coefficient    : 0.000016
3. Internal Avg Degree   : 32.2276 (Mean of per-block avg)
4. Block Graph Avg Deg   : 26.7500
5. Modularity
   - Unweighted Q        : 0.780848
   - Weighted Q          : 0.818497
==============================================
Internal edges : 24138971
External edges : 5570740
Internal ratio : 0.812494
Avg block density : 0.000688
Block graph edges : 428
Block graph density : 0.862903
Locality score : 4.333171

6. Color Statistics
   Color   Blocks   Nodes   AvgNodesPerBlock
       1        2   93628           46814.00
       2        2   93603           46801.50
       3        2   93628           46814.00
       4        2   93628           46814.00
       5        2   93628           46814.00
       6        2   93628           46814.00
       7        2   93628           46814.00
       8        2   93628           46814.00
       9        2   93628           46814.00
      10        2   93628           46814.00
      11        2   93628           46814.00
      12        2   93628           46814.00
      13        2   93628           46814.00
      14        1   46814           46814.00
      15        1   46814           46814.00
      16        1   46814           46814.00
      17        1   46814           46814.00
      18        1   46814           46814.00
      19        1   46814           46814.00

Additional Load Imbalance Metrics
----------------------------------
Max block size / Avg block size   : 1.000017
Max color nodes / Avg color nodes : 1.187520

-------------------------------------------------
Hook_1498 bs = 32, policy = 3, coloring = 2

==============================================
  Partitioning Evaluation Report
==============================================
1. Total Blocks          : 32
   Total Colors          : 19
2. Nodes per Block
   - Average             : 46813.22
   - Maximum             : 46814
   - Minimum             : 46789
   - Stddev              : 4.349816
   - Gini coefficient    : 0.000016
3. Internal Avg Degree   : 32.2276 (Mean of per-block avg)
4. Block Graph Avg Deg   : 26.7500
5. Modularity
   - Unweighted Q        : 0.780848
   - Weighted Q          : 0.818497
==============================================
Internal edges : 24138971
External edges : 5570740
Internal ratio : 0.812494
Avg block density : 0.000688
Block graph edges : 428
Block graph density : 0.862903
Locality score : 4.333171

6. Color Statistics
   Color   Blocks   Nodes   AvgNodesPerBlock
       1        2   93628           46814.00
       2        2   93603           46801.50
       3        2   93628           46814.00
       4        2   93628           46814.00
       5        2   93628           46814.00
       6        2   93628           46814.00
       7        2   93628           46814.00
       8        2   93628           46814.00
       9        2   93628           46814.00
      10        2   93628           46814.00
      11        2   93628           46814.00
      12        2   93628           46814.00
      13        2   93628           46814.00
      14        1   46814           46814.00
      15        1   46814           46814.00
      16        1   46814           46814.00
      17        1   46814           46814.00
      18        1   46814           46814.00
      19        1   46814           46814.00

Additional Load Imbalance Metrics
----------------------------------
Max block size / Avg block size   : 1.000017
Max color nodes / Avg color nodes : 1.187520

-------------------------------------------------
Hook_1498 bs = 32, policy = 3, coloring = 3

==============================================
  Partitioning Evaluation Report
==============================================
1. Total Blocks          : 32
   Total Colors          : 19
2. Nodes per Block
   - Average             : 46813.22
   - Maximum             : 46814
   - Minimum             : 46789
   - Stddev              : 4.349816
   - Gini coefficient    : 0.000016
3. Internal Avg Degree   : 32.2276 (Mean of per-block avg)
4. Block Graph Avg Deg   : 26.7500
5. Modularity
   - Unweighted Q        : 0.780848
   - Weighted Q          : 0.818497
==============================================
Internal edges : 24138971
External edges : 5570740
Internal ratio : 0.812494
Avg block density : 0.000688
Block graph edges : 428
Block graph density : 0.862903
Locality score : 4.333171

6. Color Statistics
   Color   Blocks   Nodes   AvgNodesPerBlock
       1        2   93628           46814.00
       2        2   93603           46801.50
       3        2   93628           46814.00
       4        2   93628           46814.00
       5        2   93628           46814.00
       6        2   93628           46814.00
       7        2   93628           46814.00
       8        2   93628           46814.00
       9        2   93628           46814.00
      10        2   93628           46814.00
      11        2   93628           46814.00
      12        2   93628           46814.00
      13        2   93628           46814.00
      14        1   46814           46814.00
      15        1   46814           46814.00
      16        1   46814           46814.00
      17        1   46814           46814.00
      18        1   46814           46814.00
      19        1   46814           46814.00

Additional Load Imbalance Metrics
----------------------------------
Max block size / Avg block size   : 1.000017
Max color nodes / Avg color nodes : 1.187520

-------------------------------------------------
Hook_1498 bs = 64, policy = 1, coloring = 1

==============================================
  Partitioning Evaluation Report
==============================================
1. Total Blocks          : 64
   Total Colors          : 9
2. Nodes per Block
   - Average             : 23406.61
   - Maximum             : 23407
   - Minimum             : 23382
   - Stddev              : 3.100490
   - Gini coefficient    : 0.000016
3. Internal Avg Degree   : 36.8968 (Mean of per-block avg)
4. Block Graph Avg Deg   : 12.8750
5. Modularity
   - Unweighted Q        : 0.914576
   - Weighted Q          : 0.916608
==============================================
Internal edges : 27636094
External edges : 2073617
Internal ratio : 0.930204
Avg block density : 0.001576
Block graph edges : 412
Block graph density : 0.204365
Locality score : 13.327476

6. Color Statistics
   Color   Blocks   Nodes   AvgNodesPerBlock
       1       11   257452           23404.73
       2       10   234070           23407.00
       3        9   210663           23407.00
       4        8   187256           23407.00
       5        8   187256           23407.00
       6        8   187256           23407.00
       7        5   117035           23407.00
       8        4   93628           23407.00
       9        1   23407           23407.00

Additional Load Imbalance Metrics
----------------------------------
Max block size / Avg block size   : 1.000017
Max color nodes / Avg color nodes : 1.546751

-------------------------------------------------
Hook_1498 bs = 64, policy = 1, coloring = 2

==============================================
  Partitioning Evaluation Report
==============================================
1. Total Blocks          : 64
   Total Colors          : 8
2. Nodes per Block
   - Average             : 23406.61
   - Maximum             : 23407
   - Minimum             : 23382
   - Stddev              : 3.100490
   - Gini coefficient    : 0.000016
3. Internal Avg Degree   : 36.8968 (Mean of per-block avg)
4. Block Graph Avg Deg   : 12.8750
5. Modularity
   - Unweighted Q        : 0.914576
   - Weighted Q          : 0.916608
==============================================
Internal edges : 27636094
External edges : 2073617
Internal ratio : 0.930204
Avg block density : 0.001576
Block graph edges : 412
Block graph density : 0.204365
Locality score : 13.327476

6. Color Statistics
   Color   Blocks   Nodes   AvgNodesPerBlock
       1        8   187256           23407.00
       2        8   187256           23407.00
       3        8   187256           23407.00
       4        8   187256           23407.00
       5        8   187256           23407.00
       6        8   187256           23407.00
       7        8   187256           23407.00
       8        8   187231           23403.88

Additional Load Imbalance Metrics
----------------------------------
Max block size / Avg block size   : 1.000017
Max color nodes / Avg color nodes : 1.000017

-------------------------------------------------
Hook_1498 bs = 64, policy = 1, coloring = 3

==============================================
  Partitioning Evaluation Report
==============================================
1. Total Blocks          : 64
   Total Colors          : 9
2. Nodes per Block
   - Average             : 23406.61
   - Maximum             : 23407
   - Minimum             : 23382
   - Stddev              : 3.100490
   - Gini coefficient    : 0.000016
3. Internal Avg Degree   : 36.8968 (Mean of per-block avg)
4. Block Graph Avg Deg   : 12.8750
5. Modularity
   - Unweighted Q        : 0.914576
   - Weighted Q          : 0.916608
==============================================
Internal edges : 27636094
External edges : 2073617
Internal ratio : 0.930204
Avg block density : 0.001576
Block graph edges : 412
Block graph density : 0.204365
Locality score : 13.327476

6. Color Statistics
   Color   Blocks   Nodes   AvgNodesPerBlock
       1        8   187256           23407.00
       2        7   163824           23403.43
       3        7   163849           23407.00
       4        7   163849           23407.00
       5        7   163849           23407.00
       6        7   163849           23407.00
       7        7   163849           23407.00
       8        7   163849           23407.00
       9        7   163849           23407.00

Additional Load Imbalance Metrics
----------------------------------
Max block size / Avg block size   : 1.000017
Max color nodes / Avg color nodes : 1.125019

-------------------------------------------------
Hook_1498 bs = 64, policy = 2, coloring = 1

==============================================
  Partitioning Evaluation Report
==============================================
1. Total Blocks          : 64
   Total Colors          : 15
2. Nodes per Block
   - Average             : 23406.61
   - Maximum             : 23407
   - Minimum             : 23382
   - Stddev              : 3.100490
   - Gini coefficient    : 0.000016
3. Internal Avg Degree   : 35.5818 (Mean of per-block avg)
4. Block Graph Avg Deg   : 21.4062
5. Modularity
   - Unweighted Q        : 0.881409
   - Weighted Q          : 0.885206
==============================================
Internal edges : 26651171
External edges : 3058540
Internal ratio : 0.897053
Avg block density : 0.001520
Block graph edges : 685
Block graph density : 0.339782
Locality score : 8.713688

6. Color Statistics
   Color   Blocks   Nodes   AvgNodesPerBlock
       1        8   187256           23407.00
       2        7   163824           23403.43
       3        6   140442           23407.00
       4        6   140442           23407.00
       5        5   117035           23407.00
       6        5   117035           23407.00
       7        4   93628           23407.00
       8        4   93628           23407.00
       9        4   93628           23407.00
      10        4   93628           23407.00
      11        3   70221           23407.00
      12        3   70221           23407.00
      13        2   46814           23407.00
      14        2   46814           23407.00
      15        1   23407           23407.00

Additional Load Imbalance Metrics
----------------------------------
Max block size / Avg block size   : 1.000017
Max color nodes / Avg color nodes : 1.875031

-------------------------------------------------
Hook_1498 bs = 64, policy = 2, coloring = 2

==============================================
  Partitioning Evaluation Report
==============================================
1. Total Blocks          : 64
   Total Colors          : 15
2. Nodes per Block
   - Average             : 23406.61
   - Maximum             : 23407
   - Minimum             : 23382
   - Stddev              : 3.100490
   - Gini coefficient    : 0.000016
3. Internal Avg Degree   : 35.5818 (Mean of per-block avg)
4. Block Graph Avg Deg   : 21.4062
5. Modularity
   - Unweighted Q        : 0.881409
   - Weighted Q          : 0.885206
==============================================
Internal edges : 26651171
External edges : 3058540
Internal ratio : 0.897053
Avg block density : 0.001520
Block graph edges : 685
Block graph density : 0.339782
Locality score : 8.713688

6. Color Statistics
   Color   Blocks   Nodes   AvgNodesPerBlock
       1        5   117035           23407.00
       2        5   117035           23407.00
       3        5   117035           23407.00
       4        5   117010           23402.00
       5        4   93628           23407.00
       6        4   93628           23407.00
       7        4   93628           23407.00
       8        4   93628           23407.00
       9        4   93628           23407.00
      10        4   93628           23407.00
      11        4   93628           23407.00
      12        4   93628           23407.00
      13        4   93628           23407.00
      14        4   93628           23407.00
      15        4   93628           23407.00

Additional Load Imbalance Metrics
----------------------------------
Max block size / Avg block size   : 1.000017
Max color nodes / Avg color nodes : 1.171895

-------------------------------------------------
Hook_1498 bs = 64, policy = 2, coloring = 3

==============================================
  Partitioning Evaluation Report
==============================================
1. Total Blocks          : 64
   Total Colors          : 15
2. Nodes per Block
   - Average             : 23406.61
   - Maximum             : 23407
   - Minimum             : 23382
   - Stddev              : 3.100490
   - Gini coefficient    : 0.000016
3. Internal Avg Degree   : 35.5818 (Mean of per-block avg)
4. Block Graph Avg Deg   : 21.4062
5. Modularity
   - Unweighted Q        : 0.881409
   - Weighted Q          : 0.885206
==============================================
Internal edges : 26651171
External edges : 3058540
Internal ratio : 0.897053
Avg block density : 0.001520
Block graph edges : 685
Block graph density : 0.339782
Locality score : 8.713688

6. Color Statistics
   Color   Blocks   Nodes   AvgNodesPerBlock
       1        5   117035           23407.00
       2        5   117035           23407.00
       3        5   117035           23407.00
       4        5   117035           23407.00
       5        4   93628           23407.00
       6        4   93628           23407.00
       7        4   93628           23407.00
       8        4   93628           23407.00
       9        4   93628           23407.00
      10        4   93628           23407.00
      11        4   93628           23407.00
      12        4   93628           23407.00
      13        4   93628           23407.00
      14        4   93603           23400.75
      15        4   93628           23407.00

Additional Load Imbalance Metrics
----------------------------------
Max block size / Avg block size   : 1.000017
Max color nodes / Avg color nodes : 1.171895

-------------------------------------------------
Hook_1498 bs = 64, policy = 3, coloring = 1

==============================================
  Partitioning Evaluation Report
==============================================
1. Total Blocks          : 64
   Total Colors          : 22
2. Nodes per Block
   - Average             : 23406.61
   - Maximum             : 23407
   - Minimum             : 23382
   - Stddev              : 3.100490
   - Gini coefficient    : 0.000016
3. Internal Avg Degree   : 31.4034 (Mean of per-block avg)
4. Block Graph Avg Deg   : 41.5312
5. Modularity
   - Unweighted Q        : 0.775936
   - Weighted Q          : 0.814288
==============================================
Internal edges : 23521670
External edges : 6188041
Internal ratio : 0.791717
Avg block density : 0.001342
Block graph edges : 1329
Block graph density : 0.659226
Locality score : 3.801149

6. Color Statistics
   Color   Blocks   Nodes   AvgNodesPerBlock
       1        5   117035           23407.00
       2        5   117010           23402.00
       3        4   93628           23407.00
       4        4   93628           23407.00
       5        4   93628           23407.00
       6        3   70221           23407.00
       7        3   70221           23407.00
       8        3   70221           23407.00
       9        3   70221           23407.00
      10        3   70221           23407.00
      11        3   70221           23407.00
      12        3   70221           23407.00
      13        3   70221           23407.00
      14        3   70221           23407.00
      15        2   46814           23407.00
      16        2   46814           23407.00
      17        2   46814           23407.00
      18        2   46814           23407.00
      19        2   46814           23407.00
      20        2   46814           23407.00
      21        2   46814           23407.00
      22        1   23407           23407.00

Additional Load Imbalance Metrics
----------------------------------
Max block size / Avg block size   : 1.000017
Max color nodes / Avg color nodes : 1.718779

-------------------------------------------------
Hook_1498 bs = 64, policy = 3, coloring = 2

==============================================
  Partitioning Evaluation Report
==============================================
1. Total Blocks          : 64
   Total Colors          : 22
2. Nodes per Block
   - Average             : 23406.61
   - Maximum             : 23407
   - Minimum             : 23382
   - Stddev              : 3.100490
   - Gini coefficient    : 0.000016
3. Internal Avg Degree   : 31.4034 (Mean of per-block avg)
4. Block Graph Avg Deg   : 41.5312
5. Modularity
   - Unweighted Q        : 0.775936
   - Weighted Q          : 0.814288
==============================================
Internal edges : 23521670
External edges : 6188041
Internal ratio : 0.791717
Avg block density : 0.001342
Block graph edges : 1329
Block graph density : 0.659226
Locality score : 3.801149

6. Color Statistics
   Color   Blocks   Nodes   AvgNodesPerBlock
       1        4   93628           23407.00
       2        3   70221           23407.00
       3        3   70221           23407.00
       4        3   70221           23407.00
       5        3   70221           23407.00
       6        3   70221           23407.00
       7        3   70221           23407.00
       8        3   70221           23407.00
       9        3   70221           23407.00
      10        3   70221           23407.00
      11        3   70221           23407.00
      12        3   70221           23407.00
      13        3   70221           23407.00
      14        3   70221           23407.00
      15        3   70196           23398.67
      16        3   70221           23407.00
      17        3   70221           23407.00
      18        3   70221           23407.00
      19        3   70221           23407.00
      20        2   46814           23407.00
      21        2   46814           23407.00
      22        2   46814           23407.00

Additional Load Imbalance Metrics
----------------------------------
Max block size / Avg block size   : 1.000017
Max color nodes / Avg color nodes : 1.375023

-------------------------------------------------
Hook_1498 bs = 64, policy = 3, coloring = 3

==============================================
  Partitioning Evaluation Report
==============================================
1. Total Blocks          : 64
   Total Colors          : 22
2. Nodes per Block
   - Average             : 23406.61
   - Maximum             : 23407
   - Minimum             : 23382
   - Stddev              : 3.100490
   - Gini coefficient    : 0.000016
3. Internal Avg Degree   : 31.4034 (Mean of per-block avg)
4. Block Graph Avg Deg   : 41.5312
5. Modularity
   - Unweighted Q        : 0.775936
   - Weighted Q          : 0.814288
==============================================
Internal edges : 23521670
External edges : 6188041
Internal ratio : 0.791717
Avg block density : 0.001342
Block graph edges : 1329
Block graph density : 0.659226
Locality score : 3.801149

6. Color Statistics
   Color   Blocks   Nodes   AvgNodesPerBlock
       1        4   93628           23407.00
       2        3   70221           23407.00
       3        3   70221           23407.00
       4        3   70221           23407.00
       5        3   70221           23407.00
       6        3   70196           23398.67
       7        3   70221           23407.00
       8        3   70221           23407.00
       9        3   70221           23407.00
      10        3   70221           23407.00
      11        3   70221           23407.00
      12        3   70221           23407.00
      13        3   70221           23407.00
      14        3   70221           23407.00
      15        3   70221           23407.00
      16        3   70221           23407.00
      17        3   70221           23407.00
      18        3   70221           23407.00
      19        3   70221           23407.00
      20        2   46814           23407.00
      21        2   46814           23407.00
      22        2   46814           23407.00

Additional Load Imbalance Metrics
----------------------------------
Max block size / Avg block size   : 1.000017
Max color nodes / Avg color nodes : 1.375023

-------------------------------------------------
Hook_1498 bs = 128, policy = 1, coloring = 1

==============================================
  Partitioning Evaluation Report
==============================================
1. Total Blocks          : 128
   Total Colors          : 10
2. Nodes per Block
   - Average             : 11703.30
   - Maximum             : 11704
   - Minimum             : 11615
   - Stddev              : 7.835774
   - Gini coefficient    : 0.000059
3. Internal Avg Degree   : 35.9375 (Mean of per-block avg)
4. Block Graph Avg Deg   : 14.8281
5. Modularity
   - Unweighted Q        : 0.898204
   - Weighted Q          : 0.900605
==============================================
Internal edges : 26917536
External edges : 2792175
Internal ratio : 0.906018
Avg block density : 0.003071
Block graph edges : 949
Block graph density : 0.116757
Locality score : 9.640344

6. Color Statistics
   Color   Blocks   Nodes   AvgNodesPerBlock
       1       20   233991           11699.55
       2       18   210672           11704.00
       3       17   198968           11704.00
       4       16   187264           11704.00
       5       15   175560           11704.00
       6       14   163856           11704.00
       7       13   152152           11704.00
       8        8   93632           11704.00
       9        5   58520           11704.00
      10        2   23408           11704.00

Additional Load Imbalance Metrics
----------------------------------
Max block size / Avg block size   : 1.000059
Max color nodes / Avg color nodes : 1.561999

-------------------------------------------------
Hook_1498 bs = 128, policy = 1, coloring = 2

==============================================
  Partitioning Evaluation Report
==============================================
1. Total Blocks          : 128
   Total Colors          : 11
2. Nodes per Block
   - Average             : 11703.30
   - Maximum             : 11704
   - Minimum             : 11615
   - Stddev              : 7.835774
   - Gini coefficient    : 0.000059
3. Internal Avg Degree   : 35.9375 (Mean of per-block avg)
4. Block Graph Avg Deg   : 14.8281
5. Modularity
   - Unweighted Q        : 0.898204
   - Weighted Q          : 0.900605
==============================================
Internal edges : 26917536
External edges : 2792175
Internal ratio : 0.906018
Avg block density : 0.003071
Block graph edges : 949
Block graph density : 0.116757
Locality score : 9.640344

6. Color Statistics
   Color   Blocks   Nodes   AvgNodesPerBlock
       1       12   140448           11704.00
       2       12   140448           11704.00
       3       12   140448           11704.00
       4       12   140448           11704.00
       5       12   140448           11704.00
       6       12   140359           11696.58
       7       12   140448           11704.00
       8       11   128744           11704.00
       9       11   128744           11704.00
      10       11   128744           11704.00
      11       11   128744           11704.00

Additional Load Imbalance Metrics
----------------------------------
Max block size / Avg block size   : 1.000059
Max color nodes / Avg color nodes : 1.031311

-------------------------------------------------
Hook_1498 bs = 128, policy = 1, coloring = 3

==============================================
  Partitioning Evaluation Report
==============================================
1. Total Blocks          : 128
   Total Colors          : 10
2. Nodes per Block
   - Average             : 11703.30
   - Maximum             : 11704
   - Minimum             : 11615
   - Stddev              : 7.835774
   - Gini coefficient    : 0.000059
3. Internal Avg Degree   : 35.9375 (Mean of per-block avg)
4. Block Graph Avg Deg   : 14.8281
5. Modularity
   - Unweighted Q        : 0.898204
   - Weighted Q          : 0.900605
==============================================
Internal edges : 26917536
External edges : 2792175
Internal ratio : 0.906018
Avg block density : 0.003071
Block graph edges : 949
Block graph density : 0.116757
Locality score : 9.640344

6. Color Statistics
   Color   Blocks   Nodes   AvgNodesPerBlock
       1       13   152152           11704.00
       2       13   152152           11704.00
       3       13   152063           11697.15
       4       13   152152           11704.00
       5       13   152152           11704.00
       6       13   152152           11704.00
       7       13   152152           11704.00
       8       13   152152           11704.00
       9       12   140448           11704.00
      10       12   140448           11704.00

Additional Load Imbalance Metrics
----------------------------------
Max block size / Avg block size   : 1.000059
Max color nodes / Avg color nodes : 1.015685

-------------------------------------------------
Hook_1498 bs = 128, policy = 2, coloring = 1

==============================================
  Partitioning Evaluation Report
==============================================
1. Total Blocks          : 128
   Total Colors          : 17
2. Nodes per Block
   - Average             : 11703.30
   - Maximum             : 11704
   - Minimum             : 11615
   - Stddev              : 7.835774
   - Gini coefficient    : 0.000059
3. Internal Avg Degree   : 34.4332 (Mean of per-block avg)
4. Block Graph Avg Deg   : 30.3125
5. Modularity
   - Unweighted Q        : 0.860273
   - Weighted Q          : 0.864793
==============================================
Internal edges : 25790886
External edges : 3918825
Internal ratio : 0.868096
Avg block density : 0.002942
Block graph edges : 1940
Block graph density : 0.238681
Locality score : 6.581279

6. Color Statistics
   Color   Blocks   Nodes   AvgNodesPerBlock
       1       12   140359           11696.58
       2       12   140448           11704.00
       3       12   140448           11704.00
       4       11   128744           11704.00
       5       11   128744           11704.00
       6       10   117040           11704.00
       7        9   105336           11704.00
       8        9   105336           11704.00
       9        9   105336           11704.00
      10        7   81928           11704.00
      11        6   70224           11704.00
      12        5   58520           11704.00
      13        5   58520           11704.00
      14        4   46816           11704.00
      15        3   35112           11704.00
      16        2   23408           11704.00
      17        1   11704           11704.00

Additional Load Imbalance Metrics
----------------------------------
Max block size / Avg block size   : 1.000059
Max color nodes / Avg color nodes : 1.593845

-------------------------------------------------
Hook_1498 bs = 128, policy = 2, coloring = 2

==============================================
  Partitioning Evaluation Report
==============================================
1. Total Blocks          : 128
   Total Colors          : 16
2. Nodes per Block
   - Average             : 11703.30
   - Maximum             : 11704
   - Minimum             : 11615
   - Stddev              : 7.835774
   - Gini coefficient    : 0.000059
3. Internal Avg Degree   : 34.4332 (Mean of per-block avg)
4. Block Graph Avg Deg   : 30.3125
5. Modularity
   - Unweighted Q        : 0.860273
   - Weighted Q          : 0.864793
==============================================
Internal edges : 25790886
External edges : 3918825
Internal ratio : 0.868096
Avg block density : 0.002942
Block graph edges : 1940
Block graph density : 0.238681
Locality score : 6.581279

6. Color Statistics
   Color   Blocks   Nodes   AvgNodesPerBlock
       1        8   93632           11704.00
       2        8   93632           11704.00
       3        8   93632           11704.00
       4        8   93632           11704.00
       5        8   93632           11704.00
       6        8   93632           11704.00
       7        8   93632           11704.00
       8        8   93632           11704.00
       9        8   93632           11704.00
      10        8   93632           11704.00
      11        8   93632           11704.00
      12        8   93632           11704.00
      13        8   93632           11704.00
      14        8   93632           11704.00
      15        8   93632           11704.00
      16        8   93543           11692.88

Additional Load Imbalance Metrics
----------------------------------
Max block size / Avg block size   : 1.000059
Max color nodes / Avg color nodes : 1.000059

-------------------------------------------------
Hook_1498 bs = 128, policy = 2, coloring = 3

==============================================
  Partitioning Evaluation Report
==============================================
1. Total Blocks          : 128
   Total Colors          : 17
2. Nodes per Block
   - Average             : 11703.30
   - Maximum             : 11704
   - Minimum             : 11615
   - Stddev              : 7.835774
   - Gini coefficient    : 0.000059
3. Internal Avg Degree   : 34.4332 (Mean of per-block avg)
4. Block Graph Avg Deg   : 30.3125
5. Modularity
   - Unweighted Q        : 0.860273
   - Weighted Q          : 0.864793
==============================================
Internal edges : 25790886
External edges : 3918825
Internal ratio : 0.868096
Avg block density : 0.002942
Block graph edges : 1940
Block graph density : 0.238681
Locality score : 6.581279

6. Color Statistics
   Color   Blocks   Nodes   AvgNodesPerBlock
       1        8   93543           11692.88
       2        8   93632           11704.00
       3        8   93632           11704.00
       4        8   93632           11704.00
       5        8   93632           11704.00
       6        8   93632           11704.00
       7        8   93632           11704.00
       8        8   93632           11704.00
       9        8   93632           11704.00
      10        7   81928           11704.00
      11        7   81928           11704.00
      12        7   81928           11704.00
      13        7   81928           11704.00
      14        7   81928           11704.00
      15        7   81928           11704.00
      16        7   81928           11704.00
      17        7   81928           11704.00

Additional Load Imbalance Metrics
----------------------------------
Max block size / Avg block size   : 1.000059
Max color nodes / Avg color nodes : 1.062563

-------------------------------------------------
Hook_1498 bs = 128, policy = 3, coloring = 1

==============================================
  Partitioning Evaluation Report
==============================================
1. Total Blocks          : 128
   Total Colors          : 26
2. Nodes per Block
   - Average             : 11703.30
   - Maximum             : 11704
   - Minimum             : 11615
   - Stddev              : 7.835774
   - Gini coefficient    : 0.000059
3. Internal Avg Degree   : 30.4574 (Mean of per-block avg)
4. Block Graph Avg Deg   : 58.9531
5. Modularity
   - Unweighted Q        : 0.760004
   - Weighted Q          : 0.801089
==============================================
Internal edges : 22813865
External edges : 6895846
Internal ratio : 0.767893
Avg block density : 0.002603
Block graph edges : 3773
Block graph density : 0.464198
Locality score : 3.308348

6. Color Statistics
   Color   Blocks   Nodes   AvgNodesPerBlock
       1        8   93632           11704.00
       2        7   81928           11704.00
       3        7   81928           11704.00
       4        7   81928           11704.00
       5        7   81928           11704.00
       6        6   70224           11704.00
       7        6   70224           11704.00
       8        6   70224           11704.00
       9        6   70224           11704.00
      10        5   58520           11704.00
      11        5   58520           11704.00
      12        5   58520           11704.00
      13        5   58520           11704.00
      14        5   58520           11704.00
      15        5   58520           11704.00
      16        5   58520           11704.00
      17        4   46727           11681.75
      18        4   46816           11704.00
      19        4   46816           11704.00
      20        4   46816           11704.00
      21        4   46816           11704.00
      22        3   35112           11704.00
      23        3   35112           11704.00
      24        3   35112           11704.00
      25        3   35112           11704.00
      26        1   11704           11704.00

Additional Load Imbalance Metrics
----------------------------------
Max block size / Avg block size   : 1.000059
Max color nodes / Avg color nodes : 1.625097

-------------------------------------------------
Hook_1498 bs = 128, policy = 3, coloring = 2

==============================================
  Partitioning Evaluation Report
==============================================
1. Total Blocks          : 128
   Total Colors          : 28
2. Nodes per Block
   - Average             : 11703.30
   - Maximum             : 11704
   - Minimum             : 11615
   - Stddev              : 7.835774
   - Gini coefficient    : 0.000059
3. Internal Avg Degree   : 30.4574 (Mean of per-block avg)
4. Block Graph Avg Deg   : 58.9531
5. Modularity
   - Unweighted Q        : 0.760004
   - Weighted Q          : 0.801089
==============================================
Internal edges : 22813865
External edges : 6895846
Internal ratio : 0.767893
Avg block density : 0.002603
Block graph edges : 3773
Block graph density : 0.464198
Locality score : 3.308348

6. Color Statistics
   Color   Blocks   Nodes   AvgNodesPerBlock
       1        5   58520           11704.00
       2        5   58520           11704.00
       3        5   58520           11704.00
       4        5   58520           11704.00
       5        5   58520           11704.00
       6        5   58520           11704.00
       7        5   58520           11704.00
       8        5   58520           11704.00
       9        5   58520           11704.00
      10        5   58520           11704.00
      11        5   58520           11704.00
      12        5   58520           11704.00
      13        5   58520           11704.00
      14        5   58520           11704.00
      15        5   58520           11704.00
      16        5   58520           11704.00
      17        5   58520           11704.00
      18        4   46727           11681.75
      19        4   46816           11704.00
      20        4   46816           11704.00
      21        4   46816           11704.00
      22        4   46816           11704.00
      23        4   46816           11704.00
      24        4   46816           11704.00
      25        4   46816           11704.00
      26        4   46816           11704.00
      27        4   46816           11704.00
      28        3   35112           11704.00

Additional Load Imbalance Metrics
----------------------------------
Max block size / Avg block size   : 1.000059
Max color nodes / Avg color nodes : 1.093815

-------------------------------------------------
Hook_1498 bs = 128, policy = 3, coloring = 3

==============================================
  Partitioning Evaluation Report
==============================================
1. Total Blocks          : 128
   Total Colors          : 26
2. Nodes per Block
   - Average             : 11703.30
   - Maximum             : 11704
   - Minimum             : 11615
   - Stddev              : 7.835774
   - Gini coefficient    : 0.000059
3. Internal Avg Degree   : 30.4574 (Mean of per-block avg)
4. Block Graph Avg Deg   : 58.9531
5. Modularity
   - Unweighted Q        : 0.760004
   - Weighted Q          : 0.801089
==============================================
Internal edges : 22813865
External edges : 6895846
Internal ratio : 0.767893
Avg block density : 0.002603
Block graph edges : 3773
Block graph density : 0.464198
Locality score : 3.308348

6. Color Statistics
   Color   Blocks   Nodes   AvgNodesPerBlock
       1        6   70224           11704.00
       2        6   70224           11704.00
       3        6   70224           11704.00
       4        5   58520           11704.00
       5        5   58520           11704.00
       6        5   58520           11704.00
       7        5   58520           11704.00
       8        5   58520           11704.00
       9        5   58520           11704.00
      10        5   58520           11704.00
      11        5   58520           11704.00
      12        5   58520           11704.00
      13        5   58520           11704.00
      14        5   58520           11704.00
      15        5   58520           11704.00
      16        5   58520           11704.00
      17        5   58520           11704.00
      18        5   58520           11704.00
      19        5   58520           11704.00
      20        5   58520           11704.00
      21        5   58520           11704.00
      22        5   58520           11704.00
      23        4   46727           11681.75
      24        4   46816           11704.00
      25        4   46816           11704.00
      26        3   35112           11704.00

Additional Load Imbalance Metrics
----------------------------------
Max block size / Avg block size   : 1.000059
Max color nodes / Avg color nodes : 1.218822

-------------------------------------------------
Hook_1498 bs = 256, policy = 1, coloring = 1

==============================================
  Partitioning Evaluation Report
==============================================
1. Total Blocks          : 256
   Total Colors          : 10
2. Nodes per Block
   - Average             : 5851.65
   - Maximum             : 5852
   - Minimum             : 5763
   - Stddev              : 5.551625
   - Gini coefficient    : 0.000059
3. Internal Avg Degree   : 34.8105 (Mean of per-block avg)
4. Block Graph Avg Deg   : 15.1953
5. Modularity
   - Unweighted Q        : 0.873702
   - Weighted Q          : 0.876608
==============================================
Internal edges : 26073515
External edges : 3636196
Internal ratio : 0.877609
Avg block density : 0.005950
Block graph edges : 1945
Block graph density : 0.059589
Locality score : 7.170545

6. Color Statistics
   Color   Blocks   Nodes   AvgNodesPerBlock
       1       35   204820            5852.00
       2       34   198879            5849.38
       3       33   193116            5852.00
       4       31   181412            5852.00
       5       31   181412            5852.00
       6       30   175560            5852.00
       7       27   158004            5852.00
       8       19   111188            5852.00
       9       13   76076            5852.00
      10        3   17556            5852.00

Additional Load Imbalance Metrics
----------------------------------
Max block size / Avg block size   : 1.000059
Max color nodes / Avg color nodes : 1.367269

-------------------------------------------------
Hook_1498 bs = 256, policy = 1, coloring = 2

==============================================
  Partitioning Evaluation Report
==============================================
1. Total Blocks          : 256
   Total Colors          : 11
2. Nodes per Block
   - Average             : 5851.65
   - Maximum             : 5852
   - Minimum             : 5763
   - Stddev              : 5.551625
   - Gini coefficient    : 0.000059
3. Internal Avg Degree   : 34.8105 (Mean of per-block avg)
4. Block Graph Avg Deg   : 15.1953
5. Modularity
   - Unweighted Q        : 0.873702
   - Weighted Q          : 0.876608
==============================================
Internal edges : 26073515
External edges : 3636196
Internal ratio : 0.877609
Avg block density : 0.005950
Block graph edges : 1945
Block graph density : 0.059589
Locality score : 7.170545

6. Color Statistics
   Color   Blocks   Nodes   AvgNodesPerBlock
       1       24   140448            5852.00
       2       24   140448            5852.00
       3       24   140448            5852.00
       4       23   134596            5852.00
       5       23   134507            5848.13
       6       23   134596            5852.00
       7       23   134596            5852.00
       8       23   134596            5852.00
       9       23   134596            5852.00
      10       23   134596            5852.00
      11       23   134596            5852.00

Additional Load Imbalance Metrics
----------------------------------
Max block size / Avg block size   : 1.000059
Max color nodes / Avg color nodes : 1.031311

-------------------------------------------------
Hook_1498 bs = 256, policy = 1, coloring = 3

==============================================
  Partitioning Evaluation Report
==============================================
1. Total Blocks          : 256
   Total Colors          : 10
2. Nodes per Block
   - Average             : 5851.65
   - Maximum             : 5852
   - Minimum             : 5763
   - Stddev              : 5.551625
   - Gini coefficient    : 0.000059
3. Internal Avg Degree   : 34.8105 (Mean of per-block avg)
4. Block Graph Avg Deg   : 15.1953
5. Modularity
   - Unweighted Q        : 0.873702
   - Weighted Q          : 0.876608
==============================================
Internal edges : 26073515
External edges : 3636196
Internal ratio : 0.877609
Avg block density : 0.005950
Block graph edges : 1945
Block graph density : 0.059589
Locality score : 7.170545

6. Color Statistics
   Color   Blocks   Nodes   AvgNodesPerBlock
       1       26   152152            5852.00
       2       26   152152            5852.00
       3       26   152063            5848.58
       4       26   152152            5852.00
       5       26   152152            5852.00
       6       26   152152            5852.00
       7       25   146300            5852.00
       8       25   146300            5852.00
       9       25   146300            5852.00
      10       25   146300            5852.00

Additional Load Imbalance Metrics
----------------------------------
Max block size / Avg block size   : 1.000059
Max color nodes / Avg color nodes : 1.015685

-------------------------------------------------
Hook_1498 bs = 256, policy = 2, coloring = 1

==============================================
  Partitioning Evaluation Report
==============================================
1. Total Blocks          : 256
   Total Colors          : 18
2. Nodes per Block
   - Average             : 5851.65
   - Maximum             : 5852
   - Minimum             : 5763
   - Stddev              : 5.551625
   - Gini coefficient    : 0.000059
3. Internal Avg Degree   : 33.2557 (Mean of per-block avg)
4. Block Graph Avg Deg   : 37.5312
5. Modularity
   - Unweighted Q        : 0.834496
   - Weighted Q          : 0.840006
==============================================
Internal edges : 24908894
External edges : 4800817
Internal ratio : 0.838409
Avg block density : 0.005684
Block graph edges : 4804
Block graph density : 0.147181
Locality score : 5.188469

6. Color Statistics
   Color   Blocks   Nodes   AvgNodesPerBlock
       1       24   140359            5848.29
       2       22   128744            5852.00
       3       21   122892            5852.00
       4       20   117040            5852.00
       5       18   105336            5852.00
       6       17   99484            5852.00
       7       16   93632            5852.00
       8       15   87780            5852.00
       9       14   81928            5852.00
      10       14   81928            5852.00
      11       14   81928            5852.00
      12       13   76076            5852.00
      13       13   76076            5852.00
      14       12   70224            5852.00
      15       11   64372            5852.00
      16        5   29260            5852.00
      17        4   23408            5852.00
      18        3   17556            5852.00

Additional Load Imbalance Metrics
----------------------------------
Max block size / Avg block size   : 1.000059
Max color nodes / Avg color nodes : 1.686531

-------------------------------------------------
Hook_1498 bs = 256, policy = 2, coloring = 2

==============================================
  Partitioning Evaluation Report
==============================================
1. Total Blocks          : 256
   Total Colors          : 19
2. Nodes per Block
   - Average             : 5851.65
   - Maximum             : 5852
   - Minimum             : 5763
   - Stddev              : 5.551625
   - Gini coefficient    : 0.000059
3. Internal Avg Degree   : 33.2557 (Mean of per-block avg)
4. Block Graph Avg Deg   : 37.5312
5. Modularity
   - Unweighted Q        : 0.834496
   - Weighted Q          : 0.840006
==============================================
Internal edges : 24908894
External edges : 4800817
Internal ratio : 0.838409
Avg block density : 0.005684
Block graph edges : 4804
Block graph density : 0.147181
Locality score : 5.188469

6. Color Statistics
   Color   Blocks   Nodes   AvgNodesPerBlock
       1       14   81928            5852.00
       2       14   81928            5852.00
       3       14   81928            5852.00
       4       14   81928            5852.00
       5       14   81928            5852.00
       6       14   81928            5852.00
       7       14   81928            5852.00
       8       14   81928            5852.00
       9       14   81839            5845.64
      10       13   76076            5852.00
      11       13   76076            5852.00
      12       13   76076            5852.00
      13       13   76076            5852.00
      14       13   76076            5852.00
      15       13   76076            5852.00
      16       13   76076            5852.00
      17       13   76076            5852.00
      18       13   76076            5852.00
      19       13   76076            5852.00

Additional Load Imbalance Metrics
----------------------------------
Max block size / Avg block size   : 1.000059
Max color nodes / Avg color nodes : 1.039124

-------------------------------------------------
Hook_1498 bs = 256, policy = 2, coloring = 3

==============================================
  Partitioning Evaluation Report
==============================================
1. Total Blocks          : 256
   Total Colors          : 18
2. Nodes per Block
   - Average             : 5851.65
   - Maximum             : 5852
   - Minimum             : 5763
   - Stddev              : 5.551625
   - Gini coefficient    : 0.000059
3. Internal Avg Degree   : 33.2557 (Mean of per-block avg)
4. Block Graph Avg Deg   : 37.5312
5. Modularity
   - Unweighted Q        : 0.834496
   - Weighted Q          : 0.840006
==============================================
Internal edges : 24908894
External edges : 4800817
Internal ratio : 0.838409
Avg block density : 0.005684
Block graph edges : 4804
Block graph density : 0.147181
Locality score : 5.188469

6. Color Statistics
   Color   Blocks   Nodes   AvgNodesPerBlock
       1       15   87780            5852.00
       2       15   87780            5852.00
       3       15   87780            5852.00
       4       15   87780            5852.00
       5       14   81839            5845.64
       6       14   81928            5852.00
       7       14   81928            5852.00
       8       14   81928            5852.00
       9       14   81928            5852.00
      10       14   81928            5852.00
      11       14   81928            5852.00
      12       14   81928            5852.00
      13       14   81928            5852.00
      14       14   81928            5852.00
      15       14   81928            5852.00
      16       14   81928            5852.00
      17       14   81928            5852.00
      18       14   81928            5852.00

Additional Load Imbalance Metrics
----------------------------------
Max block size / Avg block size   : 1.000059
Max color nodes / Avg color nodes : 1.054750

-------------------------------------------------
Hook_1498 bs = 256, policy = 3, coloring = 1

==============================================
  Partitioning Evaluation Report
==============================================
1. Total Blocks          : 256
   Total Colors          : 27
2. Nodes per Block
   - Average             : 5851.65
   - Maximum             : 5852
   - Minimum             : 5763
   - Stddev              : 5.551625
   - Gini coefficient    : 0.000059
3. Internal Avg Degree   : 29.4311 (Mean of per-block avg)
4. Block Graph Avg Deg   : 68.4141
5. Modularity
   - Unweighted Q        : 0.738082
   - Weighted Q          : 0.780820
==============================================
Internal edges : 22045239
External edges : 7664472
Internal ratio : 0.742021
Avg block density : 0.005030
Block graph edges : 8757
Block graph density : 0.268290
Locality score : 2.876289

6. Color Statistics
   Color   Blocks   Nodes   AvgNodesPerBlock
       1       15   87780            5852.00
       2       14   81839            5845.64
       3       14   81928            5852.00
       4       13   76076            5852.00
       5       13   76076            5852.00
       6       13   76076            5852.00
       7       12   70224            5852.00
       8       11   64372            5852.00
       9       11   64372            5852.00
      10       11   64372            5852.00
      11       10   58520            5852.00
      12       10   58520            5852.00
      13       10   58520            5852.00
      14       10   58520            5852.00
      15        9   52668            5852.00
      16        9   52668            5852.00
      17        9   52668            5852.00
      18        9   52668            5852.00
      19        8   46816            5852.00
      20        8   46816            5852.00
      21        8   46816            5852.00
      22        7   40964            5852.00
      23        7   40964            5852.00
      24        7   40964            5852.00
      25        4   23408            5852.00
      26        3   17556            5852.00
      27        1    5852            5852.00

Additional Load Imbalance Metrics
----------------------------------
Max block size / Avg block size   : 1.000059
Max color nodes / Avg color nodes : 1.582125

-------------------------------------------------
Hook_1498 bs = 256, policy = 3, coloring = 2

==============================================
  Partitioning Evaluation Report
==============================================
1. Total Blocks          : 256
   Total Colors          : 29
2. Nodes per Block
   - Average             : 5851.65
   - Maximum             : 5852
   - Minimum             : 5763
   - Stddev              : 5.551625
   - Gini coefficient    : 0.000059
3. Internal Avg Degree   : 29.4311 (Mean of per-block avg)
4. Block Graph Avg Deg   : 68.4141
5. Modularity
   - Unweighted Q        : 0.738082
   - Weighted Q          : 0.780820
==============================================
Internal edges : 22045239
External edges : 7664472
Internal ratio : 0.742021
Avg block density : 0.005030
Block graph edges : 8757
Block graph density : 0.268290
Locality score : 2.876289

6. Color Statistics
   Color   Blocks   Nodes   AvgNodesPerBlock
       1        9   52668            5852.00
       2        9   52668            5852.00
       3        9   52668            5852.00
       4        9   52668            5852.00
       5        9   52668            5852.00
       6        9   52668            5852.00
       7        9   52668            5852.00
       8        9   52668            5852.00
       9        9   52668            5852.00
      10        9   52668            5852.00
      11        9   52668            5852.00
      12        9   52668            5852.00
      13        9   52668            5852.00
      14        9   52668            5852.00
      15        9   52668            5852.00
      16        9   52668            5852.00
      17        9   52668            5852.00
      18        9   52668            5852.00
      19        9   52668            5852.00
      20        9   52579            5842.11
      21        9   52668            5852.00
      22        9   52668            5852.00
      23        9   52668            5852.00
      24        9   52668            5852.00
      25        8   46816            5852.00
      26        8   46816            5852.00
      27        8   46816            5852.00
      28        8   46816            5852.00
      29        8   46816            5852.00

Additional Load Imbalance Metrics
----------------------------------
Max block size / Avg block size   : 1.000059
Max color nodes / Avg color nodes : 1.019592

-------------------------------------------------
Hook_1498 bs = 256, policy = 3, coloring = 3

==============================================
  Partitioning Evaluation Report
==============================================
1. Total Blocks          : 256
   Total Colors          : 27
2. Nodes per Block
   - Average             : 5851.65
   - Maximum             : 5852
   - Minimum             : 5763
   - Stddev              : 5.551625
   - Gini coefficient    : 0.000059
3. Internal Avg Degree   : 29.4311 (Mean of per-block avg)
4. Block Graph Avg Deg   : 68.4141
5. Modularity
   - Unweighted Q        : 0.738082
   - Weighted Q          : 0.780820
==============================================
Internal edges : 22045239
External edges : 7664472
Internal ratio : 0.742021
Avg block density : 0.005030
Block graph edges : 8757
Block graph density : 0.268290
Locality score : 2.876289

6. Color Statistics
   Color   Blocks   Nodes   AvgNodesPerBlock
       1       10   58520            5852.00
       2       10   58520            5852.00
       3       10   58520            5852.00
       4       10   58520            5852.00
       5       10   58520            5852.00
       6       10   58520            5852.00
       7       10   58520            5852.00
       8       10   58520            5852.00
       9       10   58520            5852.00
      10       10   58520            5852.00
      11       10   58520            5852.00
      12       10   58520            5852.00
      13       10   58520            5852.00
      14        9   52579            5842.11
      15        9   52668            5852.00
      16        9   52668            5852.00
      17        9   52668            5852.00
      18        9   52668            5852.00
      19        9   52668            5852.00
      20        9   52668            5852.00
      21        9   52668            5852.00
      22        9   52668            5852.00
      23        9   52668            5852.00
      24        9   52668            5852.00
      25        9   52668            5852.00
      26        9   52668            5852.00
      27        9   52668            5852.00

Additional Load Imbalance Metrics
----------------------------------
Max block size / Avg block size   : 1.000059
Max color nodes / Avg color nodes : 1.054750

-------------------------------------------------
Hook_1498 bs = 512, policy = 1, coloring = 1

==============================================
  Partitioning Evaluation Report
==============================================
1. Total Blocks          : 512
   Total Colors          : 11
2. Nodes per Block
   - Average             : 2925.83
   - Maximum             : 2926
   - Minimum             : 2837
   - Stddev              : 3.929438
   - Gini coefficient    : 0.000059
3. Internal Avg Degree   : 33.3958 (Mean of per-block avg)
4. Block Graph Avg Deg   : 15.8203
5. Modularity
   - Unweighted Q        : 0.839988
   - Weighted Q          : 0.843510
==============================================
Internal edges : 25013866
External edges : 4695845
Internal ratio : 0.841942
Avg block density : 0.011418
Block graph edges : 4050
Block graph density : 0.030960
Locality score : 5.326807

6. Color Statistics
   Color   Blocks   Nodes   AvgNodesPerBlock
       1       67   196042            2926.00
       2       66   193116            2926.00
       3       63   184338            2926.00
       4       63   184338            2926.00
       5       61   178486            2926.00
       6       57   166693            2924.44
       7       54   158004            2926.00
       8       42   122892            2926.00
       9       25   73150            2926.00
      10       13   38038            2926.00
      11        1    2926            2926.00

Additional Load Imbalance Metrics
----------------------------------
Max block size / Avg block size   : 1.000059
Max color nodes / Avg color nodes : 1.439539

-------------------------------------------------
Hook_1498 bs = 512, policy = 1, coloring = 2

==============================================
  Partitioning Evaluation Report
==============================================
1. Total Blocks          : 512
   Total Colors          : 13
2. Nodes per Block
   - Average             : 2925.83
   - Maximum             : 2926
   - Minimum             : 2837
   - Stddev              : 3.929438
   - Gini coefficient    : 0.000059
3. Internal Avg Degree   : 33.3958 (Mean of per-block avg)
4. Block Graph Avg Deg   : 15.8203
5. Modularity
   - Unweighted Q        : 0.839988
   - Weighted Q          : 0.843510
==============================================
Internal edges : 25013866
External edges : 4695845
Internal ratio : 0.841942
Avg block density : 0.011418
Block graph edges : 4050
Block graph density : 0.030960
Locality score : 5.326807

6. Color Statistics
   Color   Blocks   Nodes   AvgNodesPerBlock
       1       40   117040            2926.00
       2       40   117040            2926.00
       3       40   116951            2923.78
       4       40   117040            2926.00
       5       40   117040            2926.00
       6       39   114114            2926.00
       7       39   114114            2926.00
       8       39   114114            2926.00
       9       39   114114            2926.00
      10       39   114114            2926.00
      11       39   114114            2926.00
      12       39   114114            2926.00
      13       39   114114            2926.00

Additional Load Imbalance Metrics
----------------------------------
Max block size / Avg block size   : 1.000059
Max color nodes / Avg color nodes : 1.015685

-------------------------------------------------
Hook_1498 bs = 512, policy = 1, coloring = 3

==============================================
  Partitioning Evaluation Report
==============================================
1. Total Blocks          : 512
   Total Colors          : 11
2. Nodes per Block
   - Average             : 2925.83
   - Maximum             : 2926
   - Minimum             : 2837
   - Stddev              : 3.929438
   - Gini coefficient    : 0.000059
3. Internal Avg Degree   : 33.3958 (Mean of per-block avg)
4. Block Graph Avg Deg   : 15.8203
5. Modularity
   - Unweighted Q        : 0.839988
   - Weighted Q          : 0.843510
==============================================
Internal edges : 25013866
External edges : 4695845
Internal ratio : 0.841942
Avg block density : 0.011418
Block graph edges : 4050
Block graph density : 0.030960
Locality score : 5.326807

6. Color Statistics
   Color   Blocks   Nodes   AvgNodesPerBlock
       1       47   137433            2924.11
       2       47   137522            2926.00
       3       47   137522            2926.00
       4       47   137522            2926.00
       5       47   137522            2926.00
       6       47   137522            2926.00
       7       46   134596            2926.00
       8       46   134596            2926.00
       9       46   134596            2926.00
      10       46   134596            2926.00
      11       46   134596            2926.00

Additional Load Imbalance Metrics
----------------------------------
Max block size / Avg block size   : 1.000059
Max color nodes / Avg color nodes : 1.009826

-------------------------------------------------
Hook_1498 bs = 512, policy = 2, coloring = 1

==============================================
  Partitioning Evaluation Report
==============================================
1. Total Blocks          : 512
   Total Colors          : 18
2. Nodes per Block
   - Average             : 2925.83
   - Maximum             : 2926
   - Minimum             : 2837
   - Stddev              : 3.929438
   - Gini coefficient    : 0.000059
3. Internal Avg Degree   : 31.8739 (Mean of per-block avg)
4. Block Graph Avg Deg   : 40.4258
5. Modularity
   - Unweighted Q        : 0.801623
   - Weighted Q          : 0.807921
==============================================
Internal edges : 23874127
External edges : 5835584
Internal ratio : 0.803580
Avg block density : 0.010898
Block graph edges : 10349
Block graph density : 0.079111
Locality score : 4.091128

6. Color Statistics
   Color   Blocks   Nodes   AvgNodesPerBlock
       1       42   122892            2926.00
       2       39   114114            2926.00
       3       37   108262            2926.00
       4       36   105336            2926.00
       5       35   102410            2926.00
       6       35   102410            2926.00
       7       34   99395            2923.38
       8       33   96558            2926.00
       9       33   96558            2926.00
      10       32   93632            2926.00
      11       32   93632            2926.00
      12       28   81928            2926.00
      13       26   76076            2926.00
      14       21   61446            2926.00
      15       19   55594            2926.00
      16       18   52668            2926.00
      17       10   29260            2926.00
      18        2    5852            2926.00

Additional Load Imbalance Metrics
----------------------------------
Max block size / Avg block size   : 1.000059
Max color nodes / Avg color nodes : 1.476650

-------------------------------------------------
Hook_1498 bs = 512, policy = 2, coloring = 2

==============================================
  Partitioning Evaluation Report
==============================================
1. Total Blocks          : 512
   Total Colors          : 22
2. Nodes per Block
   - Average             : 2925.83
   - Maximum             : 2926
   - Minimum             : 2837
   - Stddev              : 3.929438
   - Gini coefficient    : 0.000059
3. Internal Avg Degree   : 31.8739 (Mean of per-block avg)
4. Block Graph Avg Deg   : 40.4258
5. Modularity
   - Unweighted Q        : 0.801623
   - Weighted Q          : 0.807921
==============================================
Internal edges : 23874127
External edges : 5835584
Internal ratio : 0.803580
Avg block density : 0.010898
Block graph edges : 10349
Block graph density : 0.079111
Locality score : 4.091128

6. Color Statistics
   Color   Blocks   Nodes   AvgNodesPerBlock
       1       24   70224            2926.00
       2       24   70224            2926.00
       3       24   70224            2926.00
       4       24   70224            2926.00
       5       24   70135            2922.29
       6       24   70224            2926.00
       7       23   67298            2926.00
       8       23   67298            2926.00
       9       23   67298            2926.00
      10       23   67298            2926.00
      11       23   67298            2926.00
      12       23   67298            2926.00
      13       23   67298            2926.00
      14       23   67298            2926.00
      15       23   67298            2926.00
      16       23   67298            2926.00
      17       23   67298            2926.00
      18       23   67298            2926.00
      19       23   67298            2926.00
      20       23   67298            2926.00
      21       23   67298            2926.00
      22       23   67298            2926.00

Additional Load Imbalance Metrics
----------------------------------
Max block size / Avg block size   : 1.000059
Max color nodes / Avg color nodes : 1.031311

-------------------------------------------------
Hook_1498 bs = 512, policy = 2, coloring = 3

==============================================
  Partitioning Evaluation Report
==============================================
1. Total Blocks          : 512
   Total Colors          : 18
2. Nodes per Block
   - Average             : 2925.83
   - Maximum             : 2926
   - Minimum             : 2837
   - Stddev              : 3.929438
   - Gini coefficient    : 0.000059
3. Internal Avg Degree   : 31.8739 (Mean of per-block avg)
4. Block Graph Avg Deg   : 40.4258
5. Modularity
   - Unweighted Q        : 0.801623
   - Weighted Q          : 0.807921
==============================================
Internal edges : 23874127
External edges : 5835584
Internal ratio : 0.803580
Avg block density : 0.010898
Block graph edges : 10349
Block graph density : 0.079111
Locality score : 4.091128

6. Color Statistics
   Color   Blocks   Nodes   AvgNodesPerBlock
       1       29   84854            2926.00
       2       29   84854            2926.00
       3       29   84854            2926.00
       4       29   84854            2926.00
       5       29   84854            2926.00
       6       29   84854            2926.00
       7       29   84854            2926.00
       8       29   84854            2926.00
       9       28   81928            2926.00
      10       28   81928            2926.00
      11       28   81839            2922.82
      12       28   81928            2926.00
      13       28   81928            2926.00
      14       28   81928            2926.00
      15       28   81928            2926.00
      16       28   81928            2926.00
      17       28   81928            2926.00
      18       28   81928            2926.00

Additional Load Imbalance Metrics
----------------------------------
Max block size / Avg block size   : 1.000059
Max color nodes / Avg color nodes : 1.019592

-------------------------------------------------
Hook_1498 bs = 512, policy = 3, coloring = 1

==============================================
  Partitioning Evaluation Report
==============================================
1. Total Blocks          : 512
   Total Colors          : 26
2. Nodes per Block
   - Average             : 2925.83
   - Maximum             : 2926
   - Minimum             : 2837
   - Stddev              : 3.929438
   - Gini coefficient    : 0.000059
3. Internal Avg Degree   : 28.2177 (Mean of per-block avg)
4. Block Graph Avg Deg   : 67.6445
5. Modularity
   - Unweighted Q        : 0.709455
   - Weighted Q          : 0.753930
==============================================
Internal edges : 21136208
External edges : 8573503
Internal ratio : 0.711424
Avg block density : 0.009647
Block graph edges : 17317
Block graph density : 0.132377
Locality score : 2.465294

6. Color Statistics
   Color   Blocks   Nodes   AvgNodesPerBlock
       1       29   84854            2926.00
       2       26   76076            2926.00
       3       26   75987            2922.58
       4       26   76076            2926.00
       5       25   73150            2926.00
       6       25   73150            2926.00
       7       25   73150            2926.00
       8       24   70224            2926.00
       9       24   70224            2926.00
      10       22   64372            2926.00
      11       21   61446            2926.00
      12       21   61446            2926.00
      13       21   61446            2926.00
      14       20   58520            2926.00
      15       20   58520            2926.00
      16       20   58520            2926.00
      17       19   55594            2926.00
      18       19   55594            2926.00
      19       19   55594            2926.00
      20       19   55594            2926.00
      21       17   49742            2926.00
      22       16   46816            2926.00
      23       12   35112            2926.00
      24        7   20482            2926.00
      25        6   17556            2926.00
      26        3    8778            2926.00

Additional Load Imbalance Metrics
----------------------------------
Max block size / Avg block size   : 1.000059
Max color nodes / Avg color nodes : 1.472744

-------------------------------------------------
Hook_1498 bs = 512, policy = 3, coloring = 2

==============================================
  Partitioning Evaluation Report
==============================================
1. Total Blocks          : 512
   Total Colors          : 30
2. Nodes per Block
   - Average             : 2925.83
   - Maximum             : 2926
   - Minimum             : 2837
   - Stddev              : 3.929438
   - Gini coefficient    : 0.000059
3. Internal Avg Degree   : 28.2177 (Mean of per-block avg)
4. Block Graph Avg Deg   : 67.6445
5. Modularity
   - Unweighted Q        : 0.709455
   - Weighted Q          : 0.753930
==============================================
Internal edges : 21136208
External edges : 8573503
Internal ratio : 0.711424
Avg block density : 0.009647
Block graph edges : 17317
Block graph density : 0.132377
Locality score : 2.465294

6. Color Statistics
   Color   Blocks   Nodes   AvgNodesPerBlock
       1       18   52668            2926.00
       2       18   52668            2926.00
       3       17   49742            2926.00
       4       17   49742            2926.00
       5       17   49742            2926.00
       6       17   49742            2926.00
       7       17   49742            2926.00
       8       17   49742            2926.00
       9       17   49742            2926.00
      10       17   49742            2926.00
      11       17   49742            2926.00
      12       17   49742            2926.00
      13       17   49742            2926.00
      14       17   49742            2926.00
      15       17   49742            2926.00
      16       17   49742            2926.00
      17       17   49742            2926.00
      18       17   49742            2926.00
      19       17   49742            2926.00
      20       17   49742            2926.00
      21       17   49742            2926.00
      22       17   49742            2926.00
      23       17   49742            2926.00
      24       17   49742            2926.00
      25       17   49742            2926.00
      26       17   49742            2926.00
      27       17   49742            2926.00
      28       17   49742            2926.00
      29       17   49653            2920.76
      30       17   49742            2926.00

Additional Load Imbalance Metrics
----------------------------------
Max block size / Avg block size   : 1.000059
Max color nodes / Avg color nodes : 1.054750

-------------------------------------------------
Hook_1498 bs = 512, policy = 3, coloring = 3

==============================================
  Partitioning Evaluation Report
==============================================
1. Total Blocks          : 512
   Total Colors          : 26
2. Nodes per Block
   - Average             : 2925.83
   - Maximum             : 2926
   - Minimum             : 2837
   - Stddev              : 3.929438
   - Gini coefficient    : 0.000059
3. Internal Avg Degree   : 28.2177 (Mean of per-block avg)
4. Block Graph Avg Deg   : 67.6445
5. Modularity
   - Unweighted Q        : 0.709455
   - Weighted Q          : 0.753930
==============================================
Internal edges : 21136208
External edges : 8573503
Internal ratio : 0.711424
Avg block density : 0.009647
Block graph edges : 17317
Block graph density : 0.132377
Locality score : 2.465294

6. Color Statistics
   Color   Blocks   Nodes   AvgNodesPerBlock
       1       20   58520            2926.00
       2       20   58520            2926.00
       3       20   58520            2926.00
       4       20   58520            2926.00
       5       20   58520            2926.00
       6       20   58520            2926.00
       7       20   58520            2926.00
       8       20   58431            2921.55
       9       20   58520            2926.00
      10       20   58520            2926.00
      11       20   58520            2926.00
      12       20   58520            2926.00
      13       20   58520            2926.00
      14       20   58520            2926.00
      15       20   58520            2926.00
      16       20   58520            2926.00
      17       20   58520            2926.00
      18       20   58520            2926.00
      19       19   55594            2926.00
      20       19   55594            2926.00
      21       19   55594            2926.00
      22       19   55594            2926.00
      23       19   55594            2926.00
      24       19   55594            2926.00
      25       19   55594            2926.00
      26       19   55594            2926.00

Additional Load Imbalance Metrics
----------------------------------
Max block size / Avg block size   : 1.000059
Max color nodes / Avg color nodes : 1.015685

-------------------------------------------------
Hook_1498 bs = 1024, policy = 1, coloring = 1

==============================================
  Partitioning Evaluation Report
==============================================
1. Total Blocks          : 1024
   Total Colors          : 11
2. Nodes per Block
   - Average             : 1462.91
   - Maximum             : 1463
   - Minimum             : 1374
   - Stddev              : 2.779892
   - Gini coefficient    : 0.000059
3. Internal Avg Degree   : 31.6449 (Mean of per-block avg)
4. Block Graph Avg Deg   : 16.3691
5. Modularity
   - Unweighted Q        : 0.796827
   - Weighted Q          : 0.800701
==============================================
Internal edges : 23702521
External edges : 6007190
Internal ratio : 0.797804
Avg block density : 0.021646
Block graph edges : 8381
Block graph density : 0.016001
Locality score : 3.945691

6. Color Statistics
   Color   Blocks   Nodes   AvgNodesPerBlock
       1      131   191564            1462.32
       2      126   184338            1463.00
       3      126   184338            1463.00
       4      126   184338            1463.00
       5      124   181412            1463.00
       6      123   179949            1463.00
       7      108   158004            1463.00
       8       89   130207            1463.00
       9       54   79002            1463.00
      10       16   23408            1463.00
      11        1    1463            1463.00

Additional Load Imbalance Metrics
----------------------------------
Max block size / Avg block size   : 1.000059
Max color nodes / Avg color nodes : 1.406657

-------------------------------------------------
Hook_1498 bs = 1024, policy = 1, coloring = 2

==============================================
  Partitioning Evaluation Report
==============================================
1. Total Blocks          : 1024
   Total Colors          : 13
2. Nodes per Block
   - Average             : 1462.91
   - Maximum             : 1463
   - Minimum             : 1374
   - Stddev              : 2.779892
   - Gini coefficient    : 0.000059
3. Internal Avg Degree   : 31.6449 (Mean of per-block avg)
4. Block Graph Avg Deg   : 16.3691
5. Modularity
   - Unweighted Q        : 0.796827
   - Weighted Q          : 0.800701
==============================================
Internal edges : 23702521
External edges : 6007190
Internal ratio : 0.797804
Avg block density : 0.021646
Block graph edges : 8381
Block graph density : 0.016001
Locality score : 3.945691

6. Color Statistics
   Color   Blocks   Nodes   AvgNodesPerBlock
       1       79   115577            1463.00
       2       79   115577            1463.00
       3       79   115577            1463.00
       4       79   115577            1463.00
       5       79   115577            1463.00
       6       79   115577            1463.00
       7       79   115577            1463.00
       8       79   115488            1461.87
       9       79   115577            1463.00
      10       79   115577            1463.00
      11       78   114114            1463.00
      12       78   114114            1463.00
      13       78   114114            1463.00

Additional Load Imbalance Metrics
----------------------------------
Max block size / Avg block size   : 1.000059
Max color nodes / Avg color nodes : 1.002989

-------------------------------------------------
Hook_1498 bs = 1024, policy = 1, coloring = 3

==============================================
  Partitioning Evaluation Report
==============================================
1. Total Blocks          : 1024
   Total Colors          : 11
2. Nodes per Block
   - Average             : 1462.91
   - Maximum             : 1463
   - Minimum             : 1374
   - Stddev              : 2.779892
   - Gini coefficient    : 0.000059
3. Internal Avg Degree   : 31.6449 (Mean of per-block avg)
4. Block Graph Avg Deg   : 16.3691
5. Modularity
   - Unweighted Q        : 0.796827
   - Weighted Q          : 0.800701
==============================================
Internal edges : 23702521
External edges : 6007190
Internal ratio : 0.797804
Avg block density : 0.021646
Block graph edges : 8381
Block graph density : 0.016001
Locality score : 3.945691

6. Color Statistics
   Color   Blocks   Nodes   AvgNodesPerBlock
       1       94   137522            1463.00
       2       93   136059            1463.00
       3       93   136059            1463.00
       4       93   136059            1463.00
       5       93   136059            1463.00
       6       93   135970            1462.04
       7       93   136059            1463.00
       8       93   136059            1463.00
       9       93   136059            1463.00
      10       93   136059            1463.00
      11       93   136059            1463.00

Additional Load Imbalance Metrics
----------------------------------
Max block size / Avg block size   : 1.000059
Max color nodes / Avg color nodes : 1.009826

-------------------------------------------------
Hook_1498 bs = 1024, policy = 2, coloring = 1

==============================================
  Partitioning Evaluation Report
==============================================
1. Total Blocks          : 1024
   Total Colors          : 19
2. Nodes per Block
   - Average             : 1462.91
   - Maximum             : 1463
   - Minimum             : 1374
   - Stddev              : 2.779892
   - Gini coefficient    : 0.000059
3. Internal Avg Degree   : 30.2189 (Mean of per-block avg)
4. Block Graph Avg Deg   : 40.0781
5. Modularity
   - Unweighted Q        : 0.760885
   - Weighted Q          : 0.767383
==============================================
Internal edges : 22634785
External edges : 7074926
Internal ratio : 0.761865
Avg block density : 0.020670
Block graph edges : 20520
Block graph density : 0.039177
Locality score : 3.199296

6. Color Statistics
   Color   Blocks   Nodes   AvgNodesPerBlock
       1       76   111188            1463.00
       2       76   111188            1463.00
       3       72   105336            1463.00
       4       72   105336            1463.00
       5       70   102410            1463.00
       6       69   100947            1463.00
       7       69   100947            1463.00
       8       66   96558            1463.00
       9       65   95006            1461.63
      10       65   95095            1463.00
      11       62   90706            1463.00
      12       62   90706            1463.00
      13       58   84854            1463.00
      14       49   71687            1463.00
      15       45   65835            1463.00
      16       28   40964            1463.00
      17       16   23408            1463.00
      18        3    4389            1463.00
      19        1    1463            1463.00

Additional Load Imbalance Metrics
----------------------------------
Max block size / Avg block size   : 1.000059
Max color nodes / Avg color nodes : 1.410240

-------------------------------------------------
Hook_1498 bs = 1024, policy = 2, coloring = 2

==============================================
  Partitioning Evaluation Report
==============================================
1. Total Blocks          : 1024
   Total Colors          : 22
2. Nodes per Block
   - Average             : 1462.91
   - Maximum             : 1463
   - Minimum             : 1374
   - Stddev              : 2.779892
   - Gini coefficient    : 0.000059
3. Internal Avg Degree   : 30.2189 (Mean of per-block avg)
4. Block Graph Avg Deg   : 40.0781
5. Modularity
   - Unweighted Q        : 0.760885
   - Weighted Q          : 0.767383
==============================================
Internal edges : 22634785
External edges : 7074926
Internal ratio : 0.761865
Avg block density : 0.020670
Block graph edges : 20520
Block graph density : 0.039177
Locality score : 3.199296

6. Color Statistics
   Color   Blocks   Nodes   AvgNodesPerBlock
       1       47   68761            1463.00
       2       47   68761            1463.00
       3       47   68761            1463.00
       4       47   68761            1463.00
       5       47   68761            1463.00
       6       47   68761            1463.00
       7       47   68761            1463.00
       8       47   68761            1463.00
       9       47   68672            1461.11
      10       47   68761            1463.00
      11       47   68761            1463.00
      12       47   68761            1463.00
      13       46   67298            1463.00
      14       46   67298            1463.00
      15       46   67298            1463.00
      16       46   67298            1463.00
      17       46   67298            1463.00
      18       46   67298            1463.00
      19       46   67298            1463.00
      20       46   67298            1463.00
      21       46   67298            1463.00
      22       46   67298            1463.00

Additional Load Imbalance Metrics
----------------------------------
Max block size / Avg block size   : 1.000059
Max color nodes / Avg color nodes : 1.009826

-------------------------------------------------
Hook_1498 bs = 1024, policy = 2, coloring = 3

==============================================
  Partitioning Evaluation Report
==============================================
1. Total Blocks          : 1024
   Total Colors          : 19
2. Nodes per Block
   - Average             : 1462.91
   - Maximum             : 1463
   - Minimum             : 1374
   - Stddev              : 2.779892
   - Gini coefficient    : 0.000059
3. Internal Avg Degree   : 30.2189 (Mean of per-block avg)
4. Block Graph Avg Deg   : 40.0781
5. Modularity
   - Unweighted Q        : 0.760885
   - Weighted Q          : 0.767383
==============================================
Internal edges : 22634785
External edges : 7074926
Internal ratio : 0.761865
Avg block density : 0.020670
Block graph edges : 20520
Block graph density : 0.039177
Locality score : 3.199296

6. Color Statistics
   Color   Blocks   Nodes   AvgNodesPerBlock
       1       54   79002            1463.00
       2       54   79002            1463.00
       3       54   79002            1463.00
       4       54   79002            1463.00
       5       54   79002            1463.00
       6       54   79002            1463.00
       7       54   79002            1463.00
       8       54   79002            1463.00
       9       54   78913            1461.35
      10       54   79002            1463.00
      11       54   79002            1463.00
      12       54   79002            1463.00
      13       54   79002            1463.00
      14       54   79002            1463.00
      15       54   79002            1463.00
      16       54   79002            1463.00
      17       54   79002            1463.00
      18       53   77539            1463.00
      19       53   77539            1463.00

Additional Load Imbalance Metrics
----------------------------------
Max block size / Avg block size   : 1.000059
Max color nodes / Avg color nodes : 1.002013

-------------------------------------------------
Hook_1498 bs = 1024, policy = 3, coloring = 1

==============================================
  Partitioning Evaluation Report
==============================================
1. Total Blocks          : 1024
   Total Colors          : 25
2. Nodes per Block
   - Average             : 1462.91
   - Maximum             : 1463
   - Minimum             : 1374
   - Stddev              : 2.779892
   - Gini coefficient    : 0.000059
3. Internal Avg Degree   : 26.6872 (Mean of per-block avg)
4. Block Graph Avg Deg   : 61.5430
5. Modularity
   - Unweighted Q        : 0.671850
   - Weighted Q          : 0.719048
==============================================
Internal edges : 19989734
External edges : 9719977
Internal ratio : 0.672835
Avg block density : 0.018254
Block graph edges : 31510
Block graph density : 0.060159
Locality score : 2.056562

6. Color Statistics
   Color   Blocks   Nodes   AvgNodesPerBlock
       1       60   87780            1463.00
       2       59   86317            1463.00
       3       52   75987            1461.29
       4       51   74613            1463.00
       5       50   73150            1463.00
       6       50   73150            1463.00
       7       49   71687            1463.00
       8       49   71687            1463.00
       9       49   71687            1463.00
      10       49   71687            1463.00
      11       49   71687            1463.00
      12       49   71687            1463.00
      13       46   67298            1463.00
      14       46   67298            1463.00
      15       46   67298            1463.00
      16       46   67298            1463.00
      17       43   62909            1463.00
      18       39   57057            1463.00
      19       38   55594            1463.00
      20       38   55594            1463.00
      21       24   35112            1463.00
      22       21   30723            1463.00
      23       13   19019            1463.00
      24        7   10241            1463.00
      25        1    1463            1463.00

Additional Load Imbalance Metrics
----------------------------------
Max block size / Avg block size   : 1.000059
Max color nodes / Avg color nodes : 1.464931

-------------------------------------------------
Hook_1498 bs = 1024, policy = 3, coloring = 2

==============================================
  Partitioning Evaluation Report
==============================================
1. Total Blocks          : 1024
   Total Colors          : 29
2. Nodes per Block
   - Average             : 1462.91
   - Maximum             : 1463
   - Minimum             : 1374
   - Stddev              : 2.779892
   - Gini coefficient    : 0.000059
3. Internal Avg Degree   : 26.6872 (Mean of per-block avg)
4. Block Graph Avg Deg   : 61.5430
5. Modularity
   - Unweighted Q        : 0.671850
   - Weighted Q          : 0.719048
==============================================
Internal edges : 19989734
External edges : 9719977
Internal ratio : 0.672835
Avg block density : 0.018254
Block graph edges : 31510
Block graph density : 0.060159
Locality score : 2.056562

6. Color Statistics
   Color   Blocks   Nodes   AvgNodesPerBlock
       1       36   52668            1463.00
       2       36   52668            1463.00
       3       36   52668            1463.00
       4       36   52668            1463.00
       5       36   52579            1460.53
       6       36   52668            1463.00
       7       36   52668            1463.00
       8       36   52668            1463.00
       9       36   52668            1463.00
      10       35   51205            1463.00
      11       35   51205            1463.00
      12       35   51205            1463.00
      13       35   51205            1463.00
      14       35   51205            1463.00
      15       35   51205            1463.00
      16       35   51205            1463.00
      17       35   51205            1463.00
      18       35   51205            1463.00
      19       35   51205            1463.00
      20       35   51205            1463.00
      21       35   51205            1463.00
      22       35   51205            1463.00
      23       35   51205            1463.00
      24       35   51205            1463.00
      25       35   51205            1463.00
      26       35   51205            1463.00
      27       35   51205            1463.00
      28       35   51205            1463.00
      29       35   51205            1463.00

Additional Load Imbalance Metrics
----------------------------------
Max block size / Avg block size   : 1.000059
Max color nodes / Avg color nodes : 1.019592

-------------------------------------------------
Hook_1498 bs = 1024, policy = 3, coloring = 3

==============================================
  Partitioning Evaluation Report
==============================================
1. Total Blocks          : 1024
   Total Colors          : 25
2. Nodes per Block
   - Average             : 1462.91
   - Maximum             : 1463
   - Minimum             : 1374
   - Stddev              : 2.779892
   - Gini coefficient    : 0.000059
3. Internal Avg Degree   : 26.6872 (Mean of per-block avg)
4. Block Graph Avg Deg   : 61.5430
5. Modularity
   - Unweighted Q        : 0.671850
   - Weighted Q          : 0.719048
==============================================
Internal edges : 19989734
External edges : 9719977
Internal ratio : 0.672835
Avg block density : 0.018254
Block graph edges : 31510
Block graph density : 0.060159
Locality score : 2.056562

6. Color Statistics
   Color   Blocks   Nodes   AvgNodesPerBlock
       1       41   59983            1463.00
       2       41   59983            1463.00
       3       41   59983            1463.00
       4       41   59983            1463.00
       5       41   59983            1463.00
       6       41   59983            1463.00
       7       41   59983            1463.00
       8       41   59983            1463.00
       9       41   59983            1463.00
      10       41   59983            1463.00
      11       41   59894            1460.83
      12       41   59983            1463.00
      13       41   59983            1463.00
      14       41   59983            1463.00
      15       41   59983            1463.00
      16       41   59983            1463.00
      17       41   59983            1463.00
      18       41   59983            1463.00
      19       41   59983            1463.00
      20       41   59983            1463.00
      21       41   59983            1463.00
      22       41   59983            1463.00
      23       41   59983            1463.00
      24       41   59983            1463.00
      25       40   58520            1463.00

Additional Load Imbalance Metrics
----------------------------------
Max block size / Avg block size   : 1.000059
Max color nodes / Avg color nodes : 1.001036

-------------------------------------------------
thermal2 bs = 32, policy = 1, coloring = 1

==============================================
  Partitioning Evaluation Report
==============================================
1. Total Blocks          : 32
   Total Colors          : 4
2. Nodes per Block
   - Average             : 38376.41
   - Maximum             : 38377
   - Minimum             : 38358
   - Stddev              : 3.305860
   - Gini coefficient    : 0.000015
3. Internal Avg Degree   : 5.9427 (Mean of per-block avg)
4. Block Graph Avg Deg   : 5.0000
5. Modularity
   - Unweighted Q        : 0.961349
   - Weighted Q          : 0.961734
==============================================
Internal edges : 3648927
External edges : 27207
Internal ratio : 0.992599
Avg block density : 0.000155
Block graph edges : 80
Block graph density : 0.161290
Locality score : 134.112283

6. Color Statistics
   Color   Blocks   Nodes   AvgNodesPerBlock
       1        9   345374           38374.89
       2        9   345393           38377.00
       3        7   268639           38377.00
       4        7   268639           38377.00

Additional Load Imbalance Metrics
----------------------------------
Max block size / Avg block size   : 1.000015
Max color nodes / Avg color nodes : 1.125017

-------------------------------------------------
thermal2 bs = 32, policy = 1, coloring = 2

==============================================
  Partitioning Evaluation Report
==============================================
1. Total Blocks          : 32
   Total Colors          : 4
2. Nodes per Block
   - Average             : 38376.41
   - Maximum             : 38377
   - Minimum             : 38358
   - Stddev              : 3.305860
   - Gini coefficient    : 0.000015
3. Internal Avg Degree   : 5.9427 (Mean of per-block avg)
4. Block Graph Avg Deg   : 5.0000
5. Modularity
   - Unweighted Q        : 0.961349
   - Weighted Q          : 0.961734
==============================================
Internal edges : 3648927
External edges : 27207
Internal ratio : 0.992599
Avg block density : 0.000155
Block graph edges : 80
Block graph density : 0.161290
Locality score : 134.112283

6. Color Statistics
   Color   Blocks   Nodes   AvgNodesPerBlock
       1        9   345374           38374.89
       2        8   307016           38377.00
       3        8   307016           38377.00
       4        7   268639           38377.00

Additional Load Imbalance Metrics
----------------------------------
Max block size / Avg block size   : 1.000015
Max color nodes / Avg color nodes : 1.124956

-------------------------------------------------
thermal2 bs = 32, policy = 1, coloring = 3

==============================================
  Partitioning Evaluation Report
==============================================
1. Total Blocks          : 32
   Total Colors          : 4
2. Nodes per Block
   - Average             : 38376.41
   - Maximum             : 38377
   - Minimum             : 38358
   - Stddev              : 3.305860
   - Gini coefficient    : 0.000015
3. Internal Avg Degree   : 5.9427 (Mean of per-block avg)
4. Block Graph Avg Deg   : 5.0000
5. Modularity
   - Unweighted Q        : 0.961349
   - Weighted Q          : 0.961734
==============================================
Internal edges : 3648927
External edges : 27207
Internal ratio : 0.992599
Avg block density : 0.000155
Block graph edges : 80
Block graph density : 0.161290
Locality score : 134.112283

6. Color Statistics
   Color   Blocks   Nodes   AvgNodesPerBlock
       1        9   345393           38377.00
       2        8   306997           38374.62
       3        8   307016           38377.00
       4        7   268639           38377.00

Additional Load Imbalance Metrics
----------------------------------
Max block size / Avg block size   : 1.000015
Max color nodes / Avg color nodes : 1.125017

-------------------------------------------------
thermal2 bs = 32, policy = 2, coloring = 1

==============================================
  Partitioning Evaluation Report
==============================================
1. Total Blocks          : 32
   Total Colors          : 6
2. Nodes per Block
   - Average             : 38376.41
   - Maximum             : 38377
   - Minimum             : 38358
   - Stddev              : 3.305860
   - Gini coefficient    : 0.000015
3. Internal Avg Degree   : 5.9111 (Mean of per-block avg)
4. Block Graph Avg Deg   : 8.0625
5. Modularity
   - Unweighted Q        : 0.956083
   - Weighted Q          : 0.956025
==============================================
Internal edges : 3629571
External edges : 46563
Internal ratio : 0.987334
Avg block density : 0.000154
Block graph edges : 129
Block graph density : 0.260081
Locality score : 77.948007

6. Color Statistics
   Color   Blocks   Nodes   AvgNodesPerBlock
       1        8   307016           38377.00
       2        6   230262           38377.00
       3        6   230262           38377.00
       4        5   191885           38377.00
       5        4   153508           38377.00
       6        3   115112           38370.67

Additional Load Imbalance Metrics
----------------------------------
Max block size / Avg block size   : 1.000015
Max color nodes / Avg color nodes : 1.500023

-------------------------------------------------
thermal2 bs = 32, policy = 2, coloring = 2

==============================================
  Partitioning Evaluation Report
==============================================
1. Total Blocks          : 32
   Total Colors          : 7
2. Nodes per Block
   - Average             : 38376.41
   - Maximum             : 38377
   - Minimum             : 38358
   - Stddev              : 3.305860
   - Gini coefficient    : 0.000015
3. Internal Avg Degree   : 5.9111 (Mean of per-block avg)
4. Block Graph Avg Deg   : 8.0625
5. Modularity
   - Unweighted Q        : 0.956083
   - Weighted Q          : 0.956025
==============================================
Internal edges : 3629571
External edges : 46563
Internal ratio : 0.987334
Avg block density : 0.000154
Block graph edges : 129
Block graph density : 0.260081
Locality score : 77.948007

6. Color Statistics
   Color   Blocks   Nodes   AvgNodesPerBlock
       1        6   230262           38377.00
       2        5   191885           38377.00
       3        5   191885           38377.00
       4        5   191885           38377.00
       5        5   191885           38377.00
       6        4   153508           38377.00
       7        2   76735           38367.50

Additional Load Imbalance Metrics
----------------------------------
Max block size / Avg block size   : 1.000015
Max color nodes / Avg color nodes : 1.312520

-------------------------------------------------
thermal2 bs = 32, policy = 2, coloring = 3

==============================================
  Partitioning Evaluation Report
==============================================
1. Total Blocks          : 32
   Total Colors          : 6
2. Nodes per Block
   - Average             : 38376.41
   - Maximum             : 38377
   - Minimum             : 38358
   - Stddev              : 3.305860
   - Gini coefficient    : 0.000015
3. Internal Avg Degree   : 5.9111 (Mean of per-block avg)
4. Block Graph Avg Deg   : 8.0625
5. Modularity
   - Unweighted Q        : 0.956083
   - Weighted Q          : 0.956025
==============================================
Internal edges : 3629571
External edges : 46563
Internal ratio : 0.987334
Avg block density : 0.000154
Block graph edges : 129
Block graph density : 0.260081
Locality score : 77.948007

6. Color Statistics
   Color   Blocks   Nodes   AvgNodesPerBlock
       1        6   230262           38377.00
       2        6   230262           38377.00
       3        6   230262           38377.00
       4        6   230262           38377.00
       5        5   191885           38377.00
       6        3   115112           38370.67

Additional Load Imbalance Metrics
----------------------------------
Max block size / Avg block size   : 1.000015
Max color nodes / Avg color nodes : 1.125017

-------------------------------------------------
thermal2 bs = 32, policy = 3, coloring = 1

==============================================
  Partitioning Evaluation Report
==============================================
1. Total Blocks          : 32
   Total Colors          : 8
2. Nodes per Block
   - Average             : 38376.41
   - Maximum             : 38377
   - Minimum             : 38358
   - Stddev              : 3.305860
   - Gini coefficient    : 0.000015
3. Internal Avg Degree   : 5.9028 (Mean of per-block avg)
4. Block Graph Avg Deg   : 11.7500
5. Modularity
   - Unweighted Q        : 0.954695
   - Weighted Q          : 0.957150
==============================================
Internal edges : 3624466
External edges : 51668
Internal ratio : 0.985945
Avg block density : 0.000154
Block graph edges : 188
Block graph density : 0.379032
Locality score : 70.147787

6. Color Statistics
   Color   Blocks   Nodes   AvgNodesPerBlock
       1        6   230262           38377.00
       2        5   191866           38373.20
       3        5   191885           38377.00
       4        4   153508           38377.00
       5        4   153508           38377.00
       6        4   153508           38377.00
       7        3   115131           38377.00
       8        1   38377           38377.00

Additional Load Imbalance Metrics
----------------------------------
Max block size / Avg block size   : 1.000015
Max color nodes / Avg color nodes : 1.500023

-------------------------------------------------
thermal2 bs = 32, policy = 3, coloring = 2

==============================================
  Partitioning Evaluation Report
==============================================
1. Total Blocks          : 32
   Total Colors          : 8
2. Nodes per Block
   - Average             : 38376.41
   - Maximum             : 38377
   - Minimum             : 38358
   - Stddev              : 3.305860
   - Gini coefficient    : 0.000015
3. Internal Avg Degree   : 5.9028 (Mean of per-block avg)
4. Block Graph Avg Deg   : 11.7500
5. Modularity
   - Unweighted Q        : 0.954695
   - Weighted Q          : 0.957150
==============================================
Internal edges : 3624466
External edges : 51668
Internal ratio : 0.985945
Avg block density : 0.000154
Block graph edges : 188
Block graph density : 0.379032
Locality score : 70.147787

6. Color Statistics
   Color   Blocks   Nodes   AvgNodesPerBlock
       1        5   191885           38377.00
       2        4   153508           38377.00
       3        4   153489           38372.25
       4        4   153508           38377.00
       5        4   153508           38377.00
       6        4   153508           38377.00
       7        4   153508           38377.00
       8        3   115131           38377.00

Additional Load Imbalance Metrics
----------------------------------
Max block size / Avg block size   : 1.000015
Max color nodes / Avg color nodes : 1.250019

-------------------------------------------------
thermal2 bs = 32, policy = 3, coloring = 3

==============================================
  Partitioning Evaluation Report
==============================================
1. Total Blocks          : 32
   Total Colors          : 8
2. Nodes per Block
   - Average             : 38376.41
   - Maximum             : 38377
   - Minimum             : 38358
   - Stddev              : 3.305860
   - Gini coefficient    : 0.000015
3. Internal Avg Degree   : 5.9028 (Mean of per-block avg)
4. Block Graph Avg Deg   : 11.7500
5. Modularity
   - Unweighted Q        : 0.954695
   - Weighted Q          : 0.957150
==============================================
Internal edges : 3624466
External edges : 51668
Internal ratio : 0.985945
Avg block density : 0.000154
Block graph edges : 188
Block graph density : 0.379032
Locality score : 70.147787

6. Color Statistics
   Color   Blocks   Nodes   AvgNodesPerBlock
       1        4   153508           38377.00
       2        4   153489           38372.25
       3        4   153508           38377.00
       4        4   153508           38377.00
       5        4   153508           38377.00
       6        4   153508           38377.00
       7        4   153508           38377.00
       8        4   153508           38377.00

Additional Load Imbalance Metrics
----------------------------------
Max block size / Avg block size   : 1.000015
Max color nodes / Avg color nodes : 1.000015

-------------------------------------------------
thermal2 bs = 64, policy = 1, coloring = 1

==============================================
  Partitioning Evaluation Report
==============================================
1. Total Blocks          : 64
   Total Colors          : 5
2. Nodes per Block
   - Average             : 19188.20
   - Maximum             : 19189
   - Minimum             : 19138
   - Stddev              : 6.324999
   - Gini coefficient    : 0.000041
3. Internal Avg Degree   : 5.9245 (Mean of per-block avg)
4. Block Graph Avg Deg   : 5.4688
5. Modularity
   - Unweighted Q        : 0.973939
   - Weighted Q          : 0.974456
==============================================
Internal edges : 3637771
External edges : 38363
Internal ratio : 0.989564
Avg block density : 0.000309
Block graph edges : 175
Block graph density : 0.086806
Locality score : 94.822516

6. Color Statistics
   Color   Blocks   Nodes   AvgNodesPerBlock
       1       17   326213           19189.00
       2       15   287784           19185.60
       3       14   268646           19189.00
       4       12   230268           19189.00
       5        6   115134           19189.00

Additional Load Imbalance Metrics
----------------------------------
Max block size / Avg block size   : 1.000042
Max color nodes / Avg color nodes : 1.328180

-------------------------------------------------
thermal2 bs = 64, policy = 1, coloring = 2

==============================================
  Partitioning Evaluation Report
==============================================
1. Total Blocks          : 64
   Total Colors          : 5
2. Nodes per Block
   - Average             : 19188.20
   - Maximum             : 19189
   - Minimum             : 19138
   - Stddev              : 6.324999
   - Gini coefficient    : 0.000041
3. Internal Avg Degree   : 5.9245 (Mean of per-block avg)
4. Block Graph Avg Deg   : 5.4688
5. Modularity
   - Unweighted Q        : 0.973939
   - Weighted Q          : 0.974456
==============================================
Internal edges : 3637771
External edges : 38363
Internal ratio : 0.989564
Avg block density : 0.000309
Block graph edges : 175
Block graph density : 0.086806
Locality score : 94.822516

6. Color Statistics
   Color   Blocks   Nodes   AvgNodesPerBlock
       1       14   268595           19185.36
       2       13   249457           19189.00
       3       13   249457           19189.00
       4       13   249457           19189.00
       5       11   211079           19189.00

Additional Load Imbalance Metrics
----------------------------------
Max block size / Avg block size   : 1.000042
Max color nodes / Avg color nodes : 1.093588

-------------------------------------------------
thermal2 bs = 64, policy = 1, coloring = 3

==============================================
  Partitioning Evaluation Report
==============================================
1. Total Blocks          : 64
   Total Colors          : 5
2. Nodes per Block
   - Average             : 19188.20
   - Maximum             : 19189
   - Minimum             : 19138
   - Stddev              : 6.324999
   - Gini coefficient    : 0.000041
3. Internal Avg Degree   : 5.9245 (Mean of per-block avg)
4. Block Graph Avg Deg   : 5.4688
5. Modularity
   - Unweighted Q        : 0.973939
   - Weighted Q          : 0.974456
==============================================
Internal edges : 3637771
External edges : 38363
Internal ratio : 0.989564
Avg block density : 0.000309
Block graph edges : 175
Block graph density : 0.086806
Locality score : 94.822516

6. Color Statistics
   Color   Blocks   Nodes   AvgNodesPerBlock
       1       13   249457           19189.00
       2       13   249406           19185.08
       3       13   249457           19189.00
       4       13   249457           19189.00
       5       12   230268           19189.00

Additional Load Imbalance Metrics
----------------------------------
Max block size / Avg block size   : 1.000042
Max color nodes / Avg color nodes : 1.015667

-------------------------------------------------
thermal2 bs = 64, policy = 2, coloring = 1

==============================================
  Partitioning Evaluation Report
==============================================
1. Total Blocks          : 64
   Total Colors          : 7
2. Nodes per Block
   - Average             : 19188.20
   - Maximum             : 19189
   - Minimum             : 19138
   - Stddev              : 6.324999
   - Gini coefficient    : 0.000041
3. Internal Avg Degree   : 5.8665 (Mean of per-block avg)
4. Block Graph Avg Deg   : 9.8438
5. Modularity
   - Unweighted Q        : 0.964253
   - Weighted Q          : 0.964159
==============================================
Internal edges : 3602167
External edges : 73967
Internal ratio : 0.979879
Avg block density : 0.000306
Block graph edges : 315
Block graph density : 0.156250
Locality score : 48.698991

6. Color Statistics
   Color   Blocks   Nodes   AvgNodesPerBlock
       1       12   230268           19189.00
       2       12   230268           19189.00
       3       11   211079           19189.00
       4       11   211079           19189.00
       5        8   153512           19189.00
       6        7   134323           19189.00
       7        3   57516           19172.00

Additional Load Imbalance Metrics
----------------------------------
Max block size / Avg block size   : 1.000042
Max color nodes / Avg color nodes : 1.312555

-------------------------------------------------
thermal2 bs = 64, policy = 2, coloring = 2

==============================================
  Partitioning Evaluation Report
==============================================
1. Total Blocks          : 64
   Total Colors          : 8
2. Nodes per Block
   - Average             : 19188.20
   - Maximum             : 19189
   - Minimum             : 19138
   - Stddev              : 6.324999
   - Gini coefficient    : 0.000041
3. Internal Avg Degree   : 5.8665 (Mean of per-block avg)
4. Block Graph Avg Deg   : 9.8438
5. Modularity
   - Unweighted Q        : 0.964253
   - Weighted Q          : 0.964159
==============================================
Internal edges : 3602167
External edges : 73967
Internal ratio : 0.979879
Avg block density : 0.000306
Block graph edges : 315
Block graph density : 0.156250
Locality score : 48.698991

6. Color Statistics
   Color   Blocks   Nodes   AvgNodesPerBlock
       1        9   172701           19189.00
       2        9   172701           19189.00
       3        9   172701           19189.00
       4        9   172701           19189.00
       5        9   172701           19189.00
       6        9   172701           19189.00
       7        7   134323           19189.00
       8        3   57516           19172.00

Additional Load Imbalance Metrics
----------------------------------
Max block size / Avg block size   : 1.000042
Max color nodes / Avg color nodes : 1.125047

-------------------------------------------------
thermal2 bs = 64, policy = 2, coloring = 3

==============================================
  Partitioning Evaluation Report
==============================================
1. Total Blocks          : 64
   Total Colors          : 7
2. Nodes per Block
   - Average             : 19188.20
   - Maximum             : 19189
   - Minimum             : 19138
   - Stddev              : 6.324999
   - Gini coefficient    : 0.000041
3. Internal Avg Degree   : 5.8665 (Mean of per-block avg)
4. Block Graph Avg Deg   : 9.8438
5. Modularity
   - Unweighted Q        : 0.964253
   - Weighted Q          : 0.964159
==============================================
Internal edges : 3602167
External edges : 73967
Internal ratio : 0.979879
Avg block density : 0.000306
Block graph edges : 315
Block graph density : 0.156250
Locality score : 48.698991

6. Color Statistics
   Color   Blocks   Nodes   AvgNodesPerBlock
       1       11   211079           19189.00
       2       11   211079           19189.00
       3       11   211079           19189.00
       4       10   191890           19189.00
       5       10   191890           19189.00
       6        8   153512           19189.00
       7        3   57516           19172.00

Additional Load Imbalance Metrics
----------------------------------
Max block size / Avg block size   : 1.000042
Max color nodes / Avg color nodes : 1.203175

-------------------------------------------------
thermal2 bs = 64, policy = 3, coloring = 1

==============================================
  Partitioning Evaluation Report
==============================================
1. Total Blocks          : 64
   Total Colors          : 9
2. Nodes per Block
   - Average             : 19188.20
   - Maximum             : 19189
   - Minimum             : 19138
   - Stddev              : 6.324999
   - Gini coefficient    : 0.000041
3. Internal Avg Degree   : 5.8728 (Mean of per-block avg)
4. Block Graph Avg Deg   : 14.1875
5. Modularity
   - Unweighted Q        : 0.965313
   - Weighted Q          : 0.968584
==============================================
Internal edges : 3606063
External edges : 70071
Internal ratio : 0.980939
Avg block density : 0.000306
Block graph edges : 454
Block graph density : 0.225198
Locality score : 51.462253

6. Color Statistics
   Color   Blocks   Nodes   AvgNodesPerBlock
       1       10   191839           19183.90
       2        9   172701           19189.00
       3        9   172701           19189.00
       4        8   153512           19189.00
       5        8   153512           19189.00
       6        7   134323           19189.00
       7        7   134323           19189.00
       8        4   76756           19189.00
       9        2   38378           19189.00

Additional Load Imbalance Metrics
----------------------------------
Max block size / Avg block size   : 1.000042
Max color nodes / Avg color nodes : 1.405935

-------------------------------------------------
thermal2 bs = 64, policy = 3, coloring = 2

==============================================
  Partitioning Evaluation Report
==============================================
1. Total Blocks          : 64
   Total Colors          : 9
2. Nodes per Block
   - Average             : 19188.20
   - Maximum             : 19189
   - Minimum             : 19138
   - Stddev              : 6.324999
   - Gini coefficient    : 0.000041
3. Internal Avg Degree   : 5.8728 (Mean of per-block avg)
4. Block Graph Avg Deg   : 14.1875
5. Modularity
   - Unweighted Q        : 0.965313
   - Weighted Q          : 0.968584
==============================================
Internal edges : 3606063
External edges : 70071
Internal ratio : 0.980939
Avg block density : 0.000306
Block graph edges : 454
Block graph density : 0.225198
Locality score : 51.462253

6. Color Statistics
   Color   Blocks   Nodes   AvgNodesPerBlock
       1        8   153512           19189.00
       2        8   153461           19182.62
       3        7   134323           19189.00
       4        7   134323           19189.00
       5        7   134323           19189.00
       6        7   134323           19189.00
       7        7   134323           19189.00
       8        7   134323           19189.00
       9        6   115134           19189.00

Additional Load Imbalance Metrics
----------------------------------
Max block size / Avg block size   : 1.000042
Max color nodes / Avg color nodes : 1.125047

-------------------------------------------------
thermal2 bs = 64, policy = 3, coloring = 3

==============================================
  Partitioning Evaluation Report
==============================================
1. Total Blocks          : 64
   Total Colors          : 9
2. Nodes per Block
   - Average             : 19188.20
   - Maximum             : 19189
   - Minimum             : 19138
   - Stddev              : 6.324999
   - Gini coefficient    : 0.000041
3. Internal Avg Degree   : 5.8728 (Mean of per-block avg)
4. Block Graph Avg Deg   : 14.1875
5. Modularity
   - Unweighted Q        : 0.965313
   - Weighted Q          : 0.968584
==============================================
Internal edges : 3606063
External edges : 70071
Internal ratio : 0.980939
Avg block density : 0.000306
Block graph edges : 454
Block graph density : 0.225198
Locality score : 51.462253

6. Color Statistics
   Color   Blocks   Nodes   AvgNodesPerBlock
       1        8   153512           19189.00
       2        7   134323           19189.00
       3        7   134323           19189.00
       4        7   134272           19181.71
       5        7   134323           19189.00
       6        7   134323           19189.00
       7        7   134323           19189.00
       8        7   134323           19189.00
       9        7   134323           19189.00

Additional Load Imbalance Metrics
----------------------------------
Max block size / Avg block size   : 1.000042
Max color nodes / Avg color nodes : 1.125047

-------------------------------------------------
thermal2 bs = 128, policy = 1, coloring = 1

==============================================
  Partitioning Evaluation Report
==============================================
1. Total Blocks          : 128
   Total Colors          : 6
2. Nodes per Block
   - Average             : 9594.10
   - Maximum             : 9595
   - Minimum             : 9480
   - Stddev              : 10.124876
   - Gini coefficient    : 0.000093
3. Internal Avg Degree   : 5.8975 (Mean of per-block avg)
4. Block Graph Avg Deg   : 6.1562
5. Modularity
   - Unweighted Q        : 0.977257
   - Weighted Q          : 0.977976
==============================================
Internal edges : 3621249
External edges : 54885
Internal ratio : 0.985070
Avg block density : 0.000615
Block graph edges : 394
Block graph density : 0.048474
Locality score : 65.977645

6. Color Statistics
   Color   Blocks   Nodes   AvgNodesPerBlock
       1       32   307040            9595.00
       2       30   287850            9595.00
       3       30   287850            9595.00
       4       24   230165            9590.21
       5       11   105545            9595.00
       6        1    9595            9595.00

Additional Load Imbalance Metrics
----------------------------------
Max block size / Avg block size   : 1.000094
Max color nodes / Avg color nodes : 1.500140

-------------------------------------------------
thermal2 bs = 128, policy = 1, coloring = 2

==============================================
  Partitioning Evaluation Report
==============================================
1. Total Blocks          : 128
   Total Colors          : 6
2. Nodes per Block
   - Average             : 9594.10
   - Maximum             : 9595
   - Minimum             : 9480
   - Stddev              : 10.124876
   - Gini coefficient    : 0.000093
3. Internal Avg Degree   : 5.8975 (Mean of per-block avg)
4. Block Graph Avg Deg   : 6.1562
5. Modularity
   - Unweighted Q        : 0.977257
   - Weighted Q          : 0.977976
==============================================
Internal edges : 3621249
External edges : 54885
Internal ratio : 0.985070
Avg block density : 0.000615
Block graph edges : 394
Block graph density : 0.048474
Locality score : 65.977645

6. Color Statistics
   Color   Blocks   Nodes   AvgNodesPerBlock
       1       22   211090            9595.00
       2       22   211090            9595.00
       3       21   201495            9595.00
       4       21   201380            9589.52
       5       21   201495            9595.00
       6       21   201495            9595.00

Additional Load Imbalance Metrics
----------------------------------
Max block size / Avg block size   : 1.000094
Max color nodes / Avg color nodes : 1.031347

-------------------------------------------------
thermal2 bs = 128, policy = 1, coloring = 3

==============================================
  Partitioning Evaluation Report
==============================================
1. Total Blocks          : 128
   Total Colors          : 6
2. Nodes per Block
   - Average             : 9594.10
   - Maximum             : 9595
   - Minimum             : 9480
   - Stddev              : 10.124876
   - Gini coefficient    : 0.000093
3. Internal Avg Degree   : 5.8975 (Mean of per-block avg)
4. Block Graph Avg Deg   : 6.1562
5. Modularity
   - Unweighted Q        : 0.977257
   - Weighted Q          : 0.977976
==============================================
Internal edges : 3621249
External edges : 54885
Internal ratio : 0.985070
Avg block density : 0.000615
Block graph edges : 394
Block graph density : 0.048474
Locality score : 65.977645

6. Color Statistics
   Color   Blocks   Nodes   AvgNodesPerBlock
       1       22   211090            9595.00
       2       22   211090            9595.00
       3       21   201380            9589.52
       4       21   201495            9595.00
       5       21   201495            9595.00
       6       21   201495            9595.00

Additional Load Imbalance Metrics
----------------------------------
Max block size / Avg block size   : 1.000094
Max color nodes / Avg color nodes : 1.031347

-------------------------------------------------
thermal2 bs = 128, policy = 2, coloring = 1

==============================================
  Partitioning Evaluation Report
==============================================
1. Total Blocks          : 128
   Total Colors          : 7
2. Nodes per Block
   - Average             : 9594.10
   - Maximum             : 9595
   - Minimum             : 9480
   - Stddev              : 10.124876
   - Gini coefficient    : 0.000093
3. Internal Avg Degree   : 5.8230 (Mean of per-block avg)
4. Block Graph Avg Deg   : 10.8281
5. Modularity
   - Unweighted Q        : 0.964812
   - Weighted Q          : 0.964624
==============================================
Internal edges : 3575502
External edges : 100632
Internal ratio : 0.972626
Avg block density : 0.000607
Block graph edges : 693
Block graph density : 0.085261
Locality score : 35.530114

6. Color Statistics
   Color   Blocks   Nodes   AvgNodesPerBlock
       1       24   230280            9595.00
       2       23   220685            9595.00
       3       22   211090            9595.00
       4       21   201495            9595.00
       5       17   163115            9595.00
       6       16   153520            9595.00
       7        5   47860            9572.00

Additional Load Imbalance Metrics
----------------------------------
Max block size / Avg block size   : 1.000094
Max color nodes / Avg color nodes : 1.312623

-------------------------------------------------
thermal2 bs = 128, policy = 2, coloring = 2

==============================================
  Partitioning Evaluation Report
==============================================
1. Total Blocks          : 128
   Total Colors          : 8
2. Nodes per Block
   - Average             : 9594.10
   - Maximum             : 9595
   - Minimum             : 9480
   - Stddev              : 10.124876
   - Gini coefficient    : 0.000093
3. Internal Avg Degree   : 5.8230 (Mean of per-block avg)
4. Block Graph Avg Deg   : 10.8281
5. Modularity
   - Unweighted Q        : 0.964812
   - Weighted Q          : 0.964624
==============================================
Internal edges : 3575502
External edges : 100632
Internal ratio : 0.972626
Avg block density : 0.000607
Block graph edges : 693
Block graph density : 0.085261
Locality score : 35.530114

6. Color Statistics
   Color   Blocks   Nodes   AvgNodesPerBlock
       1       18   172710            9595.00
       2       18   172710            9595.00
       3       18   172710            9595.00
       4       18   172710            9595.00
       5       18   172710            9595.00
       6       17   163115            9595.00
       7       16   153520            9595.00
       8        5   47860            9572.00

Additional Load Imbalance Metrics
----------------------------------
Max block size / Avg block size   : 1.000094
Max color nodes / Avg color nodes : 1.125105

-------------------------------------------------
thermal2 bs = 128, policy = 2, coloring = 3

==============================================
  Partitioning Evaluation Report
==============================================
1. Total Blocks          : 128
   Total Colors          : 7
2. Nodes per Block
   - Average             : 9594.10
   - Maximum             : 9595
   - Minimum             : 9480
   - Stddev              : 10.124876
   - Gini coefficient    : 0.000093
3. Internal Avg Degree   : 5.8230 (Mean of per-block avg)
4. Block Graph Avg Deg   : 10.8281
5. Modularity
   - Unweighted Q        : 0.964812
   - Weighted Q          : 0.964624
==============================================
Internal edges : 3575502
External edges : 100632
Internal ratio : 0.972626
Avg block density : 0.000607
Block graph edges : 693
Block graph density : 0.085261
Locality score : 35.530114

6. Color Statistics
   Color   Blocks   Nodes   AvgNodesPerBlock
       1       22   211090            9595.00
       2       22   211090            9595.00
       3       21   201495            9595.00
       4       21   201495            9595.00
       5       21   201495            9595.00
       6       16   153520            9595.00
       7        5   47860            9572.00

Additional Load Imbalance Metrics
----------------------------------
Max block size / Avg block size   : 1.000094
Max color nodes / Avg color nodes : 1.203238

-------------------------------------------------
thermal2 bs = 128, policy = 3, coloring = 1

==============================================
  Partitioning Evaluation Report
==============================================
1. Total Blocks          : 128
   Total Colors          : 9
2. Nodes per Block
   - Average             : 9594.10
   - Maximum             : 9595
   - Minimum             : 9480
   - Stddev              : 10.124876
   - Gini coefficient    : 0.000093
3. Internal Avg Degree   : 5.8405 (Mean of per-block avg)
4. Block Graph Avg Deg   : 14.9531
5. Modularity
   - Unweighted Q        : 0.967731
   - Weighted Q          : 0.971907
==============================================
Internal edges : 3586229
External edges : 89905
Internal ratio : 0.975544
Avg block density : 0.000609
Block graph edges : 957
Block graph density : 0.117741
Locality score : 39.888650

6. Color Statistics
   Color   Blocks   Nodes   AvgNodesPerBlock
       1       19   182305            9595.00
       2       18   172710            9595.00
       3       17   163115            9595.00
       4       16   153405            9587.81
       5       16   153520            9595.00
       6       15   143925            9595.00
       7       15   143925            9595.00
       8        8   76760            9595.00
       9        4   38380            9595.00

Additional Load Imbalance Metrics
----------------------------------
Max block size / Avg block size   : 1.000094
Max color nodes / Avg color nodes : 1.336063

-------------------------------------------------
thermal2 bs = 128, policy = 3, coloring = 2

==============================================
  Partitioning Evaluation Report
==============================================
1. Total Blocks          : 128
   Total Colors          : 9
2. Nodes per Block
   - Average             : 9594.10
   - Maximum             : 9595
   - Minimum             : 9480
   - Stddev              : 10.124876
   - Gini coefficient    : 0.000093
3. Internal Avg Degree   : 5.8405 (Mean of per-block avg)
4. Block Graph Avg Deg   : 14.9531
5. Modularity
   - Unweighted Q        : 0.967731
   - Weighted Q          : 0.971907
==============================================
Internal edges : 3586229
External edges : 89905
Internal ratio : 0.975544
Avg block density : 0.000609
Block graph edges : 957
Block graph density : 0.117741
Locality score : 39.888650

6. Color Statistics
   Color   Blocks   Nodes   AvgNodesPerBlock
       1       15   143925            9595.00
       2       15   143925            9595.00
       3       14   134215            9586.79
       4       14   134330            9595.00
       5       14   134330            9595.00
       6       14   134330            9595.00
       7       14   134330            9595.00
       8       14   134330            9595.00
       9       14   134330            9595.00

Additional Load Imbalance Metrics
----------------------------------
Max block size / Avg block size   : 1.000094
Max color nodes / Avg color nodes : 1.054786

-------------------------------------------------
thermal2 bs = 128, policy = 3, coloring = 3

==============================================
  Partitioning Evaluation Report
==============================================
1. Total Blocks          : 128
   Total Colors          : 9
2. Nodes per Block
   - Average             : 9594.10
   - Maximum             : 9595
   - Minimum             : 9480
   - Stddev              : 10.124876
   - Gini coefficient    : 0.000093
3. Internal Avg Degree   : 5.8405 (Mean of per-block avg)
4. Block Graph Avg Deg   : 14.9531
5. Modularity
   - Unweighted Q        : 0.967731
   - Weighted Q          : 0.971907
==============================================
Internal edges : 3586229
External edges : 89905
Internal ratio : 0.975544
Avg block density : 0.000609
Block graph edges : 957
Block graph density : 0.117741
Locality score : 39.888650

6. Color Statistics
   Color   Blocks   Nodes   AvgNodesPerBlock
       1       15   143925            9595.00
       2       15   143925            9595.00
       3       14   134215            9586.79
       4       14   134330            9595.00
       5       14   134330            9595.00
       6       14   134330            9595.00
       7       14   134330            9595.00
       8       14   134330            9595.00
       9       14   134330            9595.00

Additional Load Imbalance Metrics
----------------------------------
Max block size / Avg block size   : 1.000094
Max color nodes / Avg color nodes : 1.054786

-------------------------------------------------
thermal2 bs = 256, policy = 1, coloring = 1

==============================================
  Partitioning Evaluation Report
==============================================
1. Total Blocks          : 256
   Total Colors          : 6
2. Nodes per Block
   - Average             : 4797.05
   - Maximum             : 4798
   - Minimum             : 4555
   - Stddev              : 15.157808
   - Gini coefficient    : 0.000197
3. Internal Avg Degree   : 5.8553 (Mean of per-block avg)
4. Block Graph Avg Deg   : 6.4844
5. Modularity
   - Unweighted Q        : 0.974133
   - Weighted Q          : 0.975246
==============================================
Internal edges : 3595404
External edges : 80730
Internal ratio : 0.978039
Avg block density : 0.001221
Block graph edges : 830
Block graph density : 0.025429
Locality score : 44.535606

6. Color Statistics
   Color   Blocks   Nodes   AvgNodesPerBlock
       1       60   287880            4798.00
       2       58   278284            4798.00
       3       57   273486            4798.00
       4       52   249253            4793.33
       5       27   129546            4798.00
       6        2    9596            4798.00

Additional Load Imbalance Metrics
----------------------------------
Max block size / Avg block size   : 1.000198
Max color nodes / Avg color nodes : 1.406528

-------------------------------------------------
thermal2 bs = 256, policy = 1, coloring = 2

==============================================
  Partitioning Evaluation Report
==============================================
1. Total Blocks          : 256
   Total Colors          : 6
2. Nodes per Block
   - Average             : 4797.05
   - Maximum             : 4798
   - Minimum             : 4555
   - Stddev              : 15.157808
   - Gini coefficient    : 0.000197
3. Internal Avg Degree   : 5.8553 (Mean of per-block avg)
4. Block Graph Avg Deg   : 6.4844
5. Modularity
   - Unweighted Q        : 0.974133
   - Weighted Q          : 0.975246
==============================================
Internal edges : 3595404
External edges : 80730
Internal ratio : 0.978039
Avg block density : 0.001221
Block graph edges : 830
Block graph density : 0.025429
Locality score : 44.535606

6. Color Statistics
   Color   Blocks   Nodes   AvgNodesPerBlock
       1       43   206071            4792.35
       2       43   206314            4798.00
       3       43   206314            4798.00
       4       43   206314            4798.00
       5       42   201516            4798.00
       6       42   201516            4798.00

Additional Load Imbalance Metrics
----------------------------------
Max block size / Avg block size   : 1.000198
Max color nodes / Avg color nodes : 1.008012

-------------------------------------------------
thermal2 bs = 256, policy = 1, coloring = 3

==============================================
  Partitioning Evaluation Report
==============================================
1. Total Blocks          : 256
   Total Colors          : 6
2. Nodes per Block
   - Average             : 4797.05
   - Maximum             : 4798
   - Minimum             : 4555
   - Stddev              : 15.157808
   - Gini coefficient    : 0.000197
3. Internal Avg Degree   : 5.8553 (Mean of per-block avg)
4. Block Graph Avg Deg   : 6.4844
5. Modularity
   - Unweighted Q        : 0.974133
   - Weighted Q          : 0.975246
==============================================
Internal edges : 3595404
External edges : 80730
Internal ratio : 0.978039
Avg block density : 0.001221
Block graph edges : 830
Block graph density : 0.025429
Locality score : 44.535606

6. Color Statistics
   Color   Blocks   Nodes   AvgNodesPerBlock
       1       43   206071            4792.35
       2       43   206314            4798.00
       3       43   206314            4798.00
       4       43   206314            4798.00
       5       42   201516            4798.00
       6       42   201516            4798.00

Additional Load Imbalance Metrics
----------------------------------
Max block size / Avg block size   : 1.000198
Max color nodes / Avg color nodes : 1.008012

-------------------------------------------------
thermal2 bs = 256, policy = 2, coloring = 1

==============================================
  Partitioning Evaluation Report
==============================================
1. Total Blocks          : 256
   Total Colors          : 8
2. Nodes per Block
   - Average             : 4797.05
   - Maximum             : 4798
   - Minimum             : 4555
   - Stddev              : 15.157808
   - Gini coefficient    : 0.000197
3. Internal Avg Degree   : 5.7746 (Mean of per-block avg)
4. Block Graph Avg Deg   : 11.9062
5. Modularity
   - Unweighted Q        : 0.960678
   - Weighted Q          : 0.960435
==============================================
Internal edges : 3545945
External edges : 130189
Internal ratio : 0.964585
Avg block density : 0.001204
Block graph edges : 1524
Block graph density : 0.046691
Locality score : 27.236693

6. Color Statistics
   Color   Blocks   Nodes   AvgNodesPerBlock
       1       46   220708            4798.00
       2       45   215910            4798.00
       3       42   201516            4798.00
       4       42   201516            4798.00
       5       37   177526            4798.00
       6       24   115152            4798.00
       7       15   71727            4781.80
       8        5   23990            4798.00

Additional Load Imbalance Metrics
----------------------------------
Max block size / Avg block size   : 1.000198
Max color nodes / Avg color nodes : 1.437784

-------------------------------------------------
thermal2 bs = 256, policy = 2, coloring = 2

==============================================
  Partitioning Evaluation Report
==============================================
1. Total Blocks          : 256
   Total Colors          : 9
2. Nodes per Block
   - Average             : 4797.05
   - Maximum             : 4798
   - Minimum             : 4555
   - Stddev              : 15.157808
   - Gini coefficient    : 0.000197
3. Internal Avg Degree   : 5.7746 (Mean of per-block avg)
4. Block Graph Avg Deg   : 11.9062
5. Modularity
   - Unweighted Q        : 0.960678
   - Weighted Q          : 0.960435
==============================================
Internal edges : 3545945
External edges : 130189
Internal ratio : 0.964585
Avg block density : 0.001204
Block graph edges : 1524
Block graph density : 0.046691
Locality score : 27.236693

6. Color Statistics
   Color   Blocks   Nodes   AvgNodesPerBlock
       1       31   148738            4798.00
       2       30   143940            4798.00
       3       30   143940            4798.00
       4       30   143940            4798.00
       5       30   143940            4798.00
       6       30   143940            4798.00
       7       30   143940            4798.00
       8       30   143940            4798.00
       9       15   71727            4781.80

Additional Load Imbalance Metrics
----------------------------------
Max block size / Avg block size   : 1.000198
Max color nodes / Avg color nodes : 1.090059

-------------------------------------------------
thermal2 bs = 256, policy = 2, coloring = 3

==============================================
  Partitioning Evaluation Report
==============================================
1. Total Blocks          : 256
   Total Colors          : 8
2. Nodes per Block
   - Average             : 4797.05
   - Maximum             : 4798
   - Minimum             : 4555
   - Stddev              : 15.157808
   - Gini coefficient    : 0.000197
3. Internal Avg Degree   : 5.7746 (Mean of per-block avg)
4. Block Graph Avg Deg   : 11.9062
5. Modularity
   - Unweighted Q        : 0.960678
   - Weighted Q          : 0.960435
==============================================
Internal edges : 3545945
External edges : 130189
Internal ratio : 0.964585
Avg block density : 0.001204
Block graph edges : 1524
Block graph density : 0.046691
Locality score : 27.236693

6. Color Statistics
   Color   Blocks   Nodes   AvgNodesPerBlock
       1       35   167930            4798.00
       2       35   167930            4798.00
       3       35   167930            4798.00
       4       34   163132            4798.00
       5       34   163132            4798.00
       6       34   163132            4798.00
       7       34   163132            4798.00
       8       15   71727            4781.80

Additional Load Imbalance Metrics
----------------------------------
Max block size / Avg block size   : 1.000198
Max color nodes / Avg color nodes : 1.093966

-------------------------------------------------
thermal2 bs = 256, policy = 3, coloring = 1

==============================================
  Partitioning Evaluation Report
==============================================
1. Total Blocks          : 256
   Total Colors          : 9
2. Nodes per Block
   - Average             : 4797.05
   - Maximum             : 4798
   - Minimum             : 4555
   - Stddev              : 15.157808
   - Gini coefficient    : 0.000197
3. Internal Avg Degree   : 5.7970 (Mean of per-block avg)
4. Block Graph Avg Deg   : 14.6094
5. Modularity
   - Unweighted Q        : 0.964387
   - Weighted Q          : 0.969748
==============================================
Internal edges : 3559579
External edges : 116555
Internal ratio : 0.968294
Avg block density : 0.001209
Block graph edges : 1870
Block graph density : 0.057292
Locality score : 30.539646

6. Color Statistics
   Color   Blocks   Nodes   AvgNodesPerBlock
       1       39   187122            4798.00
       2       38   182324            4798.00
       3       35   167687            4791.06
       4       35   167930            4798.00
       5       33   158334            4798.00
       6       33   158334            4798.00
       7       29   139142            4798.00
       8       11   52778            4798.00
       9        3   14394            4798.00

Additional Load Imbalance Metrics
----------------------------------
Max block size / Avg block size   : 1.000198
Max color nodes / Avg color nodes : 1.371365

-------------------------------------------------
thermal2 bs = 256, policy = 3, coloring = 2

==============================================
  Partitioning Evaluation Report
==============================================
1. Total Blocks          : 256
   Total Colors          : 10
2. Nodes per Block
   - Average             : 4797.05
   - Maximum             : 4798
   - Minimum             : 4555
   - Stddev              : 15.157808
   - Gini coefficient    : 0.000197
3. Internal Avg Degree   : 5.7970 (Mean of per-block avg)
4. Block Graph Avg Deg   : 14.6094
5. Modularity
   - Unweighted Q        : 0.964387
   - Weighted Q          : 0.969748
==============================================
Internal edges : 3559579
External edges : 116555
Internal ratio : 0.968294
Avg block density : 0.001209
Block graph edges : 1870
Block graph density : 0.057292
Locality score : 30.539646

6. Color Statistics
   Color   Blocks   Nodes   AvgNodesPerBlock
       1       26   124748            4798.00
       2       26   124748            4798.00
       3       26   124748            4798.00
       4       26   124748            4798.00
       5       26   124748            4798.00
       6       26   124748            4798.00
       7       25   119707            4788.28
       8       25   119950            4798.00
       9       25   119950            4798.00
      10       25   119950            4798.00

Additional Load Imbalance Metrics
----------------------------------
Max block size / Avg block size   : 1.000198
Max color nodes / Avg color nodes : 1.015826

-------------------------------------------------
thermal2 bs = 256, policy = 3, coloring = 3

==============================================
  Partitioning Evaluation Report
==============================================
1. Total Blocks          : 256
   Total Colors          : 9
2. Nodes per Block
   - Average             : 4797.05
   - Maximum             : 4798
   - Minimum             : 4555
   - Stddev              : 15.157808
   - Gini coefficient    : 0.000197
3. Internal Avg Degree   : 5.7970 (Mean of per-block avg)
4. Block Graph Avg Deg   : 14.6094
5. Modularity
   - Unweighted Q        : 0.964387
   - Weighted Q          : 0.969748
==============================================
Internal edges : 3559579
External edges : 116555
Internal ratio : 0.968294
Avg block density : 0.001209
Block graph edges : 1870
Block graph density : 0.057292
Locality score : 30.539646

6. Color Statistics
   Color   Blocks   Nodes   AvgNodesPerBlock
       1       29   139142            4798.00
       2       29   139142            4798.00
       3       29   139142            4798.00
       4       29   139142            4798.00
       5       28   134344            4798.00
       6       28   134101            4789.32
       7       28   134344            4798.00
       8       28   134344            4798.00
       9       28   134344            4798.00

Additional Load Imbalance Metrics
----------------------------------
Max block size / Avg block size   : 1.000198
Max color nodes / Avg color nodes : 1.019733

-------------------------------------------------
thermal2 bs = 512, policy = 1, coloring = 1

==============================================
  Partitioning Evaluation Report
==============================================
1. Total Blocks          : 512
   Total Colors          : 6
2. Nodes per Block
   - Average             : 2398.53
   - Maximum             : 2399
   - Minimum             : 2156
   - Stddev              : 10.728692
   - Gini coefficient    : 0.000197
3. Internal Avg Degree   : 5.7945 (Mean of per-block avg)
4. Block Graph Avg Deg   : 6.8242
5. Modularity
   - Unweighted Q        : 0.965945
   - Weighted Q          : 0.967539
==============================================
Internal edges : 3558125
External edges : 118009
Internal ratio : 0.967899
Avg block density : 0.002417
Block graph edges : 1747
Block graph density : 0.013355
Locality score : 30.151047

6. Color Statistics
   Color   Blocks   Nodes   AvgNodesPerBlock
       1      118   283082            2399.00
       2      115   275885            2399.00
       3      107   256450            2396.73
       4       96   230304            2399.00
       5       69   165531            2399.00
       6        7   16793            2399.00

Additional Load Imbalance Metrics
----------------------------------
Max block size / Avg block size   : 1.000198
Max color nodes / Avg color nodes : 1.383086

-------------------------------------------------
thermal2 bs = 512, policy = 1, coloring = 2

==============================================
  Partitioning Evaluation Report
==============================================
1. Total Blocks          : 512
   Total Colors          : 6
2. Nodes per Block
   - Average             : 2398.53
   - Maximum             : 2399
   - Minimum             : 2156
   - Stddev              : 10.728692
   - Gini coefficient    : 0.000197
3. Internal Avg Degree   : 5.7945 (Mean of per-block avg)
4. Block Graph Avg Deg   : 6.8242
5. Modularity
   - Unweighted Q        : 0.965945
   - Weighted Q          : 0.967539
==============================================
Internal edges : 3558125
External edges : 118009
Internal ratio : 0.967899
Avg block density : 0.002417
Block graph edges : 1747
Block graph density : 0.013355
Locality score : 30.151047

6. Color Statistics
   Color   Blocks   Nodes   AvgNodesPerBlock
       1       86   206314            2399.00
       2       86   206314            2399.00
       3       85   203672            2396.14
       4       85   203915            2399.00
       5       85   203915            2399.00
       6       85   203915            2399.00

Additional Load Imbalance Metrics
----------------------------------
Max block size / Avg block size   : 1.000198
Max color nodes / Avg color nodes : 1.008012

-------------------------------------------------
thermal2 bs = 512, policy = 1, coloring = 3

==============================================
  Partitioning Evaluation Report
==============================================
1. Total Blocks          : 512
   Total Colors          : 6
2. Nodes per Block
   - Average             : 2398.53
   - Maximum             : 2399
   - Minimum             : 2156
   - Stddev              : 10.728692
   - Gini coefficient    : 0.000197
3. Internal Avg Degree   : 5.7945 (Mean of per-block avg)
4. Block Graph Avg Deg   : 6.8242
5. Modularity
   - Unweighted Q        : 0.965945
   - Weighted Q          : 0.967539
==============================================
Internal edges : 3558125
External edges : 118009
Internal ratio : 0.967899
Avg block density : 0.002417
Block graph edges : 1747
Block graph density : 0.013355
Locality score : 30.151047

6. Color Statistics
   Color   Blocks   Nodes   AvgNodesPerBlock
       1       86   206314            2399.00
       2       86   206314            2399.00
       3       85   203915            2399.00
       4       85   203672            2396.14
       5       85   203915            2399.00
       6       85   203915            2399.00

Additional Load Imbalance Metrics
----------------------------------
Max block size / Avg block size   : 1.000198
Max color nodes / Avg color nodes : 1.008012

-------------------------------------------------
thermal2 bs = 512, policy = 2, coloring = 1

==============================================
  Partitioning Evaluation Report
==============================================
1. Total Blocks          : 512
   Total Colors          : 8
2. Nodes per Block
   - Average             : 2398.53
   - Maximum             : 2399
   - Minimum             : 2156
   - Stddev              : 10.728692
   - Gini coefficient    : 0.000197
3. Internal Avg Degree   : 5.7142 (Mean of per-block avg)
4. Block Graph Avg Deg   : 11.9922
5. Modularity
   - Unweighted Q        : 0.952605
   - Weighted Q          : 0.952279
==============================================
Internal edges : 3509084
External edges : 167050
Internal ratio : 0.954558
Avg block density : 0.002383
Block graph edges : 3070
Block graph density : 0.023468
Locality score : 21.006064

6. Color Statistics
   Color   Blocks   Nodes   AvgNodesPerBlock
       1       89   213511            2399.00
       2       87   208713            2399.00
       3       82   196718            2399.00
       4       81   194319            2399.00
       5       75   179925            2399.00
       6       46   110354            2399.00
       7       43   102914            2393.35
       8        9   21591            2399.00

Additional Load Imbalance Metrics
----------------------------------
Max block size / Avg block size   : 1.000198
Max color nodes / Avg color nodes : 1.390900

-------------------------------------------------
thermal2 bs = 512, policy = 2, coloring = 2

==============================================
  Partitioning Evaluation Report
==============================================
1. Total Blocks          : 512
   Total Colors          : 9
2. Nodes per Block
   - Average             : 2398.53
   - Maximum             : 2399
   - Minimum             : 2156
   - Stddev              : 10.728692
   - Gini coefficient    : 0.000197
3. Internal Avg Degree   : 5.7142 (Mean of per-block avg)
4. Block Graph Avg Deg   : 11.9922
5. Modularity
   - Unweighted Q        : 0.952605
   - Weighted Q          : 0.952279
==============================================
Internal edges : 3509084
External edges : 167050
Internal ratio : 0.954558
Avg block density : 0.002383
Block graph edges : 3070
Block graph density : 0.023468
Locality score : 21.006064

6. Color Statistics
   Color   Blocks   Nodes   AvgNodesPerBlock
       1       59   141541            2399.00
       2       59   141541            2399.00
       3       59   141541            2399.00
       4       59   141541            2399.00
       5       59   141541            2399.00
       6       58   139142            2399.00
       7       58   139142            2399.00
       8       58   139142            2399.00
       9       43   102914            2393.35

Additional Load Imbalance Metrics
----------------------------------
Max block size / Avg block size   : 1.000198
Max color nodes / Avg color nodes : 1.037315

-------------------------------------------------
thermal2 bs = 512, policy = 2, coloring = 3

==============================================
  Partitioning Evaluation Report
==============================================
1. Total Blocks          : 512
   Total Colors          : 8
2. Nodes per Block
   - Average             : 2398.53
   - Maximum             : 2399
   - Minimum             : 2156
   - Stddev              : 10.728692
   - Gini coefficient    : 0.000197
3. Internal Avg Degree   : 5.7142 (Mean of per-block avg)
4. Block Graph Avg Deg   : 11.9922
5. Modularity
   - Unweighted Q        : 0.952605
   - Weighted Q          : 0.952279
==============================================
Internal edges : 3509084
External edges : 167050
Internal ratio : 0.954558
Avg block density : 0.002383
Block graph edges : 3070
Block graph density : 0.023468
Locality score : 21.006064

6. Color Statistics
   Color   Blocks   Nodes   AvgNodesPerBlock
       1       67   160733            2399.00
       2       67   160733            2399.00
       3       67   160733            2399.00
       4       67   160733            2399.00
       5       67   160733            2399.00
       6       67   160733            2399.00
       7       67   160733            2399.00
       8       43   102914            2393.35

Additional Load Imbalance Metrics
----------------------------------
Max block size / Avg block size   : 1.000198
Max color nodes / Avg color nodes : 1.047082

-------------------------------------------------
thermal2 bs = 512, policy = 3, coloring = 1

==============================================
  Partitioning Evaluation Report
==============================================
1. Total Blocks          : 512
   Total Colors          : 8
2. Nodes per Block
   - Average             : 2398.53
   - Maximum             : 2399
   - Minimum             : 2156
   - Stddev              : 10.728692
   - Gini coefficient    : 0.000197
3. Internal Avg Degree   : 5.7365 (Mean of per-block avg)
4. Block Graph Avg Deg   : 13.3398
5. Modularity
   - Unweighted Q        : 0.956253
   - Weighted Q          : 0.963211
==============================================
Internal edges : 3522496
External edges : 153638
Internal ratio : 0.958207
Avg block density : 0.002393
Block graph edges : 3415
Block graph density : 0.026105
Locality score : 22.927095

6. Color Statistics
   Color   Blocks   Nodes   AvgNodesPerBlock
       1       84   201516            2399.00
       2       83   199117            2399.00
       3       78   187122            2399.00
       4       74   177526            2399.00
       5       73   174884            2395.67
       6       61   146339            2399.00
       7       48   115152            2399.00
       8       11   26389            2399.00

Additional Load Imbalance Metrics
----------------------------------
Max block size / Avg block size   : 1.000198
Max color nodes / Avg color nodes : 1.312760

-------------------------------------------------
thermal2 bs = 512, policy = 3, coloring = 2

==============================================
  Partitioning Evaluation Report
==============================================
1. Total Blocks          : 512
   Total Colors          : 9
2. Nodes per Block
   - Average             : 2398.53
   - Maximum             : 2399
   - Minimum             : 2156
   - Stddev              : 10.728692
   - Gini coefficient    : 0.000197
3. Internal Avg Degree   : 5.7365 (Mean of per-block avg)
4. Block Graph Avg Deg   : 13.3398
5. Modularity
   - Unweighted Q        : 0.956253
   - Weighted Q          : 0.963211
==============================================
Internal edges : 3522496
External edges : 153638
Internal ratio : 0.958207
Avg block density : 0.002393
Block graph edges : 3415
Block graph density : 0.026105
Locality score : 22.927095

6. Color Statistics
   Color   Blocks   Nodes   AvgNodesPerBlock
       1       58   139142            2399.00
       2       57   136743            2399.00
       3       57   136743            2399.00
       4       57   136500            2394.74
       5       57   136743            2399.00
       6       57   136743            2399.00
       7       57   136743            2399.00
       8       56   134344            2399.00
       9       56   134344            2399.00

Additional Load Imbalance Metrics
----------------------------------
Max block size / Avg block size   : 1.000198
Max color nodes / Avg color nodes : 1.019733

-------------------------------------------------
thermal2 bs = 512, policy = 3, coloring = 3

==============================================
  Partitioning Evaluation Report
==============================================
1. Total Blocks          : 512
   Total Colors          : 8
2. Nodes per Block
   - Average             : 2398.53
   - Maximum             : 2399
   - Minimum             : 2156
   - Stddev              : 10.728692
   - Gini coefficient    : 0.000197
3. Internal Avg Degree   : 5.7365 (Mean of per-block avg)
4. Block Graph Avg Deg   : 13.3398
5. Modularity
   - Unweighted Q        : 0.956253
   - Weighted Q          : 0.963211
==============================================
Internal edges : 3522496
External edges : 153638
Internal ratio : 0.958207
Avg block density : 0.002393
Block graph edges : 3415
Block graph density : 0.026105
Locality score : 22.927095

6. Color Statistics
   Color   Blocks   Nodes   AvgNodesPerBlock
       1       65   155935            2399.00
       2       65   155935            2399.00
       3       65   155935            2399.00
       4       64   153293            2395.20
       5       64   153536            2399.00
       6       64   153536            2399.00
       7       64   153536            2399.00
       8       61   146339            2399.00

Additional Load Imbalance Metrics
----------------------------------
Max block size / Avg block size   : 1.000198
Max color nodes / Avg color nodes : 1.015826

-------------------------------------------------
thermal2 bs = 1024, policy = 1, coloring = 1

==============================================
  Partitioning Evaluation Report
==============================================
1. Total Blocks          : 1024
   Total Colors          : 6
2. Nodes per Block
   - Average             : 1199.26
   - Maximum             : 1200
   - Minimum             : 445
   - Stddev              : 23.582227
   - Gini coefficient    : 0.000614
3. Internal Avg Degree   : 5.7101 (Mean of per-block avg)
4. Block Graph Avg Deg   : 6.8535
5. Modularity
   - Unweighted Q        : 0.953258
   - Weighted Q          : 0.955542
==============================================
Internal edges : 3507898
External edges : 168236
Internal ratio : 0.954236
Avg block density : 0.004764
Block graph edges : 3509
Block graph density : 0.006699
Locality score : 20.850931

6. Color Statistics
   Color   Blocks   Nodes   AvgNodesPerBlock
       1      239   286800            1200.00
       2      225   270000            1200.00
       3      222   265645            1196.60
       4      196   235200            1200.00
       5      123   147600            1200.00
       6       19   22800            1200.00

Additional Load Imbalance Metrics
----------------------------------
Max block size / Avg block size   : 1.000615
Max color nodes / Avg color nodes : 1.401252

-------------------------------------------------
thermal2 bs = 1024, policy = 1, coloring = 2

==============================================
  Partitioning Evaluation Report
==============================================
1. Total Blocks          : 1024
   Total Colors          : 7
2. Nodes per Block
   - Average             : 1199.26
   - Maximum             : 1200
   - Minimum             : 445
   - Stddev              : 23.582227
   - Gini coefficient    : 0.000614
3. Internal Avg Degree   : 5.7101 (Mean of per-block avg)
4. Block Graph Avg Deg   : 6.8535
5. Modularity
   - Unweighted Q        : 0.953258
   - Weighted Q          : 0.955542
==============================================
Internal edges : 3507898
External edges : 168236
Internal ratio : 0.954236
Avg block density : 0.004764
Block graph edges : 3509
Block graph density : 0.006699
Locality score : 20.850931

6. Color Statistics
   Color   Blocks   Nodes   AvgNodesPerBlock
       1      147   176400            1200.00
       2      147   176400            1200.00
       3      146   174445            1194.83
       4      146   175200            1200.00
       5      146   175200            1200.00
       6      146   175200            1200.00
       7      146   175200            1200.00

Additional Load Imbalance Metrics
----------------------------------
Max block size / Avg block size   : 1.000615
Max color nodes / Avg color nodes : 1.005501

-------------------------------------------------
thermal2 bs = 1024, policy = 1, coloring = 3

==============================================
  Partitioning Evaluation Report
==============================================
1. Total Blocks          : 1024
   Total Colors          : 6
2. Nodes per Block
   - Average             : 1199.26
   - Maximum             : 1200
   - Minimum             : 445
   - Stddev              : 23.582227
   - Gini coefficient    : 0.000614
3. Internal Avg Degree   : 5.7101 (Mean of per-block avg)
4. Block Graph Avg Deg   : 6.8535
5. Modularity
   - Unweighted Q        : 0.953258
   - Weighted Q          : 0.955542
==============================================
Internal edges : 3507898
External edges : 168236
Internal ratio : 0.954236
Avg block density : 0.004764
Block graph edges : 3509
Block graph density : 0.006699
Locality score : 20.850931

6. Color Statistics
   Color   Blocks   Nodes   AvgNodesPerBlock
       1      171   205200            1200.00
       2      171   204445            1195.58
       3      171   205200            1200.00
       4      171   205200            1200.00
       5      170   204000            1200.00
       6      170   204000            1200.00

Additional Load Imbalance Metrics
----------------------------------
Max block size / Avg block size   : 1.000615
Max color nodes / Avg color nodes : 1.002569

-------------------------------------------------
thermal2 bs = 1024, policy = 2, coloring = 1

==============================================
  Partitioning Evaluation Report
==============================================
1. Total Blocks          : 1024
   Total Colors          : 8
2. Nodes per Block
   - Average             : 1199.26
   - Maximum             : 1200
   - Minimum             : 445
   - Stddev              : 23.582227
   - Gini coefficient    : 0.000614
3. Internal Avg Degree   : 5.6275 (Mean of per-block avg)
4. Block Graph Avg Deg   : 12.0820
5. Modularity
   - Unweighted Q        : 0.939467
   - Weighted Q          : 0.938958
==============================================
Internal edges : 3457198
External edges : 218936
Internal ratio : 0.940444
Avg block density : 0.004695
Block graph edges : 6186
Block graph density : 0.011810
Locality score : 15.790835

6. Color Statistics
   Color   Blocks   Nodes   AvgNodesPerBlock
       1      186   223200            1200.00
       2      182   218400            1200.00
       3      172   206400            1200.00
       4      149   178800            1200.00
       5      145   173245            1194.79
       6      104   124800            1200.00
       7       76   91200            1200.00
       8       10   12000            1200.00

Additional Load Imbalance Metrics
----------------------------------
Max block size / Avg block size   : 1.000615
Max color nodes / Avg color nodes : 1.454018

-------------------------------------------------
thermal2 bs = 1024, policy = 2, coloring = 2

==============================================
  Partitioning Evaluation Report
==============================================
1. Total Blocks          : 1024
   Total Colors          : 9
2. Nodes per Block
   - Average             : 1199.26
   - Maximum             : 1200
   - Minimum             : 445
   - Stddev              : 23.582227
   - Gini coefficient    : 0.000614
3. Internal Avg Degree   : 5.6275 (Mean of per-block avg)
4. Block Graph Avg Deg   : 12.0820
5. Modularity
   - Unweighted Q        : 0.939467
   - Weighted Q          : 0.938958
==============================================
Internal edges : 3457198
External edges : 218936
Internal ratio : 0.940444
Avg block density : 0.004695
Block graph edges : 6186
Block graph density : 0.011810
Locality score : 15.790835

6. Color Statistics
   Color   Blocks   Nodes   AvgNodesPerBlock
       1      115   137245            1193.43
       2      115   138000            1200.00
       3      115   138000            1200.00
       4      115   138000            1200.00
       5      115   138000            1200.00
       6      115   138000            1200.00
       7      114   136800            1200.00
       8      114   136800            1200.00
       9      106   127200            1200.00

Additional Load Imbalance Metrics
----------------------------------
Max block size / Avg block size   : 1.000615
Max color nodes / Avg color nodes : 1.011364

-------------------------------------------------
thermal2 bs = 1024, policy = 2, coloring = 3

==============================================
  Partitioning Evaluation Report
==============================================
1. Total Blocks          : 1024
   Total Colors          : 8
2. Nodes per Block
   - Average             : 1199.26
   - Maximum             : 1200
   - Minimum             : 445
   - Stddev              : 23.582227
   - Gini coefficient    : 0.000614
3. Internal Avg Degree   : 5.6275 (Mean of per-block avg)
4. Block Graph Avg Deg   : 12.0820
5. Modularity
   - Unweighted Q        : 0.939467
   - Weighted Q          : 0.938958
==============================================
Internal edges : 3457198
External edges : 218936
Internal ratio : 0.940444
Avg block density : 0.004695
Block graph edges : 6186
Block graph density : 0.011810
Locality score : 15.790835

6. Color Statistics
   Color   Blocks   Nodes   AvgNodesPerBlock
       1      132   158400            1200.00
       2      132   158400            1200.00
       3      132   158400            1200.00
       4      131   156445            1194.24
       5      131   157200            1200.00
       6      131   157200            1200.00
       7      131   157200            1200.00
       8      104   124800            1200.00

Additional Load Imbalance Metrics
----------------------------------
Max block size / Avg block size   : 1.000615
Max color nodes / Avg color nodes : 1.031884

-------------------------------------------------
thermal2 bs = 1024, policy = 3, coloring = 1

==============================================
  Partitioning Evaluation Report
==============================================
1. Total Blocks          : 1024
   Total Colors          : 8
2. Nodes per Block
   - Average             : 1199.26
   - Maximum             : 1200
   - Minimum             : 445
   - Stddev              : 23.582227
   - Gini coefficient    : 0.000614
3. Internal Avg Degree   : 5.6534 (Mean of per-block avg)
4. Block Graph Avg Deg   : 11.9727
5. Modularity
   - Unweighted Q        : 0.943818
   - Weighted Q          : 0.952932
==============================================
Internal edges : 3473196
External edges : 202938
Internal ratio : 0.944796
Avg block density : 0.004716
Block graph edges : 6130
Block graph density : 0.011703
Locality score : 17.114483

6. Color Statistics
   Color   Blocks   Nodes   AvgNodesPerBlock
       1      181   217200            1200.00
       2      180   216000            1200.00
       3      159   190800            1200.00
       4      159   190800            1200.00
       5      146   175200            1200.00
       6      137   163645            1194.49
       7       57   68400            1200.00
       8        5    6000            1200.00

Additional Load Imbalance Metrics
----------------------------------
Max block size / Avg block size   : 1.000615
Max color nodes / Avg color nodes : 1.414932

-------------------------------------------------
thermal2 bs = 1024, policy = 3, coloring = 2

==============================================
  Partitioning Evaluation Report
==============================================
1. Total Blocks          : 1024
   Total Colors          : 9
2. Nodes per Block
   - Average             : 1199.26
   - Maximum             : 1200
   - Minimum             : 445
   - Stddev              : 23.582227
   - Gini coefficient    : 0.000614
3. Internal Avg Degree   : 5.6534 (Mean of per-block avg)
4. Block Graph Avg Deg   : 11.9727
5. Modularity
   - Unweighted Q        : 0.943818
   - Weighted Q          : 0.952932
==============================================
Internal edges : 3473196
External edges : 202938
Internal ratio : 0.944796
Avg block density : 0.004716
Block graph edges : 6130
Block graph density : 0.011703
Locality score : 17.114483

6. Color Statistics
   Color   Blocks   Nodes   AvgNodesPerBlock
       1      114   136045            1193.38
       2      114   136800            1200.00
       3      114   136800            1200.00
       4      114   136800            1200.00
       5      114   136800            1200.00
       6      114   136800            1200.00
       7      114   136800            1200.00
       8      113   135600            1200.00
       9      113   135600            1200.00

Additional Load Imbalance Metrics
----------------------------------
Max block size / Avg block size   : 1.000615
Max color nodes / Avg color nodes : 1.002569

-------------------------------------------------
thermal2 bs = 1024, policy = 3, coloring = 3

==============================================
  Partitioning Evaluation Report
==============================================
1. Total Blocks          : 1024
   Total Colors          : 8
2. Nodes per Block
   - Average             : 1199.26
   - Maximum             : 1200
   - Minimum             : 445
   - Stddev              : 23.582227
   - Gini coefficient    : 0.000614
3. Internal Avg Degree   : 5.6534 (Mean of per-block avg)
4. Block Graph Avg Deg   : 11.9727
5. Modularity
   - Unweighted Q        : 0.943818
   - Weighted Q          : 0.952932
==============================================
Internal edges : 3473196
External edges : 202938
Internal ratio : 0.944796
Avg block density : 0.004716
Block graph edges : 6130
Block graph density : 0.011703
Locality score : 17.114483

6. Color Statistics
   Color   Blocks   Nodes   AvgNodesPerBlock
       1      128   152845            1194.10
       2      128   153600            1200.00
       3      128   153600            1200.00
       4      128   153600            1200.00
       5      128   153600            1200.00
       6      128   153600            1200.00
       7      128   153600            1200.00
       8      128   153600            1200.00

Additional Load Imbalance Metrics
----------------------------------
Max block size / Avg block size   : 1.000615
Max color nodes / Avg color nodes : 1.000615

-------------------------------------------------
tmt_sym bs = 32, policy = 1, coloring = 1

==============================================
  Partitioning Evaluation Report
==============================================
1. Total Blocks          : 32
   Total Colors          : 4
2. Nodes per Block
   - Average             : 22709.78
   - Maximum             : 22710
   - Minimum             : 22703
   - Stddev              : 1.217948
   - Gini coefficient    : 0.000009
3. Internal Avg Degree   : 5.9364 (Mean of per-block avg)
4. Block Graph Avg Deg   : 4.9375
5. Modularity
   - Unweighted Q        : 0.959524
   - Weighted Q          : 0.961203
==============================================
Internal edges : 2157039
External edges : 20085
Internal ratio : 0.990775
Avg block density : 0.000261
Block graph edges : 79
Block graph density : 0.159274
Locality score : 107.390172

6. Color Statistics
   Color   Blocks   Nodes   AvgNodesPerBlock
       1        9   204390           22710.00
       2        9   204383           22709.22
       3        9   204390           22710.00
       4        5   113550           22710.00

Additional Load Imbalance Metrics
----------------------------------
Max block size / Avg block size   : 1.000010
Max color nodes / Avg color nodes : 1.125011

-------------------------------------------------
tmt_sym bs = 32, policy = 1, coloring = 2

==============================================
  Partitioning Evaluation Report
==============================================
1. Total Blocks          : 32
   Total Colors          : 4
2. Nodes per Block
   - Average             : 22709.78
   - Maximum             : 22710
   - Minimum             : 22703
   - Stddev              : 1.217948
   - Gini coefficient    : 0.000009
3. Internal Avg Degree   : 5.9364 (Mean of per-block avg)
4. Block Graph Avg Deg   : 4.9375
5. Modularity
   - Unweighted Q        : 0.959524
   - Weighted Q          : 0.961203
==============================================
Internal edges : 2157039
External edges : 20085
Internal ratio : 0.990775
Avg block density : 0.000261
Block graph edges : 79
Block graph density : 0.159274
Locality score : 107.390172

6. Color Statistics
   Color   Blocks   Nodes   AvgNodesPerBlock
       1        9   204390           22710.00
       2        8   181673           22709.12
       3        8   181680           22710.00
       4        7   158970           22710.00

Additional Load Imbalance Metrics
----------------------------------
Max block size / Avg block size   : 1.000010
Max color nodes / Avg color nodes : 1.125011

-------------------------------------------------
tmt_sym bs = 32, policy = 1, coloring = 3

==============================================
  Partitioning Evaluation Report
==============================================
1. Total Blocks          : 32
   Total Colors          : 4
2. Nodes per Block
   - Average             : 22709.78
   - Maximum             : 22710
   - Minimum             : 22703
   - Stddev              : 1.217948
   - Gini coefficient    : 0.000009
3. Internal Avg Degree   : 5.9364 (Mean of per-block avg)
4. Block Graph Avg Deg   : 4.9375
5. Modularity
   - Unweighted Q        : 0.959524
   - Weighted Q          : 0.961203
==============================================
Internal edges : 2157039
External edges : 20085
Internal ratio : 0.990775
Avg block density : 0.000261
Block graph edges : 79
Block graph density : 0.159274
Locality score : 107.390172

6. Color Statistics
   Color   Blocks   Nodes   AvgNodesPerBlock
       1        8   181680           22710.00
       2        8   181673           22709.12
       3        8   181680           22710.00
       4        8   181680           22710.00

Additional Load Imbalance Metrics
----------------------------------
Max block size / Avg block size   : 1.000010
Max color nodes / Avg color nodes : 1.000010

-------------------------------------------------
tmt_sym bs = 32, policy = 2, coloring = 1

==============================================
  Partitioning Evaluation Report
==============================================
1. Total Blocks          : 32
   Total Colors          : 5
2. Nodes per Block
   - Average             : 22709.78
   - Maximum             : 22710
   - Minimum             : 22703
   - Stddev              : 1.217948
   - Gini coefficient    : 0.000009
3. Internal Avg Degree   : 5.9309 (Mean of per-block avg)
4. Block Graph Avg Deg   : 5.4375
5. Modularity
   - Unweighted Q        : 0.958609
   - Weighted Q          : 0.958717
==============================================
Internal edges : 2155047
External edges : 22077
Internal ratio : 0.989860
Avg block density : 0.000261
Block graph edges : 87
Block graph density : 0.175403
Locality score : 97.610608

6. Color Statistics
   Color   Blocks   Nodes   AvgNodesPerBlock
       1        9   204390           22710.00
       2        8   181673           22709.12
       3        7   158970           22710.00
       4        7   158970           22710.00
       5        1   22710           22710.00

Additional Load Imbalance Metrics
----------------------------------
Max block size / Avg block size   : 1.000010
Max color nodes / Avg color nodes : 1.406264

-------------------------------------------------
tmt_sym bs = 32, policy = 2, coloring = 2

==============================================
  Partitioning Evaluation Report
==============================================
1. Total Blocks          : 32
   Total Colors          : 4
2. Nodes per Block
   - Average             : 22709.78
   - Maximum             : 22710
   - Minimum             : 22703
   - Stddev              : 1.217948
   - Gini coefficient    : 0.000009
3. Internal Avg Degree   : 5.9309 (Mean of per-block avg)
4. Block Graph Avg Deg   : 5.4375
5. Modularity
   - Unweighted Q        : 0.958609
   - Weighted Q          : 0.958717
==============================================
Internal edges : 2155047
External edges : 22077
Internal ratio : 0.989860
Avg block density : 0.000261
Block graph edges : 87
Block graph density : 0.175403
Locality score : 97.610608

6. Color Statistics
   Color   Blocks   Nodes   AvgNodesPerBlock
       1        8   181680           22710.00
       2        8   181680           22710.00
       3        8   181673           22709.12
       4        8   181680           22710.00

Additional Load Imbalance Metrics
----------------------------------
Max block size / Avg block size   : 1.000010
Max color nodes / Avg color nodes : 1.000010

-------------------------------------------------
tmt_sym bs = 32, policy = 2, coloring = 3

==============================================
  Partitioning Evaluation Report
==============================================
1. Total Blocks          : 32
   Total Colors          : 5
2. Nodes per Block
   - Average             : 22709.78
   - Maximum             : 22710
   - Minimum             : 22703
   - Stddev              : 1.217948
   - Gini coefficient    : 0.000009
3. Internal Avg Degree   : 5.9309 (Mean of per-block avg)
4. Block Graph Avg Deg   : 5.4375
5. Modularity
   - Unweighted Q        : 0.958609
   - Weighted Q          : 0.958717
==============================================
Internal edges : 2155047
External edges : 22077
Internal ratio : 0.989860
Avg block density : 0.000261
Block graph edges : 87
Block graph density : 0.175403
Locality score : 97.610608

6. Color Statistics
   Color   Blocks   Nodes   AvgNodesPerBlock
       1        7   158963           22709.00
       2        7   158970           22710.00
       3        6   136260           22710.00
       4        6   136260           22710.00
       5        6   136260           22710.00

Additional Load Imbalance Metrics
----------------------------------
Max block size / Avg block size   : 1.000010
Max color nodes / Avg color nodes : 1.093761

-------------------------------------------------
tmt_sym bs = 32, policy = 3, coloring = 1

==============================================
  Partitioning Evaluation Report
==============================================
1. Total Blocks          : 32
   Total Colors          : 5
2. Nodes per Block
   - Average             : 22709.78
   - Maximum             : 22710
   - Minimum             : 22703
   - Stddev              : 1.217948
   - Gini coefficient    : 0.000009
3. Internal Avg Degree   : 5.9366 (Mean of per-block avg)
4. Block Graph Avg Deg   : 6.0000
5. Modularity
   - Unweighted Q        : 0.959553
   - Weighted Q          : 0.961844
==============================================
Internal edges : 2157101
External edges : 20023
Internal ratio : 0.990803
Avg block density : 0.000261
Block graph edges : 96
Block graph density : 0.193548
Locality score : 107.725779

6. Color Statistics
   Color   Blocks   Nodes   AvgNodesPerBlock
       1        8   181680           22710.00
       2        7   158970           22710.00
       3        7   158970           22710.00
       4        7   158963           22709.00
       5        3   68130           22710.00

Additional Load Imbalance Metrics
----------------------------------
Max block size / Avg block size   : 1.000010
Max color nodes / Avg color nodes : 1.250012

-------------------------------------------------
tmt_sym bs = 32, policy = 3, coloring = 2

==============================================
  Partitioning Evaluation Report
==============================================
1. Total Blocks          : 32
   Total Colors          : 6
2. Nodes per Block
   - Average             : 22709.78
   - Maximum             : 22710
   - Minimum             : 22703
   - Stddev              : 1.217948
   - Gini coefficient    : 0.000009
3. Internal Avg Degree   : 5.9366 (Mean of per-block avg)
4. Block Graph Avg Deg   : 6.0000
5. Modularity
   - Unweighted Q        : 0.959553
   - Weighted Q          : 0.961844
==============================================
Internal edges : 2157101
External edges : 20023
Internal ratio : 0.990803
Avg block density : 0.000261
Block graph edges : 96
Block graph density : 0.193548
Locality score : 107.725779

6. Color Statistics
   Color   Blocks   Nodes   AvgNodesPerBlock
       1        6   136260           22710.00
       2        6   136260           22710.00
       3        6   136260           22710.00
       4        6   136253           22708.83
       5        5   113550           22710.00
       6        3   68130           22710.00

Additional Load Imbalance Metrics
----------------------------------
Max block size / Avg block size   : 1.000010
Max color nodes / Avg color nodes : 1.125011

-------------------------------------------------
tmt_sym bs = 32, policy = 3, coloring = 3

==============================================
  Partitioning Evaluation Report
==============================================
1. Total Blocks          : 32
   Total Colors          : 5
2. Nodes per Block
   - Average             : 22709.78
   - Maximum             : 22710
   - Minimum             : 22703
   - Stddev              : 1.217948
   - Gini coefficient    : 0.000009
3. Internal Avg Degree   : 5.9366 (Mean of per-block avg)
4. Block Graph Avg Deg   : 6.0000
5. Modularity
   - Unweighted Q        : 0.959553
   - Weighted Q          : 0.961844
==============================================
Internal edges : 2157101
External edges : 20023
Internal ratio : 0.990803
Avg block density : 0.000261
Block graph edges : 96
Block graph density : 0.193548
Locality score : 107.725779

6. Color Statistics
   Color   Blocks   Nodes   AvgNodesPerBlock
       1        7   158970           22710.00
       2        7   158963           22709.00
       3        6   136260           22710.00
       4        6   136260           22710.00
       5        6   136260           22710.00

Additional Load Imbalance Metrics
----------------------------------
Max block size / Avg block size   : 1.000010
Max color nodes / Avg color nodes : 1.093761

-------------------------------------------------
tmt_sym bs = 64, policy = 1, coloring = 1

==============================================
  Partitioning Evaluation Report
==============================================
1. Total Blocks          : 64
   Total Colors          : 5
2. Nodes per Block
   - Average             : 11354.89
   - Maximum             : 11355
   - Minimum             : 11348
   - Stddev              : 0.868137
   - Gini coefficient    : 0.000009
3. Internal Avg Degree   : 5.9111 (Mean of per-block avg)
4. Block Graph Avg Deg   : 5.2188
5. Modularity
   - Unweighted Q        : 0.970916
   - Weighted Q          : 0.973301
==============================================
Internal edges : 2147822
External edges : 29302
Internal ratio : 0.986541
Avg block density : 0.000521
Block graph edges : 167
Block graph density : 0.082837
Locality score : 73.297000

6. Color Statistics
   Color   Blocks   Nodes   AvgNodesPerBlock
       1       17   193028           11354.59
       2       16   181680           11355.00
       3       15   170325           11355.00
       4       13   147615           11355.00
       5        3   34065           11355.00

Additional Load Imbalance Metrics
----------------------------------
Max block size / Avg block size   : 1.000010
Max color nodes / Avg color nodes : 1.328090

-------------------------------------------------
tmt_sym bs = 64, policy = 1, coloring = 2

==============================================
  Partitioning Evaluation Report
==============================================
1. Total Blocks          : 64
   Total Colors          : 6
2. Nodes per Block
   - Average             : 11354.89
   - Maximum             : 11355
   - Minimum             : 11348
   - Stddev              : 0.868137
   - Gini coefficient    : 0.000009
3. Internal Avg Degree   : 5.9111 (Mean of per-block avg)
4. Block Graph Avg Deg   : 5.2188
5. Modularity
   - Unweighted Q        : 0.970916
   - Weighted Q          : 0.973301
==============================================
Internal edges : 2147822
External edges : 29302
Internal ratio : 0.986541
Avg block density : 0.000521
Block graph edges : 167
Block graph density : 0.082837
Locality score : 73.297000

6. Color Statistics
   Color   Blocks   Nodes   AvgNodesPerBlock
       1       11   124905           11355.00
       2       11   124905           11355.00
       3       11   124905           11355.00
       4       11   124898           11354.36
       5       10   113550           11355.00
       6       10   113550           11355.00

Additional Load Imbalance Metrics
----------------------------------
Max block size / Avg block size   : 1.000010
Max color nodes / Avg color nodes : 1.031260

-------------------------------------------------
tmt_sym bs = 64, policy = 1, coloring = 3

==============================================
  Partitioning Evaluation Report
==============================================
1. Total Blocks          : 64
   Total Colors          : 5
2. Nodes per Block
   - Average             : 11354.89
   - Maximum             : 11355
   - Minimum             : 11348
   - Stddev              : 0.868137
   - Gini coefficient    : 0.000009
3. Internal Avg Degree   : 5.9111 (Mean of per-block avg)
4. Block Graph Avg Deg   : 5.2188
5. Modularity
   - Unweighted Q        : 0.970916
   - Weighted Q          : 0.973301
==============================================
Internal edges : 2147822
External edges : 29302
Internal ratio : 0.986541
Avg block density : 0.000521
Block graph edges : 167
Block graph density : 0.082837
Locality score : 73.297000

6. Color Statistics
   Color   Blocks   Nodes   AvgNodesPerBlock
       1       13   147615           11355.00
       2       13   147615           11355.00
       3       13   147615           11355.00
       4       13   147608           11354.46
       5       12   136260           11355.00

Additional Load Imbalance Metrics
----------------------------------
Max block size / Avg block size   : 1.000010
Max color nodes / Avg color nodes : 1.015635

-------------------------------------------------
tmt_sym bs = 64, policy = 2, coloring = 1

==============================================
  Partitioning Evaluation Report
==============================================
1. Total Blocks          : 64
   Total Colors          : 5
2. Nodes per Block
   - Average             : 11354.89
   - Maximum             : 11355
   - Minimum             : 11348
   - Stddev              : 0.868137
   - Gini coefficient    : 0.000009
3. Internal Avg Degree   : 5.9054 (Mean of per-block avg)
4. Block Graph Avg Deg   : 5.9062
5. Modularity
   - Unweighted Q        : 0.969977
   - Weighted Q          : 0.970054
==============================================
Internal edges : 2145778
External edges : 31346
Internal ratio : 0.985602
Avg block density : 0.000520
Block graph edges : 189
Block graph density : 0.093750
Locality score : 68.452420

6. Color Statistics
   Color   Blocks   Nodes   AvgNodesPerBlock
       1       17   193035           11355.00
       2       15   170325           11355.00
       3       14   158970           11355.00
       4       13   147608           11354.46
       5        5   56775           11355.00

Additional Load Imbalance Metrics
----------------------------------
Max block size / Avg block size   : 1.000010
Max color nodes / Avg color nodes : 1.328138

-------------------------------------------------
tmt_sym bs = 64, policy = 2, coloring = 2

==============================================
  Partitioning Evaluation Report
==============================================
1. Total Blocks          : 64
   Total Colors          : 5
2. Nodes per Block
   - Average             : 11354.89
   - Maximum             : 11355
   - Minimum             : 11348
   - Stddev              : 0.868137
   - Gini coefficient    : 0.000009
3. Internal Avg Degree   : 5.9054 (Mean of per-block avg)
4. Block Graph Avg Deg   : 5.9062
5. Modularity
   - Unweighted Q        : 0.969977
   - Weighted Q          : 0.970054
==============================================
Internal edges : 2145778
External edges : 31346
Internal ratio : 0.985602
Avg block density : 0.000520
Block graph edges : 189
Block graph density : 0.093750
Locality score : 68.452420

6. Color Statistics
   Color   Blocks   Nodes   AvgNodesPerBlock
       1       13   147615           11355.00
       2       13   147615           11355.00
       3       13   147615           11355.00
       4       13   147615           11355.00
       5       12   136253           11354.42

Additional Load Imbalance Metrics
----------------------------------
Max block size / Avg block size   : 1.000010
Max color nodes / Avg color nodes : 1.015635

-------------------------------------------------
tmt_sym bs = 64, policy = 2, coloring = 3

==============================================
  Partitioning Evaluation Report
==============================================
1. Total Blocks          : 64
   Total Colors          : 5
2. Nodes per Block
   - Average             : 11354.89
   - Maximum             : 11355
   - Minimum             : 11348
   - Stddev              : 0.868137
   - Gini coefficient    : 0.000009
3. Internal Avg Degree   : 5.9054 (Mean of per-block avg)
4. Block Graph Avg Deg   : 5.9062
5. Modularity
   - Unweighted Q        : 0.969977
   - Weighted Q          : 0.970054
==============================================
Internal edges : 2145778
External edges : 31346
Internal ratio : 0.985602
Avg block density : 0.000520
Block graph edges : 189
Block graph density : 0.093750
Locality score : 68.452420

6. Color Statistics
   Color   Blocks   Nodes   AvgNodesPerBlock
       1       13   147615           11355.00
       2       13   147615           11355.00
       3       13   147615           11355.00
       4       13   147608           11354.46
       5       12   136260           11355.00

Additional Load Imbalance Metrics
----------------------------------
Max block size / Avg block size   : 1.000010
Max color nodes / Avg color nodes : 1.015635

-------------------------------------------------
tmt_sym bs = 64, policy = 3, coloring = 1

==============================================
  Partitioning Evaluation Report
==============================================
1. Total Blocks          : 64
   Total Colors          : 6
2. Nodes per Block
   - Average             : 11354.89
   - Maximum             : 11355
   - Minimum             : 11348
   - Stddev              : 0.868137
   - Gini coefficient    : 0.000009
3. Internal Avg Degree   : 5.9103 (Mean of per-block avg)
4. Block Graph Avg Deg   : 6.8125
5. Modularity
   - Unweighted Q        : 0.970793
   - Weighted Q          : 0.974137
==============================================
Internal edges : 2147554
External edges : 29570
Internal ratio : 0.986418
Avg block density : 0.000521
Block graph edges : 218
Block graph density : 0.108135
Locality score : 72.623652

6. Color Statistics
   Color   Blocks   Nodes   AvgNodesPerBlock
       1       15   170325           11355.00
       2       14   158970           11355.00
       3       13   147615           11355.00
       4       12   136253           11354.42
       5        9   102195           11355.00
       6        1   11355           11355.00

Additional Load Imbalance Metrics
----------------------------------
Max block size / Avg block size   : 1.000010
Max color nodes / Avg color nodes : 1.406264

-------------------------------------------------
tmt_sym bs = 64, policy = 3, coloring = 2

==============================================
  Partitioning Evaluation Report
==============================================
1. Total Blocks          : 64
   Total Colors          : 6
2. Nodes per Block
   - Average             : 11354.89
   - Maximum             : 11355
   - Minimum             : 11348
   - Stddev              : 0.868137
   - Gini coefficient    : 0.000009
3. Internal Avg Degree   : 5.9103 (Mean of per-block avg)
4. Block Graph Avg Deg   : 6.8125
5. Modularity
   - Unweighted Q        : 0.970793
   - Weighted Q          : 0.974137
==============================================
Internal edges : 2147554
External edges : 29570
Internal ratio : 0.986418
Avg block density : 0.000521
Block graph edges : 218
Block graph density : 0.108135
Locality score : 72.623652

6. Color Statistics
   Color   Blocks   Nodes   AvgNodesPerBlock
       1       11   124905           11355.00
       2       11   124898           11354.36
       3       11   124905           11355.00
       4       11   124905           11355.00
       5       10   113550           11355.00
       6       10   113550           11355.00

Additional Load Imbalance Metrics
----------------------------------
Max block size / Avg block size   : 1.000010
Max color nodes / Avg color nodes : 1.031260

-------------------------------------------------
tmt_sym bs = 64, policy = 3, coloring = 3

==============================================
  Partitioning Evaluation Report
==============================================
1. Total Blocks          : 64
   Total Colors          : 6
2. Nodes per Block
   - Average             : 11354.89
   - Maximum             : 11355
   - Minimum             : 11348
   - Stddev              : 0.868137
   - Gini coefficient    : 0.000009
3. Internal Avg Degree   : 5.9103 (Mean of per-block avg)
4. Block Graph Avg Deg   : 6.8125
5. Modularity
   - Unweighted Q        : 0.970793
   - Weighted Q          : 0.974137
==============================================
Internal edges : 2147554
External edges : 29570
Internal ratio : 0.986418
Avg block density : 0.000521
Block graph edges : 218
Block graph density : 0.108135
Locality score : 72.623652

6. Color Statistics
   Color   Blocks   Nodes   AvgNodesPerBlock
       1       11   124905           11355.00
       2       11   124898           11354.36
       3       11   124905           11355.00
       4       11   124905           11355.00
       5       10   113550           11355.00
       6       10   113550           11355.00

Additional Load Imbalance Metrics
----------------------------------
Max block size / Avg block size   : 1.000010
Max color nodes / Avg color nodes : 1.031260

-------------------------------------------------
tmt_sym bs = 128, policy = 1, coloring = 1

==============================================
  Partitioning Evaluation Report
==============================================
1. Total Blocks          : 128
   Total Colors          : 5
2. Nodes per Block
   - Average             : 5677.45
   - Maximum             : 5678
   - Minimum             : 5607
   - Stddev              : 6.251011
   - Gini coefficient    : 0.000097
3. Internal Avg Degree   : 5.8721 (Mean of per-block avg)
4. Block Graph Avg Deg   : 5.5312
5. Modularity
   - Unweighted Q        : 0.972234
   - Weighted Q          : 0.975726
==============================================
Internal edges : 2133684
External edges : 43440
Internal ratio : 0.980047
Avg block density : 0.001034
Block graph edges : 354
Block graph density : 0.043553
Locality score : 49.116825

6. Color Statistics
   Color   Blocks   Nodes   AvgNodesPerBlock
       1       34   193052            5678.00
       2       31   175947            5675.71
       3       30   170340            5678.00
       4       29   164662            5678.00
       5        4   22712            5678.00

Additional Load Imbalance Metrics
----------------------------------
Max block size / Avg block size   : 1.000098
Max color nodes / Avg color nodes : 1.328255

-------------------------------------------------
tmt_sym bs = 128, policy = 1, coloring = 2

==============================================
  Partitioning Evaluation Report
==============================================
1. Total Blocks          : 128
   Total Colors          : 6
2. Nodes per Block
   - Average             : 5677.45
   - Maximum             : 5678
   - Minimum             : 5607
   - Stddev              : 6.251011
   - Gini coefficient    : 0.000097
3. Internal Avg Degree   : 5.8721 (Mean of per-block avg)
4. Block Graph Avg Deg   : 5.5312
5. Modularity
   - Unweighted Q        : 0.972234
   - Weighted Q          : 0.975726
==============================================
Internal edges : 2133684
External edges : 43440
Internal ratio : 0.980047
Avg block density : 0.001034
Block graph edges : 354
Block graph density : 0.043553
Locality score : 49.116825

6. Color Statistics
   Color   Blocks   Nodes   AvgNodesPerBlock
       1       22   124845            5674.77
       2       22   124916            5678.00
       3       22   124916            5678.00
       4       21   119238            5678.00
       5       21   119238            5678.00
       6       20   113560            5678.00

Additional Load Imbalance Metrics
----------------------------------
Max block size / Avg block size   : 1.000098
Max color nodes / Avg color nodes : 1.031351

-------------------------------------------------
tmt_sym bs = 128, policy = 1, coloring = 3

==============================================
  Partitioning Evaluation Report
==============================================
1. Total Blocks          : 128
   Total Colors          : 5
2. Nodes per Block
   - Average             : 5677.45
   - Maximum             : 5678
   - Minimum             : 5607
   - Stddev              : 6.251011
   - Gini coefficient    : 0.000097
3. Internal Avg Degree   : 5.8721 (Mean of per-block avg)
4. Block Graph Avg Deg   : 5.5312
5. Modularity
   - Unweighted Q        : 0.972234
   - Weighted Q          : 0.975726
==============================================
Internal edges : 2133684
External edges : 43440
Internal ratio : 0.980047
Avg block density : 0.001034
Block graph edges : 354
Block graph density : 0.043553
Locality score : 49.116825

6. Color Statistics
   Color   Blocks   Nodes   AvgNodesPerBlock
       1       26   147628            5678.00
       2       26   147628            5678.00
       3       26   147628            5678.00
       4       25   141879            5675.16
       5       25   141950            5678.00

Additional Load Imbalance Metrics
----------------------------------
Max block size / Avg block size   : 1.000098
Max color nodes / Avg color nodes : 1.015724

-------------------------------------------------
tmt_sym bs = 128, policy = 2, coloring = 1

==============================================
  Partitioning Evaluation Report
==============================================
1. Total Blocks          : 128
   Total Colors          : 5
2. Nodes per Block
   - Average             : 5677.45
   - Maximum             : 5678
   - Minimum             : 5607
   - Stddev              : 6.251011
   - Gini coefficient    : 0.000097
3. Internal Avg Degree   : 5.8678 (Mean of per-block avg)
4. Block Graph Avg Deg   : 6.5781
5. Modularity
   - Unweighted Q        : 0.971518
   - Weighted Q          : 0.971674
==============================================
Internal edges : 2132125
External edges : 44999
Internal ratio : 0.979331
Avg block density : 0.001034
Block graph edges : 421
Block graph density : 0.051796
Locality score : 47.380556

6. Color Statistics
   Color   Blocks   Nodes   AvgNodesPerBlock
       1       31   176018            5678.00
       2       30   170340            5678.00
       3       29   164662            5678.00
       4       27   153306            5678.00
       5       11   62387            5671.55

Additional Load Imbalance Metrics
----------------------------------
Max block size / Avg block size   : 1.000098
Max color nodes / Avg color nodes : 1.211056

-------------------------------------------------
tmt_sym bs = 128, policy = 2, coloring = 2

==============================================
  Partitioning Evaluation Report
==============================================
1. Total Blocks          : 128
   Total Colors          : 6
2. Nodes per Block
   - Average             : 5677.45
   - Maximum             : 5678
   - Minimum             : 5607
   - Stddev              : 6.251011
   - Gini coefficient    : 0.000097
3. Internal Avg Degree   : 5.8678 (Mean of per-block avg)
4. Block Graph Avg Deg   : 6.5781
5. Modularity
   - Unweighted Q        : 0.971518
   - Weighted Q          : 0.971674
==============================================
Internal edges : 2132125
External edges : 44999
Internal ratio : 0.979331
Avg block density : 0.001034
Block graph edges : 421
Block graph density : 0.051796
Locality score : 47.380556

6. Color Statistics
   Color   Blocks   Nodes   AvgNodesPerBlock
       1       22   124916            5678.00
       2       22   124916            5678.00
       3       22   124845            5674.77
       4       21   119238            5678.00
       5       21   119238            5678.00
       6       20   113560            5678.00

Additional Load Imbalance Metrics
----------------------------------
Max block size / Avg block size   : 1.000098
Max color nodes / Avg color nodes : 1.031351

-------------------------------------------------
tmt_sym bs = 128, policy = 2, coloring = 3

==============================================
  Partitioning Evaluation Report
==============================================
1. Total Blocks          : 128
   Total Colors          : 5
2. Nodes per Block
   - Average             : 5677.45
   - Maximum             : 5678
   - Minimum             : 5607
   - Stddev              : 6.251011
   - Gini coefficient    : 0.000097
3. Internal Avg Degree   : 5.8678 (Mean of per-block avg)
4. Block Graph Avg Deg   : 6.5781
5. Modularity
   - Unweighted Q        : 0.971518
   - Weighted Q          : 0.971674
==============================================
Internal edges : 2132125
External edges : 44999
Internal ratio : 0.979331
Avg block density : 0.001034
Block graph edges : 421
Block graph density : 0.051796
Locality score : 47.380556

6. Color Statistics
   Color   Blocks   Nodes   AvgNodesPerBlock
       1       26   147628            5678.00
       2       26   147628            5678.00
       3       26   147628            5678.00
       4       25   141950            5678.00
       5       25   141879            5675.16

Additional Load Imbalance Metrics
----------------------------------
Max block size / Avg block size   : 1.000098
Max color nodes / Avg color nodes : 1.015724

-------------------------------------------------
tmt_sym bs = 128, policy = 3, coloring = 1

==============================================
  Partitioning Evaluation Report
==============================================
1. Total Blocks          : 128
   Total Colors          : 6
2. Nodes per Block
   - Average             : 5677.45
   - Maximum             : 5678
   - Minimum             : 5607
   - Stddev              : 6.251011
   - Gini coefficient    : 0.000097
3. Internal Avg Degree   : 5.8738 (Mean of per-block avg)
4. Block Graph Avg Deg   : 7.0469
5. Modularity
   - Unweighted Q        : 0.972509
   - Weighted Q          : 0.977302
==============================================
Internal edges : 2134281
External edges : 42843
Internal ratio : 0.980321
Avg block density : 0.001035
Block graph edges : 451
Block graph density : 0.055487
Locality score : 49.815167

6. Color Statistics
   Color   Blocks   Nodes   AvgNodesPerBlock
       1       30   170340            5678.00
       2       29   164591            5675.55
       3       28   158984            5678.00
       4       26   147628            5678.00
       5       13   73814            5678.00
       6        2   11356            5678.00

Additional Load Imbalance Metrics
----------------------------------
Max block size / Avg block size   : 1.000098
Max color nodes / Avg color nodes : 1.406387

-------------------------------------------------
tmt_sym bs = 128, policy = 3, coloring = 2

==============================================
  Partitioning Evaluation Report
==============================================
1. Total Blocks          : 128
   Total Colors          : 6
2. Nodes per Block
   - Average             : 5677.45
   - Maximum             : 5678
   - Minimum             : 5607
   - Stddev              : 6.251011
   - Gini coefficient    : 0.000097
3. Internal Avg Degree   : 5.8738 (Mean of per-block avg)
4. Block Graph Avg Deg   : 7.0469
5. Modularity
   - Unweighted Q        : 0.972509
   - Weighted Q          : 0.977302
==============================================
Internal edges : 2134281
External edges : 42843
Internal ratio : 0.980321
Avg block density : 0.001035
Block graph edges : 451
Block graph density : 0.055487
Locality score : 49.815167

6. Color Statistics
   Color   Blocks   Nodes   AvgNodesPerBlock
       1       22   124916            5678.00
       2       22   124916            5678.00
       3       22   124916            5678.00
       4       21   119167            5674.62
       5       21   119238            5678.00
       6       20   113560            5678.00

Additional Load Imbalance Metrics
----------------------------------
Max block size / Avg block size   : 1.000098
Max color nodes / Avg color nodes : 1.031351

-------------------------------------------------
tmt_sym bs = 128, policy = 3, coloring = 3

==============================================
  Partitioning Evaluation Report
==============================================
1. Total Blocks          : 128
   Total Colors          : 6
2. Nodes per Block
   - Average             : 5677.45
   - Maximum             : 5678
   - Minimum             : 5607
   - Stddev              : 6.251011
   - Gini coefficient    : 0.000097
3. Internal Avg Degree   : 5.8738 (Mean of per-block avg)
4. Block Graph Avg Deg   : 7.0469
5. Modularity
   - Unweighted Q        : 0.972509
   - Weighted Q          : 0.977302
==============================================
Internal edges : 2134281
External edges : 42843
Internal ratio : 0.980321
Avg block density : 0.001035
Block graph edges : 451
Block graph density : 0.055487
Locality score : 49.815167

6. Color Statistics
   Color   Blocks   Nodes   AvgNodesPerBlock
       1       22   124916            5678.00
       2       22   124845            5674.77
       3       21   119238            5678.00
       4       21   119238            5678.00
       5       21   119238            5678.00
       6       21   119238            5678.00

Additional Load Imbalance Metrics
----------------------------------
Max block size / Avg block size   : 1.000098
Max color nodes / Avg color nodes : 1.031351

-------------------------------------------------
tmt_sym bs = 256, policy = 1, coloring = 1

==============================================
  Partitioning Evaluation Report
==============================================
1. Total Blocks          : 256
   Total Colors          : 5
2. Nodes per Block
   - Average             : 2838.72
   - Maximum             : 2839
   - Minimum             : 2768
   - Stddev              : 4.428825
   - Gini coefficient    : 0.000097
3. Internal Avg Degree   : 5.8217 (Mean of per-block avg)
4. Block Graph Avg Deg   : 5.6484
5. Modularity
   - Unweighted Q        : 0.967722
   - Weighted Q          : 0.972484
==============================================
Internal edges : 2115356
External edges : 61768
Internal ratio : 0.971629
Avg block density : 0.002052
Block graph edges : 723
Block graph density : 0.022151
Locality score : 34.246240

6. Color Statistics
   Color   Blocks   Nodes   AvgNodesPerBlock
       1       71   201569            2839.00
       2       66   187303            2837.92
       3       62   176018            2839.00
       4       45   127755            2839.00
       5       12   34068            2839.00

Additional Load Imbalance Metrics
----------------------------------
Max block size / Avg block size   : 1.000098
Max color nodes / Avg color nodes : 1.386854

-------------------------------------------------
tmt_sym bs = 256, policy = 1, coloring = 2

==============================================
  Partitioning Evaluation Report
==============================================
1. Total Blocks          : 256
   Total Colors          : 6
2. Nodes per Block
   - Average             : 2838.72
   - Maximum             : 2839
   - Minimum             : 2768
   - Stddev              : 4.428825
   - Gini coefficient    : 0.000097
3. Internal Avg Degree   : 5.8217 (Mean of per-block avg)
4. Block Graph Avg Deg   : 5.6484
5. Modularity
   - Unweighted Q        : 0.967722
   - Weighted Q          : 0.972484
==============================================
Internal edges : 2115356
External edges : 61768
Internal ratio : 0.971629
Avg block density : 0.002052
Block graph edges : 723
Block graph density : 0.022151
Locality score : 34.246240

6. Color Statistics
   Color   Blocks   Nodes   AvgNodesPerBlock
       1       43   122006            2837.35
       2       43   122077            2839.00
       3       43   122077            2839.00
       4       43   122077            2839.00
       5       42   119238            2839.00
       6       42   119238            2839.00

Additional Load Imbalance Metrics
----------------------------------
Max block size / Avg block size   : 1.000098
Max color nodes / Avg color nodes : 1.007911

-------------------------------------------------
tmt_sym bs = 256, policy = 1, coloring = 3

==============================================
  Partitioning Evaluation Report
==============================================
1. Total Blocks          : 256
   Total Colors          : 5
2. Nodes per Block
   - Average             : 2838.72
   - Maximum             : 2839
   - Minimum             : 2768
   - Stddev              : 4.428825
   - Gini coefficient    : 0.000097
3. Internal Avg Degree   : 5.8217 (Mean of per-block avg)
4. Block Graph Avg Deg   : 5.6484
5. Modularity
   - Unweighted Q        : 0.967722
   - Weighted Q          : 0.972484
==============================================
Internal edges : 2115356
External edges : 61768
Internal ratio : 0.971629
Avg block density : 0.002052
Block graph edges : 723
Block graph density : 0.022151
Locality score : 34.246240

6. Color Statistics
   Color   Blocks   Nodes   AvgNodesPerBlock
       1       52   147628            2839.00
       2       51   144789            2839.00
       3       51   144718            2837.61
       4       51   144789            2839.00
       5       51   144789            2839.00

Additional Load Imbalance Metrics
----------------------------------
Max block size / Avg block size   : 1.000098
Max color nodes / Avg color nodes : 1.015724

-------------------------------------------------
tmt_sym bs = 256, policy = 2, coloring = 1

==============================================
  Partitioning Evaluation Report
==============================================
1. Total Blocks          : 256
   Total Colors          : 6
2. Nodes per Block
   - Average             : 2838.72
   - Maximum             : 2839
   - Minimum             : 2768
   - Stddev              : 4.428825
   - Gini coefficient    : 0.000097
3. Internal Avg Degree   : 5.8160 (Mean of per-block avg)
4. Block Graph Avg Deg   : 6.6328
5. Modularity
   - Unweighted Q        : 0.966766
   - Weighted Q          : 0.966918
==============================================
Internal edges : 2113275
External edges : 63849
Internal ratio : 0.970673
Avg block density : 0.002050
Block graph edges : 849
Block graph density : 0.026011
Locality score : 33.097494

6. Color Statistics
   Color   Blocks   Nodes   AvgNodesPerBlock
       1       58   164662            2839.00
       2       53   150467            2839.00
       3       53   150467            2839.00
       4       52   147557            2837.63
       5       34   96526            2839.00
       6        6   17034            2839.00

Additional Load Imbalance Metrics
----------------------------------
Max block size / Avg block size   : 1.000098
Max color nodes / Avg color nodes : 1.359508

-------------------------------------------------
tmt_sym bs = 256, policy = 2, coloring = 2

==============================================
  Partitioning Evaluation Report
==============================================
1. Total Blocks          : 256
   Total Colors          : 6
2. Nodes per Block
   - Average             : 2838.72
   - Maximum             : 2839
   - Minimum             : 2768
   - Stddev              : 4.428825
   - Gini coefficient    : 0.000097
3. Internal Avg Degree   : 5.8160 (Mean of per-block avg)
4. Block Graph Avg Deg   : 6.6328
5. Modularity
   - Unweighted Q        : 0.966766
   - Weighted Q          : 0.966918
==============================================
Internal edges : 2113275
External edges : 63849
Internal ratio : 0.970673
Avg block density : 0.002050
Block graph edges : 849
Block graph density : 0.026011
Locality score : 33.097494

6. Color Statistics
   Color   Blocks   Nodes   AvgNodesPerBlock
       1       43   122077            2839.00
       2       43   122077            2839.00
       3       43   122006            2837.35
       4       43   122077            2839.00
       5       42   119238            2839.00
       6       42   119238            2839.00

Additional Load Imbalance Metrics
----------------------------------
Max block size / Avg block size   : 1.000098
Max color nodes / Avg color nodes : 1.007911

-------------------------------------------------
tmt_sym bs = 256, policy = 2, coloring = 3

==============================================
  Partitioning Evaluation Report
==============================================
1. Total Blocks          : 256
   Total Colors          : 6
2. Nodes per Block
   - Average             : 2838.72
   - Maximum             : 2839
   - Minimum             : 2768
   - Stddev              : 4.428825
   - Gini coefficient    : 0.000097
3. Internal Avg Degree   : 5.8160 (Mean of per-block avg)
4. Block Graph Avg Deg   : 6.6328
5. Modularity
   - Unweighted Q        : 0.966766
   - Weighted Q          : 0.966918
==============================================
Internal edges : 2113275
External edges : 63849
Internal ratio : 0.970673
Avg block density : 0.002050
Block graph edges : 849
Block graph density : 0.026011
Locality score : 33.097494

6. Color Statistics
   Color   Blocks   Nodes   AvgNodesPerBlock
       1       43   122006            2837.35
       2       43   122077            2839.00
       3       43   122077            2839.00
       4       43   122077            2839.00
       5       42   119238            2839.00
       6       42   119238            2839.00

Additional Load Imbalance Metrics
----------------------------------
Max block size / Avg block size   : 1.000098
Max color nodes / Avg color nodes : 1.007911

-------------------------------------------------
tmt_sym bs = 256, policy = 3, coloring = 1

==============================================
  Partitioning Evaluation Report
==============================================
1. Total Blocks          : 256
   Total Colors          : 6
2. Nodes per Block
   - Average             : 2838.72
   - Maximum             : 2839
   - Minimum             : 2768
   - Stddev              : 4.428825
   - Gini coefficient    : 0.000097
3. Internal Avg Degree   : 5.8236 (Mean of per-block avg)
4. Block Graph Avg Deg   : 7.0703
5. Modularity
   - Unweighted Q        : 0.968036
   - Weighted Q          : 0.974772
==============================================
Internal edges : 2116038
External edges : 61086
Internal ratio : 0.971942
Avg block density : 0.002052
Block graph edges : 905
Block graph density : 0.027727
Locality score : 34.639743

6. Color Statistics
   Color   Blocks   Nodes   AvgNodesPerBlock
       1       56   158984            2839.00
       2       55   156145            2839.00
       3       54   153235            2837.69
       4       52   147628            2839.00
       5       34   96526            2839.00
       6        5   14195            2839.00

Additional Load Imbalance Metrics
----------------------------------
Max block size / Avg block size   : 1.000098
Max color nodes / Avg color nodes : 1.312628

-------------------------------------------------
tmt_sym bs = 256, policy = 3, coloring = 2

==============================================
  Partitioning Evaluation Report
==============================================
1. Total Blocks          : 256
   Total Colors          : 7
2. Nodes per Block
   - Average             : 2838.72
   - Maximum             : 2839
   - Minimum             : 2768
   - Stddev              : 4.428825
   - Gini coefficient    : 0.000097
3. Internal Avg Degree   : 5.8236 (Mean of per-block avg)
4. Block Graph Avg Deg   : 7.0703
5. Modularity
   - Unweighted Q        : 0.968036
   - Weighted Q          : 0.974772
==============================================
Internal edges : 2116038
External edges : 61086
Internal ratio : 0.971942
Avg block density : 0.002052
Block graph edges : 905
Block graph density : 0.027727
Locality score : 34.639743

6. Color Statistics
   Color   Blocks   Nodes   AvgNodesPerBlock
       1       37   105043            2839.00
       2       37   105043            2839.00
       3       37   105043            2839.00
       4       37   105043            2839.00
       5       37   104972            2837.08
       6       36   102204            2839.00
       7       35   99365            2839.00

Additional Load Imbalance Metrics
----------------------------------
Max block size / Avg block size   : 1.000098
Max color nodes / Avg color nodes : 1.011818

-------------------------------------------------
tmt_sym bs = 256, policy = 3, coloring = 3

==============================================
  Partitioning Evaluation Report
==============================================
1. Total Blocks          : 256
   Total Colors          : 6
2. Nodes per Block
   - Average             : 2838.72
   - Maximum             : 2839
   - Minimum             : 2768
   - Stddev              : 4.428825
   - Gini coefficient    : 0.000097
3. Internal Avg Degree   : 5.8236 (Mean of per-block avg)
4. Block Graph Avg Deg   : 7.0703
5. Modularity
   - Unweighted Q        : 0.968036
   - Weighted Q          : 0.974772
==============================================
Internal edges : 2116038
External edges : 61086
Internal ratio : 0.971942
Avg block density : 0.002052
Block graph edges : 905
Block graph density : 0.027727
Locality score : 34.639743

6. Color Statistics
   Color   Blocks   Nodes   AvgNodesPerBlock
       1       43   122077            2839.00
       2       43   122077            2839.00
       3       43   122077            2839.00
       4       43   122006            2837.35
       5       42   119238            2839.00
       6       42   119238            2839.00

Additional Load Imbalance Metrics
----------------------------------
Max block size / Avg block size   : 1.000098
Max color nodes / Avg color nodes : 1.007911

-------------------------------------------------
tmt_sym bs = 512, policy = 1, coloring = 1

==============================================
  Partitioning Evaluation Report
==============================================
1. Total Blocks          : 512
   Total Colors          : 6
2. Nodes per Block
   - Average             : 1419.36
   - Maximum             : 1420
   - Minimum             : 1093
   - Stddev              : 14.437375
   - Gini coefficient    : 0.000449
3. Internal Avg Degree   : 5.7477 (Mean of per-block avg)
4. Block Graph Avg Deg   : 5.7734
5. Modularity
   - Unweighted Q        : 0.957329
   - Weighted Q          : 0.963894
==============================================
Internal edges : 2088477
External edges : 88647
Internal ratio : 0.959283
Avg block density : 0.004053
Block graph edges : 1478
Block graph density : 0.011298
Locality score : 23.559212

6. Color Statistics
   Color   Blocks   Nodes   AvgNodesPerBlock
       1      136   193120            1420.00
       2      132   187440            1420.00
       3      127   180013            1417.43
       4      103   146260            1420.00
       5       13   18460            1420.00
       6        1    1420            1420.00

Additional Load Imbalance Metrics
----------------------------------
Max block size / Avg block size   : 1.000450
Max color nodes / Avg color nodes : 1.594467

-------------------------------------------------
tmt_sym bs = 512, policy = 1, coloring = 2

==============================================
  Partitioning Evaluation Report
==============================================
1. Total Blocks          : 512
   Total Colors          : 6
2. Nodes per Block
   - Average             : 1419.36
   - Maximum             : 1420
   - Minimum             : 1093
   - Stddev              : 14.437375
   - Gini coefficient    : 0.000449
3. Internal Avg Degree   : 5.7477 (Mean of per-block avg)
4. Block Graph Avg Deg   : 5.7734
5. Modularity
   - Unweighted Q        : 0.957329
   - Weighted Q          : 0.963894
==============================================
Internal edges : 2088477
External edges : 88647
Internal ratio : 0.959283
Avg block density : 0.004053
Block graph edges : 1478
Block graph density : 0.011298
Locality score : 23.559212

6. Color Statistics
   Color   Blocks   Nodes   AvgNodesPerBlock
       1       92   130313            1416.45
       2       92   130640            1420.00
       3       92   130640            1420.00
       4       92   130640            1420.00
       5       92   130640            1420.00
       6       52   73840            1420.00

Additional Load Imbalance Metrics
----------------------------------
Max block size / Avg block size   : 1.000450
Max color nodes / Avg color nodes : 1.078610

-------------------------------------------------
tmt_sym bs = 512, policy = 1, coloring = 3

==============================================
  Partitioning Evaluation Report
==============================================
1. Total Blocks          : 512
   Total Colors          : 6
2. Nodes per Block
   - Average             : 1419.36
   - Maximum             : 1420
   - Minimum             : 1093
   - Stddev              : 14.437375
   - Gini coefficient    : 0.000449
3. Internal Avg Degree   : 5.7477 (Mean of per-block avg)
4. Block Graph Avg Deg   : 5.7734
5. Modularity
   - Unweighted Q        : 0.957329
   - Weighted Q          : 0.963894
==============================================
Internal edges : 2088477
External edges : 88647
Internal ratio : 0.959283
Avg block density : 0.004053
Block graph edges : 1478
Block graph density : 0.011298
Locality score : 23.559212

6. Color Statistics
   Color   Blocks   Nodes   AvgNodesPerBlock
       1       86   122120            1420.00
       2       86   122120            1420.00
       3       85   120373            1416.15
       4       85   120700            1420.00
       5       85   120700            1420.00
       6       85   120700            1420.00

Additional Load Imbalance Metrics
----------------------------------
Max block size / Avg block size   : 1.000450
Max color nodes / Avg color nodes : 1.008266

-------------------------------------------------
tmt_sym bs = 512, policy = 2, coloring = 1

==============================================
  Partitioning Evaluation Report
==============================================
1. Total Blocks          : 512
   Total Colors          : 6
2. Nodes per Block
   - Average             : 1419.36
   - Maximum             : 1420
   - Minimum             : 1093
   - Stddev              : 14.437375
   - Gini coefficient    : 0.000449
3. Internal Avg Degree   : 5.7415 (Mean of per-block avg)
4. Block Graph Avg Deg   : 6.8164
5. Modularity
   - Unweighted Q        : 0.956313
   - Weighted Q          : 0.956503
==============================================
Internal edges : 2086265
External edges : 90859
Internal ratio : 0.958267
Avg block density : 0.004048
Block graph edges : 1745
Block graph density : 0.013339
Locality score : 22.961314

6. Color Statistics
   Color   Blocks   Nodes   AvgNodesPerBlock
       1      114   161880            1420.00
       2      111   157620            1420.00
       3      111   157620            1420.00
       4      107   151940            1420.00
       5       56   79520            1420.00
       6       13   18133            1394.85

Additional Load Imbalance Metrics
----------------------------------
Max block size / Avg block size   : 1.000450
Max color nodes / Avg color nodes : 1.336539

-------------------------------------------------
tmt_sym bs = 512, policy = 2, coloring = 2

==============================================
  Partitioning Evaluation Report
==============================================
1. Total Blocks          : 512
   Total Colors          : 7
2. Nodes per Block
   - Average             : 1419.36
   - Maximum             : 1420
   - Minimum             : 1093
   - Stddev              : 14.437375
   - Gini coefficient    : 0.000449
3. Internal Avg Degree   : 5.7415 (Mean of per-block avg)
4. Block Graph Avg Deg   : 6.8164
5. Modularity
   - Unweighted Q        : 0.956313
   - Weighted Q          : 0.956503
==============================================
Internal edges : 2086265
External edges : 90859
Internal ratio : 0.958267
Avg block density : 0.004048
Block graph edges : 1745
Block graph density : 0.013339
Locality score : 22.961314

6. Color Statistics
   Color   Blocks   Nodes   AvgNodesPerBlock
       1       74   104753            1415.58
       2       73   103660            1420.00
       3       73   103660            1420.00
       4       73   103660            1420.00
       5       73   103660            1420.00
       6       73   103660            1420.00
       7       73   103660            1420.00

Additional Load Imbalance Metrics
----------------------------------
Max block size / Avg block size   : 1.000450
Max color nodes / Avg color nodes : 1.009024

-------------------------------------------------
tmt_sym bs = 512, policy = 2, coloring = 3

==============================================
  Partitioning Evaluation Report
==============================================
1. Total Blocks          : 512
   Total Colors          : 6
2. Nodes per Block
   - Average             : 1419.36
   - Maximum             : 1420
   - Minimum             : 1093
   - Stddev              : 14.437375
   - Gini coefficient    : 0.000449
3. Internal Avg Degree   : 5.7415 (Mean of per-block avg)
4. Block Graph Avg Deg   : 6.8164
5. Modularity
   - Unweighted Q        : 0.956313
   - Weighted Q          : 0.956503
==============================================
Internal edges : 2086265
External edges : 90859
Internal ratio : 0.958267
Avg block density : 0.004048
Block graph edges : 1745
Block graph density : 0.013339
Locality score : 22.961314

6. Color Statistics
   Color   Blocks   Nodes   AvgNodesPerBlock
       1       86   122120            1420.00
       2       86   122120            1420.00
       3       85   120700            1420.00
       4       85   120700            1420.00
       5       85   120700            1420.00
       6       85   120373            1416.15

Additional Load Imbalance Metrics
----------------------------------
Max block size / Avg block size   : 1.000450
Max color nodes / Avg color nodes : 1.008266

-------------------------------------------------
tmt_sym bs = 512, policy = 3, coloring = 1

==============================================
  Partitioning Evaluation Report
==============================================
1. Total Blocks          : 512
   Total Colors          : 6
2. Nodes per Block
   - Average             : 1419.36
   - Maximum             : 1420
   - Minimum             : 1093
   - Stddev              : 14.437375
   - Gini coefficient    : 0.000449
3. Internal Avg Degree   : 5.7539 (Mean of per-block avg)
4. Block Graph Avg Deg   : 6.9180
5. Modularity
   - Unweighted Q        : 0.958386
   - Weighted Q          : 0.967730
==============================================
Internal edges : 2090777
External edges : 86347
Internal ratio : 0.960339
Avg block density : 0.004057
Block graph edges : 1771
Block graph density : 0.013538
Locality score : 24.213381

6. Color Statistics
   Color   Blocks   Nodes   AvgNodesPerBlock
       1      111   157620            1420.00
       2      109   154780            1420.00
       3      106   150193            1416.92
       4      102   144840            1420.00
       5       70   99400            1420.00
       6       14   19880            1420.00

Additional Load Imbalance Metrics
----------------------------------
Max block size / Avg block size   : 1.000450
Max color nodes / Avg color nodes : 1.301367

-------------------------------------------------
tmt_sym bs = 512, policy = 3, coloring = 2

==============================================
  Partitioning Evaluation Report
==============================================
1. Total Blocks          : 512
   Total Colors          : 7
2. Nodes per Block
   - Average             : 1419.36
   - Maximum             : 1420
   - Minimum             : 1093
   - Stddev              : 14.437375
   - Gini coefficient    : 0.000449
3. Internal Avg Degree   : 5.7539 (Mean of per-block avg)
4. Block Graph Avg Deg   : 6.9180
5. Modularity
   - Unweighted Q        : 0.958386
   - Weighted Q          : 0.967730
==============================================
Internal edges : 2090777
External edges : 86347
Internal ratio : 0.960339
Avg block density : 0.004057
Block graph edges : 1771
Block graph density : 0.013538
Locality score : 24.213381

6. Color Statistics
   Color   Blocks   Nodes   AvgNodesPerBlock
       1       74   105080            1420.00
       2       74   105080            1420.00
       3       73   103333            1415.52
       4       73   103660            1420.00
       5       73   103660            1420.00
       6       73   103660            1420.00
       7       72   102240            1420.00

Additional Load Imbalance Metrics
----------------------------------
Max block size / Avg block size   : 1.000450
Max color nodes / Avg color nodes : 1.012174

-------------------------------------------------
tmt_sym bs = 512, policy = 3, coloring = 3

==============================================
  Partitioning Evaluation Report
==============================================
1. Total Blocks          : 512
   Total Colors          : 6
2. Nodes per Block
   - Average             : 1419.36
   - Maximum             : 1420
   - Minimum             : 1093
   - Stddev              : 14.437375
   - Gini coefficient    : 0.000449
3. Internal Avg Degree   : 5.7539 (Mean of per-block avg)
4. Block Graph Avg Deg   : 6.9180
5. Modularity
   - Unweighted Q        : 0.958386
   - Weighted Q          : 0.967730
==============================================
Internal edges : 2090777
External edges : 86347
Internal ratio : 0.960339
Avg block density : 0.004057
Block graph edges : 1771
Block graph density : 0.013538
Locality score : 24.213381

6. Color Statistics
   Color   Blocks   Nodes   AvgNodesPerBlock
       1       86   122120            1420.00
       2       86   122120            1420.00
       3       85   120700            1420.00
       4       85   120373            1416.15
       5       85   120700            1420.00
       6       85   120700            1420.00

Additional Load Imbalance Metrics
----------------------------------
Max block size / Avg block size   : 1.000450
Max color nodes / Avg color nodes : 1.008266

-------------------------------------------------
tmt_sym bs = 1024, policy = 1, coloring = 1

==============================================
  Partitioning Evaluation Report
==============================================
1. Total Blocks          : 1024
   Total Colors          : 6
2. Nodes per Block
   - Average             : 709.68
   - Maximum             : 710
   - Minimum             : 383
   - Stddev              : 10.213759
   - Gini coefficient    : 0.000450
3. Internal Avg Degree   : 5.6476 (Mean of per-block avg)
4. Block Graph Avg Deg   : 5.8906
5. Modularity
   - Unweighted Q        : 0.941630
   - Weighted Q          : 0.950384
==============================================
Internal edges : 2052172
External edges : 124952
Internal ratio : 0.942607
Avg block density : 0.007972
Block graph edges : 3016
Block graph density : 0.005758
Locality score : 16.423551

6. Color Statistics
   Color   Blocks   Nodes   AvgNodesPerBlock
       1      257   182143             708.73
       2      257   182470             710.00
       3      250   177500             710.00
       4      208   147680             710.00
       5       50   35500             710.00
       6        2    1420             710.00

Additional Load Imbalance Metrics
----------------------------------
Max block size / Avg block size   : 1.000450
Max color nodes / Avg color nodes : 1.506537

-------------------------------------------------
tmt_sym bs = 1024, policy = 1, coloring = 2

==============================================
  Partitioning Evaluation Report
==============================================
1. Total Blocks          : 1024
   Total Colors          : 6
2. Nodes per Block
   - Average             : 709.68
   - Maximum             : 710
   - Minimum             : 383
   - Stddev              : 10.213759
   - Gini coefficient    : 0.000450
3. Internal Avg Degree   : 5.6476 (Mean of per-block avg)
4. Block Graph Avg Deg   : 5.8906
5. Modularity
   - Unweighted Q        : 0.941630
   - Weighted Q          : 0.950384
==============================================
Internal edges : 2052172
External edges : 124952
Internal ratio : 0.942607
Avg block density : 0.007972
Block graph edges : 3016
Block graph density : 0.005758
Locality score : 16.423551

6. Color Statistics
   Color   Blocks   Nodes   AvgNodesPerBlock
       1      171   121410             710.00
       2      171   121083             708.09
       3      171   121410             710.00
       4      171   121410             710.00
       5      170   120700             710.00
       6      170   120700             710.00

Additional Load Imbalance Metrics
----------------------------------
Max block size / Avg block size   : 1.000450
Max color nodes / Avg color nodes : 1.002404

-------------------------------------------------
tmt_sym bs = 1024, policy = 1, coloring = 3

==============================================
  Partitioning Evaluation Report
==============================================
1. Total Blocks          : 1024
   Total Colors          : 6
2. Nodes per Block
   - Average             : 709.68
   - Maximum             : 710
   - Minimum             : 383
   - Stddev              : 10.213759
   - Gini coefficient    : 0.000450
3. Internal Avg Degree   : 5.6476 (Mean of per-block avg)
4. Block Graph Avg Deg   : 5.8906
5. Modularity
   - Unweighted Q        : 0.941630
   - Weighted Q          : 0.950384
==============================================
Internal edges : 2052172
External edges : 124952
Internal ratio : 0.942607
Avg block density : 0.007972
Block graph edges : 3016
Block graph density : 0.005758
Locality score : 16.423551

6. Color Statistics
   Color   Blocks   Nodes   AvgNodesPerBlock
       1      171   121410             710.00
       2      171   121083             708.09
       3      171   121410             710.00
       4      171   121410             710.00
       5      170   120700             710.00
       6      170   120700             710.00

Additional Load Imbalance Metrics
----------------------------------
Max block size / Avg block size   : 1.000450
Max color nodes / Avg color nodes : 1.002404

-------------------------------------------------
tmt_sym bs = 1024, policy = 2, coloring = 1

==============================================
  Partitioning Evaluation Report
==============================================
1. Total Blocks          : 1024
   Total Colors          : 6
2. Nodes per Block
   - Average             : 709.68
   - Maximum             : 710
   - Minimum             : 383
   - Stddev              : 10.213759
   - Gini coefficient    : 0.000450
3. Internal Avg Degree   : 5.6395 (Mean of per-block avg)
4. Block Graph Avg Deg   : 7.0332
5. Modularity
   - Unweighted Q        : 0.940281
   - Weighted Q          : 0.940594
==============================================
Internal edges : 2049235
External edges : 127889
Internal ratio : 0.941258
Avg block density : 0.007960
Block graph edges : 3601
Block graph density : 0.006875
Locality score : 16.023419

6. Color Statistics
   Color   Blocks   Nodes   AvgNodesPerBlock
       1      231   164010             710.00
       2      218   154780             710.00
       3      217   153743             708.49
       4      205   145550             710.00
       5      133   94430             710.00
       6       20   14200             710.00

Additional Load Imbalance Metrics
----------------------------------
Max block size / Avg block size   : 1.000450
Max color nodes / Avg color nodes : 1.354125

-------------------------------------------------
tmt_sym bs = 1024, policy = 2, coloring = 2

==============================================
  Partitioning Evaluation Report
==============================================
1. Total Blocks          : 1024
   Total Colors          : 7
2. Nodes per Block
   - Average             : 709.68
   - Maximum             : 710
   - Minimum             : 383
   - Stddev              : 10.213759
   - Gini coefficient    : 0.000450
3. Internal Avg Degree   : 5.6395 (Mean of per-block avg)
4. Block Graph Avg Deg   : 7.0332
5. Modularity
   - Unweighted Q        : 0.940281
   - Weighted Q          : 0.940594
==============================================
Internal edges : 2049235
External edges : 127889
Internal ratio : 0.941258
Avg block density : 0.007960
Block graph edges : 3601
Block graph density : 0.006875
Locality score : 16.023419

6. Color Statistics
   Color   Blocks   Nodes   AvgNodesPerBlock
       1      147   104370             710.00
       2      147   104370             710.00
       3      146   103660             710.00
       4      146   103660             710.00
       5      146   103660             710.00
       6      146   103333             707.76
       7      146   103660             710.00

Additional Load Imbalance Metrics
----------------------------------
Max block size / Avg block size   : 1.000450
Max color nodes / Avg color nodes : 1.005335

-------------------------------------------------
tmt_sym bs = 1024, policy = 2, coloring = 3

==============================================
  Partitioning Evaluation Report
==============================================
1. Total Blocks          : 1024
   Total Colors          : 6
2. Nodes per Block
   - Average             : 709.68
   - Maximum             : 710
   - Minimum             : 383
   - Stddev              : 10.213759
   - Gini coefficient    : 0.000450
3. Internal Avg Degree   : 5.6395 (Mean of per-block avg)
4. Block Graph Avg Deg   : 7.0332
5. Modularity
   - Unweighted Q        : 0.940281
   - Weighted Q          : 0.940594
==============================================
Internal edges : 2049235
External edges : 127889
Internal ratio : 0.941258
Avg block density : 0.007960
Block graph edges : 3601
Block graph density : 0.006875
Locality score : 16.023419

6. Color Statistics
   Color   Blocks   Nodes   AvgNodesPerBlock
       1      171   121410             710.00
       2      171   121410             710.00
       3      171   121410             710.00
       4      171   121083             708.09
       5      170   120700             710.00
       6      170   120700             710.00

Additional Load Imbalance Metrics
----------------------------------
Max block size / Avg block size   : 1.000450
Max color nodes / Avg color nodes : 1.002404

-------------------------------------------------
tmt_sym bs = 1024, policy = 3, coloring = 1

==============================================
  Partitioning Evaluation Report
==============================================
1. Total Blocks          : 1024
   Total Colors          : 6
2. Nodes per Block
   - Average             : 709.68
   - Maximum             : 710
   - Minimum             : 383
   - Stddev              : 10.213759
   - Gini coefficient    : 0.000450
3. Internal Avg Degree   : 5.6545 (Mean of per-block avg)
4. Block Graph Avg Deg   : 6.8105
5. Modularity
   - Unweighted Q        : 0.942791
   - Weighted Q          : 0.955734
==============================================
Internal edges : 2054700
External edges : 122424
Internal ratio : 0.943768
Avg block density : 0.007981
Block graph edges : 3487
Block graph density : 0.006657
Locality score : 16.783337

6. Color Statistics
   Color   Blocks   Nodes   AvgNodesPerBlock
       1      225   159750             710.00
       2      216   153033             708.49
       3      216   153360             710.00
       4      208   147680             710.00
       5      143   101530             710.00
       6       16   11360             710.00

Additional Load Imbalance Metrics
----------------------------------
Max block size / Avg block size   : 1.000450
Max color nodes / Avg color nodes : 1.318953

-------------------------------------------------
tmt_sym bs = 1024, policy = 3, coloring = 2

==============================================
  Partitioning Evaluation Report
==============================================
1. Total Blocks          : 1024
   Total Colors          : 7
2. Nodes per Block
   - Average             : 709.68
   - Maximum             : 710
   - Minimum             : 383
   - Stddev              : 10.213759
   - Gini coefficient    : 0.000450
3. Internal Avg Degree   : 5.6545 (Mean of per-block avg)
4. Block Graph Avg Deg   : 6.8105
5. Modularity
   - Unweighted Q        : 0.942791
   - Weighted Q          : 0.955734
==============================================
Internal edges : 2054700
External edges : 122424
Internal ratio : 0.943768
Avg block density : 0.007981
Block graph edges : 3487
Block graph density : 0.006657
Locality score : 16.783337

6. Color Statistics
   Color   Blocks   Nodes   AvgNodesPerBlock
       1      147   104043             707.78
       2      147   104370             710.00
       3      146   103660             710.00
       4      146   103660             710.00
       5      146   103660             710.00
       6      146   103660             710.00
       7      146   103660             710.00

Additional Load Imbalance Metrics
----------------------------------
Max block size / Avg block size   : 1.000450
Max color nodes / Avg color nodes : 1.005335

-------------------------------------------------
tmt_sym bs = 1024, policy = 3, coloring = 3

==============================================
  Partitioning Evaluation Report
==============================================
1. Total Blocks          : 1024
   Total Colors          : 6
2. Nodes per Block
   - Average             : 709.68
   - Maximum             : 710
   - Minimum             : 383
   - Stddev              : 10.213759
   - Gini coefficient    : 0.000450
3. Internal Avg Degree   : 5.6545 (Mean of per-block avg)
4. Block Graph Avg Deg   : 6.8105
5. Modularity
   - Unweighted Q        : 0.942791
   - Weighted Q          : 0.955734
==============================================
Internal edges : 2054700
External edges : 122424
Internal ratio : 0.943768
Avg block density : 0.007981
Block graph edges : 3487
Block graph density : 0.006657
Locality score : 16.783337

6. Color Statistics
   Color   Blocks   Nodes   AvgNodesPerBlock
       1      171   121410             710.00
       2      171   121083             708.09
       3      171   121410             710.00
       4      171   121410             710.00
       5      170   120700             710.00
       6      170   120700             710.00

Additional Load Imbalance Metrics
----------------------------------
Max block size / Avg block size   : 1.000450
Max color nodes / Avg color nodes : 1.002404
