
-------------------------------------------------
af_shell3 gamma = 05, coloring = 1

==============================================
  Partitioning Evaluation Report
==============================================
1. Total Blocks          : 267
   Total Colors          : 5
2. Nodes per Block
   - Average             : 1890.84
   - Maximum             : 2875
   - Minimum             : 732
   - Stddev              : 446.053688
   - Gini coefficient    : 0.134934
3. Internal Avg Degree   : 31.8230 (Mean of per-block avg)
4. Block Graph Avg Deg   : 5.3333
5. Modularity
   - Unweighted Q        : 0.938267
   - Weighted Q          : 0.939080
==============================================
Internal edges : 8048470
External edges : 493540
Internal ratio : 0.942222
Avg block density : 0.017896
Block graph edges : 712
Block graph density : 0.020050
Locality score : 16.307602

6. Color Statistics
   Color   Blocks   Nodes   AvgNodesPerBlock
       1       69   129137            1871.55
       2       66   130073            1970.80
       3       61   130524            2139.74
       4       54   87654            1623.22
       5       17   27467            1615.71

Additional Load Imbalance Metrics
----------------------------------
Max block size / Avg block size   : 1.520486
Max color nodes / Avg color nodes : 1.292688

-------------------------------------------------
af_shell3 gamma = 05, coloring = 2

==============================================
  Partitioning Evaluation Report
==============================================
1. Total Blocks          : 267
   Total Colors          : 6
2. Nodes per Block
   - Average             : 1890.84
   - Maximum             : 2875
   - Minimum             : 732
   - Stddev              : 446.053688
   - Gini coefficient    : 0.134934
3. Internal Avg Degree   : 31.8230 (Mean of per-block avg)
4. Block Graph Avg Deg   : 5.3333
5. Modularity
   - Unweighted Q        : 0.938267
   - Weighted Q          : 0.939080
==============================================
Internal edges : 8048470
External edges : 493540
Internal ratio : 0.942222
Avg block density : 0.017896
Block graph edges : 712
Block graph density : 0.020050
Locality score : 16.307602

6. Color Statistics
   Color   Blocks   Nodes   AvgNodesPerBlock
       1       45   91188            2026.40
       2       45   89402            1986.71
       3       45   85015            1889.22
       4       44   82084            1865.55
       5       44   78078            1774.50
       6       44   79088            1797.45

Additional Load Imbalance Metrics
----------------------------------
Max block size / Avg block size   : 1.520486
Max color nodes / Avg color nodes : 1.083733

-------------------------------------------------
af_shell3 gamma = 05, coloring = 3

==============================================
  Partitioning Evaluation Report
==============================================
1. Total Blocks          : 267
   Total Colors          : 5
2. Nodes per Block
   - Average             : 1890.84
   - Maximum             : 2875
   - Minimum             : 732
   - Stddev              : 446.053688
   - Gini coefficient    : 0.134934
3. Internal Avg Degree   : 31.8230 (Mean of per-block avg)
4. Block Graph Avg Deg   : 5.3333
5. Modularity
   - Unweighted Q        : 0.938267
   - Weighted Q          : 0.939080
==============================================
Internal edges : 8048470
External edges : 493540
Internal ratio : 0.942222
Avg block density : 0.017896
Block graph edges : 712
Block graph density : 0.020050
Locality score : 16.307602

6. Color Statistics
   Color   Blocks   Nodes   AvgNodesPerBlock
       1       54   102347            1895.31
       2       54   87654            1623.22
       3       53   111057            2095.42
       4       53   92922            1753.25
       5       53   110875            2091.98

Additional Load Imbalance Metrics
----------------------------------
Max block size / Avg block size   : 1.520486
Max color nodes / Avg color nodes : 1.099890

-------------------------------------------------
af_shell3 gamma = 075, coloring = 1

==============================================
  Partitioning Evaluation Report
==============================================
1. Total Blocks          : 358
   Total Colors          : 6
2. Nodes per Block
   - Average             : 1410.21
   - Maximum             : 2370
   - Minimum             : 575
   - Stddev              : 366.774417
   - Gini coefficient    : 0.149122
3. Internal Avg Degree   : 31.4868 (Mean of per-block avg)
4. Block Graph Avg Deg   : 5.4804
5. Modularity
   - Unweighted Q        : 0.929894
   - Weighted Q          : 0.930869
==============================================
Internal edges : 7968644
External edges : 573366
Internal ratio : 0.932877
Avg block density : 0.023991
Block graph edges : 981
Block graph density : 0.015351
Locality score : 13.897982

6. Color Statistics
   Color   Blocks   Nodes   AvgNodesPerBlock
       1       90   132575            1473.06
       2       84   118776            1414.00
       3       82   131702            1606.12
       4       79   97158            1229.85
       5       20   21515            1075.75
       6        3    3129            1043.00

Additional Load Imbalance Metrics
----------------------------------
Max block size / Avg block size   : 1.680601
Max color nodes / Avg color nodes : 1.575601

-------------------------------------------------
af_shell3 gamma = 075, coloring = 2

==============================================
  Partitioning Evaluation Report
==============================================
1. Total Blocks          : 358
   Total Colors          : 6
2. Nodes per Block
   - Average             : 1410.21
   - Maximum             : 2370
   - Minimum             : 575
   - Stddev              : 366.774417
   - Gini coefficient    : 0.149122
3. Internal Avg Degree   : 31.4868 (Mean of per-block avg)
4. Block Graph Avg Deg   : 5.4804
5. Modularity
   - Unweighted Q        : 0.929894
   - Weighted Q          : 0.930869
==============================================
Internal edges : 7968644
External edges : 573366
Internal ratio : 0.932877
Avg block density : 0.023991
Block graph edges : 981
Block graph density : 0.015351
Locality score : 13.897982

6. Color Statistics
   Color   Blocks   Nodes   AvgNodesPerBlock
       1       60   88556            1475.93
       2       60   89386            1489.77
       3       60   81943            1365.72
       4       60   86793            1446.55
       5       59   80260            1360.34
       6       59   77917            1320.63

Additional Load Imbalance Metrics
----------------------------------
Max block size / Avg block size   : 1.680601
Max color nodes / Avg color nodes : 1.062317

-------------------------------------------------
af_shell3 gamma = 075, coloring = 3

==============================================
  Partitioning Evaluation Report
==============================================
1. Total Blocks          : 358
   Total Colors          : 6
2. Nodes per Block
   - Average             : 1410.21
   - Maximum             : 2370
   - Minimum             : 575
   - Stddev              : 366.774417
   - Gini coefficient    : 0.149122
3. Internal Avg Degree   : 31.4868 (Mean of per-block avg)
4. Block Graph Avg Deg   : 5.4804
5. Modularity
   - Unweighted Q        : 0.929894
   - Weighted Q          : 0.930869
==============================================
Internal edges : 7968644
External edges : 573366
Internal ratio : 0.932877
Avg block density : 0.023991
Block graph edges : 981
Block graph density : 0.015351
Locality score : 13.897982

6. Color Statistics
   Color   Blocks   Nodes   AvgNodesPerBlock
       1       60   89302            1488.37
       2       60   78387            1306.45
       3       60   75380            1256.33
       4       60   70020            1167.00
       5       59   92163            1562.08
       6       59   99603            1688.19

Additional Load Imbalance Metrics
----------------------------------
Max block size / Avg block size   : 1.680601
Max color nodes / Avg color nodes : 1.183742

-------------------------------------------------
af_shell3 gamma = 1, coloring = 1

==============================================
  Partitioning Evaluation Report
==============================================
1. Total Blocks          : 439
   Total Colors          : 6
2. Nodes per Block
   - Average             : 1150.01
   - Maximum             : 1942
   - Minimum             : 470
   - Stddev              : 290.635706
   - Gini coefficient    : 0.144020
3. Internal Avg Degree   : 31.2340 (Mean of per-block avg)
4. Block Graph Avg Deg   : 5.5080
5. Modularity
   - Unweighted Q        : 0.923095
   - Weighted Q          : 0.924133
==============================================
Internal edges : 7905790
External edges : 636220
Internal ratio : 0.925519
Avg block density : 0.029052
Block graph edges : 1209
Block graph density : 0.012575
Locality score : 12.426170

6. Color Statistics
   Color   Blocks   Nodes   AvgNodesPerBlock
       1      105   124582            1186.50
       2      104   117673            1131.47
       3       97   101157            1042.86
       4       95   127416            1341.22
       5       36   32006             889.06
       6        2    2021            1010.50

Additional Load Imbalance Metrics
----------------------------------
Max block size / Avg block size   : 1.688679
Max color nodes / Avg color nodes : 1.514288

-------------------------------------------------
af_shell3 gamma = 1, coloring = 2

==============================================
  Partitioning Evaluation Report
==============================================
1. Total Blocks          : 439
   Total Colors          : 6
2. Nodes per Block
   - Average             : 1150.01
   - Maximum             : 1942
   - Minimum             : 470
   - Stddev              : 290.635706
   - Gini coefficient    : 0.144020
3. Internal Avg Degree   : 31.2340 (Mean of per-block avg)
4. Block Graph Avg Deg   : 5.5080
5. Modularity
   - Unweighted Q        : 0.923095
   - Weighted Q          : 0.924133
==============================================
Internal edges : 7905790
External edges : 636220
Internal ratio : 0.925519
Avg block density : 0.029052
Block graph edges : 1209
Block graph density : 0.012575
Locality score : 12.426170

6. Color Statistics
   Color   Blocks   Nodes   AvgNodesPerBlock
       1       74   89846            1214.14
       2       73   89624            1227.73
       3       73   83323            1141.41
       4       73   85075            1165.41
       5       73   76953            1054.15
       6       73   80034            1096.36

Additional Load Imbalance Metrics
----------------------------------
Max block size / Avg block size   : 1.688679
Max color nodes / Avg color nodes : 1.067784

-------------------------------------------------
af_shell3 gamma = 1, coloring = 3

==============================================
  Partitioning Evaluation Report
==============================================
1. Total Blocks          : 439
   Total Colors          : 6
2. Nodes per Block
   - Average             : 1150.01
   - Maximum             : 1942
   - Minimum             : 470
   - Stddev              : 290.635706
   - Gini coefficient    : 0.144020
3. Internal Avg Degree   : 31.2340 (Mean of per-block avg)
4. Block Graph Avg Deg   : 5.5080
5. Modularity
   - Unweighted Q        : 0.923095
   - Weighted Q          : 0.924133
==============================================
Internal edges : 7905790
External edges : 636220
Internal ratio : 0.925519
Avg block density : 0.029052
Block graph edges : 1209
Block graph density : 0.012575
Locality score : 12.426170

6. Color Statistics
   Color   Blocks   Nodes   AvgNodesPerBlock
       1       74   70459             952.15
       2       73   93338            1278.60
       3       73   77789            1065.60
       4       73   75862            1039.21
       5       73   80754            1106.22
       6       73   106653            1461.00

Additional Load Imbalance Metrics
----------------------------------
Max block size / Avg block size   : 1.688679
Max color nodes / Avg color nodes : 1.267528

-------------------------------------------------
af_shell3 gamma = 125, coloring = 1

==============================================
  Partitioning Evaluation Report
==============================================
1. Total Blocks          : 506
   Total Colors          : 6
2. Nodes per Block
   - Average             : 997.74
   - Maximum             : 1639
   - Minimum             : 280
   - Stddev              : 253.175407
   - Gini coefficient    : 0.144833
3. Internal Avg Degree   : 31.0548 (Mean of per-block avg)
4. Block Graph Avg Deg   : 5.5336
5. Modularity
   - Unweighted Q        : 0.918288
   - Weighted Q          : 0.919416
==============================================
Internal edges : 7861999
External edges : 680011
Internal ratio : 0.920392
Avg block density : 0.033423
Block graph edges : 1400
Block graph density : 0.010958
Locality score : 11.561559

6. Color Statistics
   Color   Blocks   Nodes   AvgNodesPerBlock
       1      130   123842             952.63
       2      116   122773            1058.39
       3      115   132878            1155.46
       4      108   96560             894.07
       5       33   25784             781.33
       6        4    3018             754.50

Additional Load Imbalance Metrics
----------------------------------
Max block size / Avg block size   : 1.642717
Max color nodes / Avg color nodes : 1.579202

-------------------------------------------------
af_shell3 gamma = 125, coloring = 2

==============================================
  Partitioning Evaluation Report
==============================================
1. Total Blocks          : 506
   Total Colors          : 6
2. Nodes per Block
   - Average             : 997.74
   - Maximum             : 1639
   - Minimum             : 280
   - Stddev              : 253.175407
   - Gini coefficient    : 0.144833
3. Internal Avg Degree   : 31.0548 (Mean of per-block avg)
4. Block Graph Avg Deg   : 5.5336
5. Modularity
   - Unweighted Q        : 0.918288
   - Weighted Q          : 0.919416
==============================================
Internal edges : 7861999
External edges : 680011
Internal ratio : 0.920392
Avg block density : 0.033423
Block graph edges : 1400
Block graph density : 0.010958
Locality score : 11.561559

6. Color Statistics
   Color   Blocks   Nodes   AvgNodesPerBlock
       1       85   89779            1056.22
       2       85   82720             973.18
       3       84   91369            1087.73
       4       84   88702            1055.98
       5       84   74078             881.88
       6       84   78207             931.04

Additional Load Imbalance Metrics
----------------------------------
Max block size / Avg block size   : 1.642717
Max color nodes / Avg color nodes : 1.085884

-------------------------------------------------
af_shell3 gamma = 125, coloring = 3

==============================================
  Partitioning Evaluation Report
==============================================
1. Total Blocks          : 506
   Total Colors          : 6
2. Nodes per Block
   - Average             : 997.74
   - Maximum             : 1639
   - Minimum             : 280
   - Stddev              : 253.175407
   - Gini coefficient    : 0.144833
3. Internal Avg Degree   : 31.0548 (Mean of per-block avg)
4. Block Graph Avg Deg   : 5.5336
5. Modularity
   - Unweighted Q        : 0.918288
   - Weighted Q          : 0.919416
==============================================
Internal edges : 7861999
External edges : 680011
Internal ratio : 0.920392
Avg block density : 0.033423
Block graph edges : 1400
Block graph density : 0.010958
Locality score : 11.561559

6. Color Statistics
   Color   Blocks   Nodes   AvgNodesPerBlock
       1       85   71769             844.34
       2       85   73475             864.41
       3       84   90453            1076.82
       4       84   83205             990.54
       5       84   86756            1032.81
       6       84   99197            1180.92

Additional Load Imbalance Metrics
----------------------------------
Max block size / Avg block size   : 1.642717
Max color nodes / Avg color nodes : 1.178917

-------------------------------------------------
af_shell3 gamma = 15, coloring = 1

==============================================
  Partitioning Evaluation Report
==============================================
1. Total Blocks          : 568
   Total Colors          : 6
2. Nodes per Block
   - Average             : 888.83
   - Maximum             : 1583
   - Minimum             : 390
   - Stddev              : 220.377487
   - Gini coefficient    : 0.140939
3. Internal Avg Degree   : 30.8810 (Mean of per-block avg)
4. Block Graph Avg Deg   : 5.5599
5. Modularity
   - Unweighted Q        : 0.913458
   - Weighted Q          : 0.914641
==============================================
Internal edges : 7818737
External edges : 723273
Internal ratio : 0.915328
Avg block density : 0.037067
Block graph edges : 1579
Block graph density : 0.009806
Locality score : 10.810201

6. Color Statistics
   Color   Blocks   Nodes   AvgNodesPerBlock
       1      137   118335             863.76
       2      131   125573             958.57
       3      131   104811             800.08
       4      124   125395            1011.25
       5       44   30013             682.11
       6        1     728             728.00

Additional Load Imbalance Metrics
----------------------------------
Max block size / Avg block size   : 1.780995
Max color nodes / Avg color nodes : 1.492385

-------------------------------------------------
af_shell3 gamma = 15, coloring = 2

==============================================
  Partitioning Evaluation Report
==============================================
1. Total Blocks          : 568
   Total Colors          : 6
2. Nodes per Block
   - Average             : 888.83
   - Maximum             : 1583
   - Minimum             : 390
   - Stddev              : 220.377487
   - Gini coefficient    : 0.140939
3. Internal Avg Degree   : 30.8810 (Mean of per-block avg)
4. Block Graph Avg Deg   : 5.5599
5. Modularity
   - Unweighted Q        : 0.913458
   - Weighted Q          : 0.914641
==============================================
Internal edges : 7818737
External edges : 723273
Internal ratio : 0.915328
Avg block density : 0.037067
Block graph edges : 1579
Block graph density : 0.009806
Locality score : 10.810201

6. Color Statistics
   Color   Blocks   Nodes   AvgNodesPerBlock
       1       95   89540             942.53
       2       95   88690             933.58
       3       95   84322             887.60
       4       95   81139             854.09
       5       94   84811             902.24
       6       94   76353             812.27

Additional Load Imbalance Metrics
----------------------------------
Max block size / Avg block size   : 1.780995
Max color nodes / Avg color nodes : 1.064147

-------------------------------------------------
af_shell3 gamma = 15, coloring = 3

==============================================
  Partitioning Evaluation Report
==============================================
1. Total Blocks          : 568
   Total Colors          : 6
2. Nodes per Block
   - Average             : 888.83
   - Maximum             : 1583
   - Minimum             : 390
   - Stddev              : 220.377487
   - Gini coefficient    : 0.140939
3. Internal Avg Degree   : 30.8810 (Mean of per-block avg)
4. Block Graph Avg Deg   : 5.5599
5. Modularity
   - Unweighted Q        : 0.913458
   - Weighted Q          : 0.914641
==============================================
Internal edges : 7818737
External edges : 723273
Internal ratio : 0.915328
Avg block density : 0.037067
Block graph edges : 1579
Block graph density : 0.009806
Locality score : 10.810201

6. Color Statistics
   Color   Blocks   Nodes   AvgNodesPerBlock
       1       95   90134             948.78
       2       95   85738             902.51
       3       95   73250             771.05
       4       95   70630             743.47
       5       94   83851             892.03
       6       94   101252            1077.15

Additional Load Imbalance Metrics
----------------------------------
Max block size / Avg block size   : 1.780995
Max color nodes / Avg color nodes : 1.203340

-------------------------------------------------
af_shell3 gamma = 2, coloring = 1

==============================================
  Partitioning Evaluation Report
==============================================
1. Total Blocks          : 701
   Total Colors          : 6
2. Nodes per Block
   - Average             : 720.19
   - Maximum             : 1215
   - Minimum             : 300
   - Stddev              : 173.685719
   - Gini coefficient    : 0.137191
3. Internal Avg Degree   : 30.5686 (Mean of per-block avg)
4. Block Graph Avg Deg   : 5.6063
5. Modularity
   - Unweighted Q        : 0.904618
   - Weighted Q          : 0.905949
==============================================
Internal edges : 7740150
External edges : 801860
Internal ratio : 0.906127
Avg block density : 0.045129
Block graph edges : 1965
Block graph density : 0.008009
Locality score : 9.652733

6. Color Statistics
   Color   Blocks   Nodes   AvgNodesPerBlock
       1      172   123662             718.97
       2      169   126556             748.85
       3      159   128891             810.64
       4      143   90691             634.20
       5       56   34008             607.29
       6        2    1047             523.50

Additional Load Imbalance Metrics
----------------------------------
Max block size / Avg block size   : 1.687049
Max color nodes / Avg color nodes : 1.531818

-------------------------------------------------
af_shell3 gamma = 2, coloring = 2

==============================================
  Partitioning Evaluation Report
==============================================
1. Total Blocks          : 701
   Total Colors          : 6
2. Nodes per Block
   - Average             : 720.19
   - Maximum             : 1215
   - Minimum             : 300
   - Stddev              : 173.685719
   - Gini coefficient    : 0.137191
3. Internal Avg Degree   : 30.5686 (Mean of per-block avg)
4. Block Graph Avg Deg   : 5.6063
5. Modularity
   - Unweighted Q        : 0.904618
   - Weighted Q          : 0.905949
==============================================
Internal edges : 7740150
External edges : 801860
Internal ratio : 0.906127
Avg block density : 0.045129
Block graph edges : 1965
Block graph density : 0.008009
Locality score : 9.652733

6. Color Statistics
   Color   Blocks   Nodes   AvgNodesPerBlock
       1      117   88760             758.63
       2      117   88115             753.12
       3      117   85747             732.88
       4      117   80651             689.32
       5      117   79212             677.03
       6      116   82370             710.09

Additional Load Imbalance Metrics
----------------------------------
Max block size / Avg block size   : 1.687049
Max color nodes / Avg color nodes : 1.054877

-------------------------------------------------
af_shell3 gamma = 2, coloring = 3

==============================================
  Partitioning Evaluation Report
==============================================
1. Total Blocks          : 701
   Total Colors          : 6
2. Nodes per Block
   - Average             : 720.19
   - Maximum             : 1215
   - Minimum             : 300
   - Stddev              : 173.685719
   - Gini coefficient    : 0.137191
3. Internal Avg Degree   : 30.5686 (Mean of per-block avg)
4. Block Graph Avg Deg   : 5.6063
5. Modularity
   - Unweighted Q        : 0.904618
   - Weighted Q          : 0.905949
==============================================
Internal edges : 7740150
External edges : 801860
Internal ratio : 0.906127
Avg block density : 0.045129
Block graph edges : 1965
Block graph density : 0.008009
Locality score : 9.652733

6. Color Statistics
   Color   Blocks   Nodes   AvgNodesPerBlock
       1      117   88839             759.31
       2      117   79233             677.21
       3      117   76666             655.26
       4      117   70898             605.97
       5      117   84282             720.36
       6      116   104937             904.63

Additional Load Imbalance Metrics
----------------------------------
Max block size / Avg block size   : 1.687049
Max color nodes / Avg color nodes : 1.247134

-------------------------------------------------
ecology2 gamma = 05, coloring = 1

==============================================
  Partitioning Evaluation Report
==============================================
1. Total Blocks          : 3941
   Total Colors          : 6
2. Nodes per Block
   - Average             : 253.74
   - Maximum             : 420
   - Minimum             : 79
   - Stddev              : 41.478577
   - Gini coefficient    : 0.090243
3. Internal Avg Degree   : 3.7194 (Mean of per-block avg)
4. Block Graph Avg Deg   : 5.8782
5. Modularity
   - Unweighted Q        : 0.931243
   - Weighted Q          : 0.931326
==============================================
Internal edges : 1861141
External edges : 136855
Internal ratio : 0.931504
Avg block density : 0.015157
Block graph edges : 11583
Block graph density : 0.001492
Locality score : 13.599265

6. Color Statistics
   Color   Blocks   Nodes   AvgNodesPerBlock
       1      906   229582             253.40
       2      886   212608             239.96
       3      863   226674             262.66
       4      818   226312             276.67
       5      438   98179             224.15
       6       30    6644             221.47

Additional Load Imbalance Metrics
----------------------------------
Max block size / Avg block size   : 1.655222
Max color nodes / Avg color nodes : 1.377493

-------------------------------------------------
ecology2 gamma = 05, coloring = 2

==============================================
  Partitioning Evaluation Report
==============================================
1. Total Blocks          : 3941
   Total Colors          : 7
2. Nodes per Block
   - Average             : 253.74
   - Maximum             : 420
   - Minimum             : 79
   - Stddev              : 41.478577
   - Gini coefficient    : 0.090243
3. Internal Avg Degree   : 3.7194 (Mean of per-block avg)
4. Block Graph Avg Deg   : 5.8782
5. Modularity
   - Unweighted Q        : 0.931243
   - Weighted Q          : 0.931326
==============================================
Internal edges : 1861141
External edges : 136855
Internal ratio : 0.931504
Avg block density : 0.015157
Block graph edges : 11583
Block graph density : 0.001492
Locality score : 13.599265

6. Color Statistics
   Color   Blocks   Nodes   AvgNodesPerBlock
       1      564   145269             257.57
       2      563   144354             256.40
       3      563   146096             259.50
       4      563   142856             253.74
       5      563   146657             260.49
       6      563   138848             246.62
       7      562   135919             241.85

Additional Load Imbalance Metrics
----------------------------------
Max block size / Avg block size   : 1.655222
Max color nodes / Avg color nodes : 1.026600

-------------------------------------------------
ecology2 gamma = 05, coloring = 3

==============================================
  Partitioning Evaluation Report
==============================================
1. Total Blocks          : 3941
   Total Colors          : 6
2. Nodes per Block
   - Average             : 253.74
   - Maximum             : 420
   - Minimum             : 79
   - Stddev              : 41.478577
   - Gini coefficient    : 0.090243
3. Internal Avg Degree   : 3.7194 (Mean of per-block avg)
4. Block Graph Avg Deg   : 5.8782
5. Modularity
   - Unweighted Q        : 0.931243
   - Weighted Q          : 0.931326
==============================================
Internal edges : 1861141
External edges : 136855
Internal ratio : 0.931504
Avg block density : 0.015157
Block graph edges : 11583
Block graph density : 0.001492
Locality score : 13.599265

6. Color Statistics
   Color   Blocks   Nodes   AvgNodesPerBlock
       1      657   178658             271.93
       2      657   164704             250.69
       3      657   158662             241.49
       4      657   149563             227.65
       5      657   159033             242.06
       6      656   189379             288.69

Additional Load Imbalance Metrics
----------------------------------
Max block size / Avg block size   : 1.655222
Max color nodes / Avg color nodes : 1.136275

-------------------------------------------------
ecology2 gamma = 075, coloring = 1

==============================================
  Partitioning Evaluation Report
==============================================
1. Total Blocks          : 5227
   Total Colors          : 6
2. Nodes per Block
   - Average             : 191.31
   - Maximum             : 336
   - Minimum             : 67
   - Stddev              : 32.788276
   - Gini coefficient    : 0.095213
3. Internal Avg Degree   : 3.6783 (Mean of per-block avg)
4. Block Graph Avg Deg   : 5.8913
5. Modularity
   - Unweighted Q        : 0.921275
   - Weighted Q          : 0.921281
==============================================
Internal edges : 1841097
External edges : 156899
Internal ratio : 0.921472
Avg block density : 0.019957
Block graph edges : 15397
Block graph density : 0.001127
Locality score : 11.734207

6. Color Statistics
   Color   Blocks   Nodes   AvgNodesPerBlock
       1     1236   236203             191.10
       2     1184   234977             198.46
       3     1136   203011             178.71
       4     1109   231082             208.37
       5      526   89111             169.41
       6       36    5615             155.97

Additional Load Imbalance Metrics
----------------------------------
Max block size / Avg block size   : 1.756274
Max color nodes / Avg color nodes : 1.417219

-------------------------------------------------
ecology2 gamma = 075, coloring = 2

==============================================
  Partitioning Evaluation Report
==============================================
1. Total Blocks          : 5227
   Total Colors          : 7
2. Nodes per Block
   - Average             : 191.31
   - Maximum             : 336
   - Minimum             : 67
   - Stddev              : 32.788276
   - Gini coefficient    : 0.095213
3. Internal Avg Degree   : 3.6783 (Mean of per-block avg)
4. Block Graph Avg Deg   : 5.8913
5. Modularity
   - Unweighted Q        : 0.921275
   - Weighted Q          : 0.921281
==============================================
Internal edges : 1841097
External edges : 156899
Internal ratio : 0.921472
Avg block density : 0.019957
Block graph edges : 15397
Block graph density : 0.001127
Locality score : 11.734207

6. Color Statistics
   Color   Blocks   Nodes   AvgNodesPerBlock
       1      747   148363             198.61
       2      747   147342             197.24
       3      747   147522             197.49
       4      747   141982             190.07
       5      747   141461             189.37
       6      746   141888             190.20
       7      746   131441             176.19

Additional Load Imbalance Metrics
----------------------------------
Max block size / Avg block size   : 1.756274
Max color nodes / Avg color nodes : 1.038542

-------------------------------------------------
ecology2 gamma = 075, coloring = 3

==============================================
  Partitioning Evaluation Report
==============================================
1. Total Blocks          : 5227
   Total Colors          : 6
2. Nodes per Block
   - Average             : 191.31
   - Maximum             : 336
   - Minimum             : 67
   - Stddev              : 32.788276
   - Gini coefficient    : 0.095213
3. Internal Avg Degree   : 3.6783 (Mean of per-block avg)
4. Block Graph Avg Deg   : 5.8913
5. Modularity
   - Unweighted Q        : 0.921275
   - Weighted Q          : 0.921281
==============================================
Internal edges : 1841097
External edges : 156899
Internal ratio : 0.921472
Avg block density : 0.019957
Block graph edges : 15397
Block graph density : 0.001127
Locality score : 11.734207

6. Color Statistics
   Color   Blocks   Nodes   AvgNodesPerBlock
       1      872   148819             170.66
       2      871   177827             204.16
       3      871   163525             187.74
       4      871   157245             180.53
       5      871   161212             185.09
       6      871   191371             219.71

Additional Load Imbalance Metrics
----------------------------------
Max block size / Avg block size   : 1.756274
Max color nodes / Avg color nodes : 1.148227

-------------------------------------------------
ecology2 gamma = 1, coloring = 1

==============================================
  Partitioning Evaluation Report
==============================================
1. Total Blocks          : 6366
   Total Colors          : 6
2. Nodes per Block
   - Average             : 157.08
   - Maximum             : 275
   - Minimum             : 45
   - Stddev              : 27.286911
   - Gini coefficient    : 0.096119
3. Internal Avg Degree   : 3.6457 (Mean of per-block avg)
4. Block Graph Avg Deg   : 5.8982
5. Modularity
   - Unweighted Q        : 0.913306
   - Weighted Q          : 0.913346
==============================================
Internal edges : 1825106
External edges : 172890
Internal ratio : 0.913468
Avg block density : 0.024148
Block graph edges : 18774
Block graph density : 0.000927
Locality score : 10.556397

6. Color Statistics
   Color   Blocks   Nodes   AvgNodesPerBlock
       1     1485   232779             156.75
       2     1445   234907             162.57
       3     1385   202644             146.31
       4     1351   232408             172.03
       5      649   89985             138.65
       6       51    7276             142.67

Additional Load Imbalance Metrics
----------------------------------
Max block size / Avg block size   : 1.750652
Max color nodes / Avg color nodes : 1.409443

-------------------------------------------------
ecology2 gamma = 1, coloring = 2

==============================================
  Partitioning Evaluation Report
==============================================
1. Total Blocks          : 6366
   Total Colors          : 7
2. Nodes per Block
   - Average             : 157.08
   - Maximum             : 275
   - Minimum             : 45
   - Stddev              : 27.286911
   - Gini coefficient    : 0.096119
3. Internal Avg Degree   : 3.6457 (Mean of per-block avg)
4. Block Graph Avg Deg   : 5.8982
5. Modularity
   - Unweighted Q        : 0.913306
   - Weighted Q          : 0.913346
==============================================
Internal edges : 1825106
External edges : 172890
Internal ratio : 0.913468
Avg block density : 0.024148
Block graph edges : 18774
Block graph density : 0.000927
Locality score : 10.556397

6. Color Statistics
   Color   Blocks   Nodes   AvgNodesPerBlock
       1      910   145865             160.29
       2      910   145494             159.88
       3      910   144382             158.66
       4      910   140552             154.45
       5      909   148323             163.17
       6      909   140616             154.69
       7      908   134767             148.42

Additional Load Imbalance Metrics
----------------------------------
Max block size / Avg block size   : 1.750652
Max color nodes / Avg color nodes : 1.038262

-------------------------------------------------
ecology2 gamma = 1, coloring = 3

==============================================
  Partitioning Evaluation Report
==============================================
1. Total Blocks          : 6366
   Total Colors          : 6
2. Nodes per Block
   - Average             : 157.08
   - Maximum             : 275
   - Minimum             : 45
   - Stddev              : 27.286911
   - Gini coefficient    : 0.096119
3. Internal Avg Degree   : 3.6457 (Mean of per-block avg)
4. Block Graph Avg Deg   : 5.8982
5. Modularity
   - Unweighted Q        : 0.913306
   - Weighted Q          : 0.913346
==============================================
Internal edges : 1825106
External edges : 172890
Internal ratio : 0.913468
Avg block density : 0.024148
Block graph edges : 18774
Block graph density : 0.000927
Locality score : 10.556397

6. Color Statistics
   Color   Blocks   Nodes   AvgNodesPerBlock
       1     1061   174923             164.87
       2     1061   165777             156.25
       3     1061   155912             146.95
       4     1061   149728             141.12
       5     1061   164606             155.14
       6     1061   189053             178.18

Additional Load Imbalance Metrics
----------------------------------
Max block size / Avg block size   : 1.750652
Max color nodes / Avg color nodes : 1.134319

-------------------------------------------------
ecology2 gamma = 125, coloring = 1

==============================================
  Partitioning Evaluation Report
==============================================
1. Total Blocks          : 7370
   Total Colors          : 6
2. Nodes per Block
   - Average             : 135.69
   - Maximum             : 236
   - Minimum             : 46
   - Stddev              : 23.680810
   - Gini coefficient    : 0.097040
3. Internal Avg Degree   : 3.6200 (Mean of per-block avg)
4. Block Graph Avg Deg   : 5.9020
5. Modularity
   - Unweighted Q        : 0.906987
   - Weighted Q          : 0.907020
==============================================
Internal edges : 1812436
External edges : 185560
Internal ratio : 0.907127
Avg block density : 0.027791
Block graph edges : 21749
Block graph density : 0.000801
Locality score : 9.767333

6. Color Statistics
   Color   Blocks   Nodes   AvgNodesPerBlock
       1     1723   233353             135.43
       2     1664   234346             140.83
       3     1636   206862             126.44
       4     1555   232333             149.41
       5      748   88216             117.94
       6       44    4889             111.11

Additional Load Imbalance Metrics
----------------------------------
Max block size / Avg block size   : 1.739322
Max color nodes / Avg color nodes : 1.406077

-------------------------------------------------
ecology2 gamma = 125, coloring = 2

==============================================
  Partitioning Evaluation Report
==============================================
1. Total Blocks          : 7370
   Total Colors          : 7
2. Nodes per Block
   - Average             : 135.69
   - Maximum             : 236
   - Minimum             : 46
   - Stddev              : 23.680810
   - Gini coefficient    : 0.097040
3. Internal Avg Degree   : 3.6200 (Mean of per-block avg)
4. Block Graph Avg Deg   : 5.9020
5. Modularity
   - Unweighted Q        : 0.906987
   - Weighted Q          : 0.907020
==============================================
Internal edges : 1812436
External edges : 185560
Internal ratio : 0.907127
Avg block density : 0.027791
Block graph edges : 21749
Block graph density : 0.000801
Locality score : 9.767333

6. Color Statistics
   Color   Blocks   Nodes   AvgNodesPerBlock
       1     1053   147381             139.96
       2     1053   145717             138.38
       3     1053   146483             139.11
       4     1053   140446             133.38
       5     1053   145912             138.57
       6     1053   142661             135.48
       7     1052   131399             124.90

Additional Load Imbalance Metrics
----------------------------------
Max block size / Avg block size   : 1.739322
Max color nodes / Avg color nodes : 1.031668

-------------------------------------------------
ecology2 gamma = 125, coloring = 3

==============================================
  Partitioning Evaluation Report
==============================================
1. Total Blocks          : 7370
   Total Colors          : 6
2. Nodes per Block
   - Average             : 135.69
   - Maximum             : 236
   - Minimum             : 46
   - Stddev              : 23.680810
   - Gini coefficient    : 0.097040
3. Internal Avg Degree   : 3.6200 (Mean of per-block avg)
4. Block Graph Avg Deg   : 5.9020
5. Modularity
   - Unweighted Q        : 0.906987
   - Weighted Q          : 0.907020
==============================================
Internal edges : 1812436
External edges : 185560
Internal ratio : 0.907127
Avg block density : 0.027791
Block graph edges : 21749
Block graph density : 0.000801
Locality score : 9.767333

6. Color Statistics
   Color   Blocks   Nodes   AvgNodesPerBlock
       1     1229   156010             126.94
       2     1229   148852             121.12
       3     1228   175943             143.28
       4     1228   166699             135.75
       5     1228   163856             133.43
       6     1228   188639             153.61

Additional Load Imbalance Metrics
----------------------------------
Max block size / Avg block size   : 1.739322
Max color nodes / Avg color nodes : 1.131835

-------------------------------------------------
ecology2 gamma = 15, coloring = 1

==============================================
  Partitioning Evaluation Report
==============================================
1. Total Blocks          : 8371
   Total Colors          : 6
2. Nodes per Block
   - Average             : 119.46
   - Maximum             : 230
   - Minimum             : 36
   - Stddev              : 21.664003
   - Gini coefficient    : 0.100600
3. Internal Avg Degree   : 3.5958 (Mean of per-block avg)
4. Block Graph Avg Deg   : 5.9063
5. Modularity
   - Unweighted Q        : 0.901156
   - Weighted Q          : 0.901175
==============================================
Internal edges : 1800753
External edges : 197243
Internal ratio : 0.901280
Avg block density : 0.031472
Block graph edges : 24721
Block graph density : 0.000706
Locality score : 9.129570

6. Color Statistics
   Color   Blocks   Nodes   AvgNodesPerBlock
       1     1968   234561             119.19
       2     1872   208226             111.23
       3     1870   231944             124.03
       4     1777   233279             131.28
       5      836   87485             104.65
       6       48    4504              93.83

Additional Load Imbalance Metrics
----------------------------------
Max block size / Avg block size   : 1.925332
Max color nodes / Avg color nodes : 1.407367

-------------------------------------------------
ecology2 gamma = 15, coloring = 2

==============================================
  Partitioning Evaluation Report
==============================================
1. Total Blocks          : 8371
   Total Colors          : 7
2. Nodes per Block
   - Average             : 119.46
   - Maximum             : 230
   - Minimum             : 36
   - Stddev              : 21.664003
   - Gini coefficient    : 0.100600
3. Internal Avg Degree   : 3.5958 (Mean of per-block avg)
4. Block Graph Avg Deg   : 5.9063
5. Modularity
   - Unweighted Q        : 0.901156
   - Weighted Q          : 0.901175
==============================================
Internal edges : 1800753
External edges : 197243
Internal ratio : 0.901280
Avg block density : 0.031472
Block graph edges : 24721
Block graph density : 0.000706
Locality score : 9.129570

6. Color Statistics
   Color   Blocks   Nodes   AvgNodesPerBlock
       1     1196   144988             121.23
       2     1196   142929             119.51
       3     1196   144323             120.67
       4     1196   142672             119.29
       5     1196   143930             120.34
       6     1196   142386             119.05
       7     1195   138771             116.13

Additional Load Imbalance Metrics
----------------------------------
Max block size / Avg block size   : 1.925332
Max color nodes / Avg color nodes : 1.014917

-------------------------------------------------
ecology2 gamma = 15, coloring = 3

==============================================
  Partitioning Evaluation Report
==============================================
1. Total Blocks          : 8371
   Total Colors          : 6
2. Nodes per Block
   - Average             : 119.46
   - Maximum             : 230
   - Minimum             : 36
   - Stddev              : 21.664003
   - Gini coefficient    : 0.100600
3. Internal Avg Degree   : 3.5958 (Mean of per-block avg)
4. Block Graph Avg Deg   : 5.9063
5. Modularity
   - Unweighted Q        : 0.901156
   - Weighted Q          : 0.901175
==============================================
Internal edges : 1800753
External edges : 197243
Internal ratio : 0.901280
Avg block density : 0.031472
Block graph edges : 24721
Block graph density : 0.000706
Locality score : 9.129570

6. Color Statistics
   Color   Blocks   Nodes   AvgNodesPerBlock
       1     1396   146734             105.11
       2     1395   179408             128.61
       3     1395   164156             117.67
       4     1395   156890             112.47
       5     1395   160458             115.02
       6     1395   192353             137.89

Additional Load Imbalance Metrics
----------------------------------
Max block size / Avg block size   : 1.925332
Max color nodes / Avg color nodes : 1.154119

-------------------------------------------------
ecology2 gamma = 2, coloring = 1

==============================================
  Partitioning Evaluation Report
==============================================
1. Total Blocks          : 10134
   Total Colors          : 6
2. Nodes per Block
   - Average             : 98.68
   - Maximum             : 180
   - Minimum             : 25
   - Stddev              : 17.932465
   - Gini coefficient    : 0.101188
3. Internal Avg Degree   : 3.5562 (Mean of per-block avg)
4. Block Graph Avg Deg   : 5.9100
5. Modularity
   - Unweighted Q        : 0.891464
   - Weighted Q          : 0.891498
==============================================
Internal edges : 1781346
External edges : 216650
Internal ratio : 0.891566
Avg block density : 0.037755
Block graph edges : 29946
Block graph density : 0.000583
Locality score : 8.222191

6. Color Statistics
   Color   Blocks   Nodes   AvgNodesPerBlock
       1     2390   236069              98.77
       2     2271   233342             102.75
       3     2234   203919              91.28
       4     2138   232533             108.76
       5     1032   88256              85.52
       6       69    5880              85.22

Additional Load Imbalance Metrics
----------------------------------
Max block size / Avg block size   : 1.824122
Max color nodes / Avg color nodes : 1.416415

-------------------------------------------------
ecology2 gamma = 2, coloring = 2

==============================================
  Partitioning Evaluation Report
==============================================
1. Total Blocks          : 10134
   Total Colors          : 7
2. Nodes per Block
   - Average             : 98.68
   - Maximum             : 180
   - Minimum             : 25
   - Stddev              : 17.932465
   - Gini coefficient    : 0.101188
3. Internal Avg Degree   : 3.5562 (Mean of per-block avg)
4. Block Graph Avg Deg   : 5.9100
5. Modularity
   - Unweighted Q        : 0.891464
   - Weighted Q          : 0.891498
==============================================
Internal edges : 1781346
External edges : 216650
Internal ratio : 0.891566
Avg block density : 0.037755
Block graph edges : 29946
Block graph density : 0.000583
Locality score : 8.222191

6. Color Statistics
   Color   Blocks   Nodes   AvgNodesPerBlock
       1     1448   147210             101.66
       2     1448   147000             101.52
       3     1448   146084             100.89
       4     1448   141661              97.83
       5     1448   141908              98.00
       6     1447   142957              98.80
       7     1447   133179              92.04

Additional Load Imbalance Metrics
----------------------------------
Max block size / Avg block size   : 1.824122
Max color nodes / Avg color nodes : 1.030471

-------------------------------------------------
ecology2 gamma = 2, coloring = 3

==============================================
  Partitioning Evaluation Report
==============================================
1. Total Blocks          : 10134
   Total Colors          : 6
2. Nodes per Block
   - Average             : 98.68
   - Maximum             : 180
   - Minimum             : 25
   - Stddev              : 17.932465
   - Gini coefficient    : 0.101188
3. Internal Avg Degree   : 3.5562 (Mean of per-block avg)
4. Block Graph Avg Deg   : 5.9100
5. Modularity
   - Unweighted Q        : 0.891464
   - Weighted Q          : 0.891498
==============================================
Internal edges : 1781346
External edges : 216650
Internal ratio : 0.891566
Avg block density : 0.037755
Block graph edges : 29946
Block graph density : 0.000583
Locality score : 8.222191

6. Color Statistics
   Color   Blocks   Nodes   AvgNodesPerBlock
       1     1689   176054             104.24
       2     1689   166931              98.83
       3     1689   155974              92.35
       4     1689   147979              87.61
       5     1689   163504              96.81
       6     1689   189557             112.23

Additional Load Imbalance Metrics
----------------------------------
Max block size / Avg block size   : 1.824122
Max color nodes / Avg color nodes : 1.137343

-------------------------------------------------
Emilia_923 gamma = 05, coloring = 1

==============================================
  Partitioning Evaluation Report
==============================================
1. Total Blocks          : 253
   Total Colors          : 9
2. Nodes per Block
   - Average             : 3648.76
   - Maximum             : 6530
   - Minimum             : 720
   - Stddev              : 1096.187750
   - Gini coefficient    : 0.170924
3. Internal Avg Degree   : 37.5998 (Mean of per-block avg)
4. Block Graph Avg Deg   : 13.0040
5. Modularity
   - Unweighted Q        : 0.867207
   - Weighted Q          : 0.848636
==============================================
Internal edges : 17466149
External edges : 2574886
Internal ratio : 0.871519
Avg block density : 0.011393
Block graph edges : 1645
Block graph density : 0.051603
Locality score : 6.783268

6. Color Statistics
   Color   Blocks   Nodes   AvgNodesPerBlock
       1       34   118468            3484.35
       2       34   131185            3858.38
       3       34   128653            3783.91
       4       33   142503            4318.27
       5       33   116680            3535.76
       6       32   118859            3714.34
       7       28   93267            3330.96
       8       21   65993            3142.52
       9        4    7528            1882.00

Additional Load Imbalance Metrics
----------------------------------
Max block size / Avg block size   : 1.789650
Max color nodes / Avg color nodes : 1.389315

-------------------------------------------------
Emilia_923 gamma = 05, coloring = 2

==============================================
  Partitioning Evaluation Report
==============================================
1. Total Blocks          : 253
   Total Colors          : 10
2. Nodes per Block
   - Average             : 3648.76
   - Maximum             : 6530
   - Minimum             : 720
   - Stddev              : 1096.187750
   - Gini coefficient    : 0.170924
3. Internal Avg Degree   : 37.5998 (Mean of per-block avg)
4. Block Graph Avg Deg   : 13.0040
5. Modularity
   - Unweighted Q        : 0.867207
   - Weighted Q          : 0.848636
==============================================
Internal edges : 17466149
External edges : 2574886
Internal ratio : 0.871519
Avg block density : 0.011393
Block graph edges : 1645
Block graph density : 0.051603
Locality score : 6.783268

6. Color Statistics
   Color   Blocks   Nodes   AvgNodesPerBlock
       1       26   104433            4016.65
       2       26   100058            3848.38
       3       26   98069            3771.88
       4       25   91993            3679.72
       5       25   85565            3422.60
       6       25   88854            3554.16
       7       25   81462            3258.48
       8       25   95579            3823.16
       9       25   86299            3451.96
      10       25   90824            3632.96

Additional Load Imbalance Metrics
----------------------------------
Max block size / Avg block size   : 1.789650
Max color nodes / Avg color nodes : 1.131285

-------------------------------------------------
Emilia_923 gamma = 05, coloring = 3

==============================================
  Partitioning Evaluation Report
==============================================
1. Total Blocks          : 253
   Total Colors          : 9
2. Nodes per Block
   - Average             : 3648.76
   - Maximum             : 6530
   - Minimum             : 720
   - Stddev              : 1096.187750
   - Gini coefficient    : 0.170924
3. Internal Avg Degree   : 37.5998 (Mean of per-block avg)
4. Block Graph Avg Deg   : 13.0040
5. Modularity
   - Unweighted Q        : 0.867207
   - Weighted Q          : 0.848636
==============================================
Internal edges : 17466149
External edges : 2574886
Internal ratio : 0.871519
Avg block density : 0.011393
Block graph edges : 1645
Block graph density : 0.051603
Locality score : 6.783268

6. Color Statistics
   Color   Blocks   Nodes   AvgNodesPerBlock
       1       29   97168            3350.62
       2       28   117700            4203.57
       3       28   98296            3510.57
       4       28   94059            3359.25
       5       28   101398            3621.36
       6       28   101279            3617.11
       7       28   93267            3330.96
       8       28   98150            3505.36
       9       28   121819            4350.68

Additional Load Imbalance Metrics
----------------------------------
Max block size / Avg block size   : 1.789650
Max color nodes / Avg color nodes : 1.187659

-------------------------------------------------
Emilia_923 gamma = 075, coloring = 1

==============================================
  Partitioning Evaluation Report
==============================================
1. Total Blocks          : 356
   Total Colors          : 10
2. Nodes per Block
   - Average             : 2593.08
   - Maximum             : 4803
   - Minimum             : 935
   - Stddev              : 761.022619
   - Gini coefficient    : 0.166161
3. Internal Avg Degree   : 36.8771 (Mean of per-block avg)
4. Block Graph Avg Deg   : 13.1292
5. Modularity
   - Unweighted Q        : 0.851514
   - Weighted Q          : 0.858706
==============================================
Internal edges : 17126370
External edges : 2914665
Internal ratio : 0.854565
Avg block density : 0.015534
Block graph edges : 2337
Block graph density : 0.036984
Locality score : 5.875929

6. Color Statistics
   Color   Blocks   Nodes   AvgNodesPerBlock
       1       51   129035            2530.10
       2       50   127996            2559.92
       3       47   138855            2954.36
       4       46   112972            2455.91
       5       43   122561            2850.26
       6       43   125100            2909.30
       7       43   93854            2182.65
       8       24   52564            2190.17
       9        8   18351            2293.88
      10        1    1848            1848.00

Additional Load Imbalance Metrics
----------------------------------
Max block size / Avg block size   : 1.852238
Max color nodes / Avg color nodes : 1.504166

-------------------------------------------------
Emilia_923 gamma = 075, coloring = 2

==============================================
  Partitioning Evaluation Report
==============================================
1. Total Blocks          : 356
   Total Colors          : 11
2. Nodes per Block
   - Average             : 2593.08
   - Maximum             : 4803
   - Minimum             : 935
   - Stddev              : 761.022619
   - Gini coefficient    : 0.166161
3. Internal Avg Degree   : 36.8771 (Mean of per-block avg)
4. Block Graph Avg Deg   : 13.1292
5. Modularity
   - Unweighted Q        : 0.851514
   - Weighted Q          : 0.858706
==============================================
Internal edges : 17126370
External edges : 2914665
Internal ratio : 0.854565
Avg block density : 0.015534
Block graph edges : 2337
Block graph density : 0.036984
Locality score : 5.875929

6. Color Statistics
   Color   Blocks   Nodes   AvgNodesPerBlock
       1       33   85858            2601.76
       2       33   91796            2781.70
       3       33   86622            2624.91
       4       33   82214            2491.33
       5       32   83401            2606.28
       6       32   84809            2650.28
       7       32   80068            2502.12
       8       32   86579            2705.59
       9       32   77229            2413.41
      10       32   82724            2585.12
      11       32   81836            2557.38

Additional Load Imbalance Metrics
----------------------------------
Max block size / Avg block size   : 1.852238
Max color nodes / Avg color nodes : 1.093832

-------------------------------------------------
Emilia_923 gamma = 075, coloring = 3

==============================================
  Partitioning Evaluation Report
==============================================
1. Total Blocks          : 356
   Total Colors          : 10
2. Nodes per Block
   - Average             : 2593.08
   - Maximum             : 4803
   - Minimum             : 935
   - Stddev              : 761.022619
   - Gini coefficient    : 0.166161
3. Internal Avg Degree   : 36.8771 (Mean of per-block avg)
4. Block Graph Avg Deg   : 13.1292
5. Modularity
   - Unweighted Q        : 0.851514
   - Weighted Q          : 0.858706
==============================================
Internal edges : 17126370
External edges : 2914665
Internal ratio : 0.854565
Avg block density : 0.015534
Block graph edges : 2337
Block graph density : 0.036984
Locality score : 5.875929

6. Color Statistics
   Color   Blocks   Nodes   AvgNodesPerBlock
       1       36   100740            2798.33
       2       36   96277            2674.36
       3       36   80750            2243.06
       4       36   80071            2224.19
       5       36   77948            2165.22
       6       36   73466            2040.72
       7       35   94141            2689.74
       8       35   89132            2546.63
       9       35   110740            3164.00
      10       35   119871            3424.89

Additional Load Imbalance Metrics
----------------------------------
Max block size / Avg block size   : 1.852238
Max color nodes / Avg color nodes : 1.298519

-------------------------------------------------
Emilia_923 gamma = 1, coloring = 1

==============================================
  Partitioning Evaluation Report
==============================================
1. Total Blocks          : 448
   Total Colors          : 9
2. Nodes per Block
   - Average             : 2060.57
   - Maximum             : 4138
   - Minimum             : 627
   - Stddev              : 588.446850
   - Gini coefficient    : 0.160212
3. Internal Avg Degree   : 36.3147 (Mean of per-block avg)
4. Block Graph Avg Deg   : 13.3170
5. Modularity
   - Unweighted Q        : 0.839507
   - Weighted Q          : 0.838596
==============================================
Internal edges : 16873014
External edges : 3168021
Internal ratio : 0.841923
Avg block density : 0.019135
Block graph edges : 2983
Block graph density : 0.029792
Locality score : 5.326041

6. Color Statistics
   Color   Blocks   Nodes   AvgNodesPerBlock
       1       65   128148            1971.51
       2       63   129618            2057.43
       3       63   125318            1989.17
       4       59   126135            2137.88
       5       58   140530            2422.93
       6       57   120566            2115.19
       7       51   95198            1866.63
       8       28   51367            1834.54
       9        4    6256            1564.00

Additional Load Imbalance Metrics
----------------------------------
Max block size / Avg block size   : 2.008181
Max color nodes / Avg color nodes : 1.370080

-------------------------------------------------
Emilia_923 gamma = 1, coloring = 2

==============================================
  Partitioning Evaluation Report
==============================================
1. Total Blocks          : 448
   Total Colors          : 10
2. Nodes per Block
   - Average             : 2060.57
   - Maximum             : 4138
   - Minimum             : 627
   - Stddev              : 588.446850
   - Gini coefficient    : 0.160212
3. Internal Avg Degree   : 36.3147 (Mean of per-block avg)
4. Block Graph Avg Deg   : 13.3170
5. Modularity
   - Unweighted Q        : 0.839507
   - Weighted Q          : 0.838596
==============================================
Internal edges : 16873014
External edges : 3168021
Internal ratio : 0.841923
Avg block density : 0.019135
Block graph edges : 2983
Block graph density : 0.029792
Locality score : 5.326041

6. Color Statistics
   Color   Blocks   Nodes   AvgNodesPerBlock
       1       45   97355            2163.44
       2       45   100048            2223.29
       3       45   93206            2071.24
       4       45   97602            2168.93
       5       45   89392            1986.49
       6       45   92460            2054.67
       7       45   91924            2042.76
       8       45   98445            2187.67
       9       44   80171            1822.07
      10       44   82533            1875.75

Additional Load Imbalance Metrics
----------------------------------
Max block size / Avg block size   : 2.008181
Max color nodes / Avg color nodes : 1.083784

-------------------------------------------------
Emilia_923 gamma = 1, coloring = 3

==============================================
  Partitioning Evaluation Report
==============================================
1. Total Blocks          : 448
   Total Colors          : 9
2. Nodes per Block
   - Average             : 2060.57
   - Maximum             : 4138
   - Minimum             : 627
   - Stddev              : 588.446850
   - Gini coefficient    : 0.160212
3. Internal Avg Degree   : 36.3147 (Mean of per-block avg)
4. Block Graph Avg Deg   : 13.3170
5. Modularity
   - Unweighted Q        : 0.839507
   - Weighted Q          : 0.838596
==============================================
Internal edges : 16873014
External edges : 3168021
Internal ratio : 0.841923
Avg block density : 0.019135
Block graph edges : 2983
Block graph density : 0.029792
Locality score : 5.326041

6. Color Statistics
   Color   Blocks   Nodes   AvgNodesPerBlock
       1       50   119230            2384.60
       2       50   102758            2055.16
       3       50   103104            2062.08
       4       50   96931            1938.62
       5       50   92251            1845.02
       6       50   88369            1767.38
       7       50   92825            1856.50
       8       49   101245            2066.22
       9       49   126423            2580.06

Additional Load Imbalance Metrics
----------------------------------
Max block size / Avg block size   : 2.008181
Max color nodes / Avg color nodes : 1.232545

-------------------------------------------------
Emilia_923 gamma = 125, coloring = 1

==============================================
  Partitioning Evaluation Report
==============================================
1. Total Blocks          : 532
   Total Colors          : 9
2. Nodes per Block
   - Average             : 1735.22
   - Maximum             : 2988
   - Minimum             : 702
   - Stddev              : 467.852976
   - Gini coefficient    : 0.153240
3. Internal Avg Degree   : 35.9206 (Mean of per-block avg)
4. Block Graph Avg Deg   : 13.3722
5. Modularity
   - Unweighted Q        : 0.830483
   - Weighted Q          : 0.844717
==============================================
Internal edges : 16684136
External edges : 3356899
Internal ratio : 0.832499
Avg block density : 0.022347
Block graph edges : 3557
Block graph density : 0.025183
Locality score : 4.970102

6. Color Statistics
   Color   Blocks   Nodes   AvgNodesPerBlock
       1       76   132403            1742.14
       2       75   136832            1824.43
       3       72   118647            1647.88
       4       70   125352            1790.74
       5       68   123946            1822.74
       6       65   122121            1878.78
       7       61   97710            1601.80
       8       38   57009            1500.24
       9        7    9116            1302.29

Additional Load Imbalance Metrics
----------------------------------
Max block size / Avg block size   : 1.721974
Max color nodes / Avg color nodes : 1.334027

-------------------------------------------------
Emilia_923 gamma = 125, coloring = 2

==============================================
  Partitioning Evaluation Report
==============================================
1. Total Blocks          : 532
   Total Colors          : 11
2. Nodes per Block
   - Average             : 1735.22
   - Maximum             : 2988
   - Minimum             : 702
   - Stddev              : 467.852976
   - Gini coefficient    : 0.153240
3. Internal Avg Degree   : 35.9206 (Mean of per-block avg)
4. Block Graph Avg Deg   : 13.3722
5. Modularity
   - Unweighted Q        : 0.830483
   - Weighted Q          : 0.844717
==============================================
Internal edges : 16684136
External edges : 3356899
Internal ratio : 0.832499
Avg block density : 0.022347
Block graph edges : 3557
Block graph density : 0.025183
Locality score : 4.970102

6. Color Statistics
   Color   Blocks   Nodes   AvgNodesPerBlock
       1       49   92230            1882.24
       2       49   84923            1733.12
       3       49   86433            1763.94
       4       49   91322            1863.71
       5       48   89141            1857.10
       6       48   85449            1780.19
       7       48   83577            1741.19
       8       48   86809            1808.52
       9       48   75770            1578.54
      10       48   73506            1531.38
      11       48   73976            1541.17

Additional Load Imbalance Metrics
----------------------------------
Max block size / Avg block size   : 1.721974
Max color nodes / Avg color nodes : 1.099004

-------------------------------------------------
Emilia_923 gamma = 125, coloring = 3

==============================================
  Partitioning Evaluation Report
==============================================
1. Total Blocks          : 532
   Total Colors          : 9
2. Nodes per Block
   - Average             : 1735.22
   - Maximum             : 2988
   - Minimum             : 702
   - Stddev              : 467.852976
   - Gini coefficient    : 0.153240
3. Internal Avg Degree   : 35.9206 (Mean of per-block avg)
4. Block Graph Avg Deg   : 13.3722
5. Modularity
   - Unweighted Q        : 0.830483
   - Weighted Q          : 0.844717
==============================================
Internal edges : 16684136
External edges : 3356899
Internal ratio : 0.832499
Avg block density : 0.022347
Block graph edges : 3557
Block graph density : 0.025183
Locality score : 4.970102

6. Color Statistics
   Color   Blocks   Nodes   AvgNodesPerBlock
       1       60   95521            1592.02
       2       59   110420            1871.53
       3       59   103703            1757.68
       4       59   99557            1687.41
       5       59   101820            1725.76
       6       59   95770            1623.22
       7       59   88659            1502.69
       8       59   101595            1721.95
       9       59   126091            2137.14

Additional Load Imbalance Metrics
----------------------------------
Max block size / Avg block size   : 1.721974
Max color nodes / Avg color nodes : 1.229309

-------------------------------------------------
Emilia_923 gamma = 15, coloring = 1

==============================================
  Partitioning Evaluation Report
==============================================
1. Total Blocks          : 627
   Total Colors          : 10
2. Nodes per Block
   - Average             : 1472.31
   - Maximum             : 2559
   - Minimum             : 525
   - Stddev              : 418.664710
   - Gini coefficient    : 0.161352
3. Internal Avg Degree   : 35.4787 (Mean of per-block avg)
4. Block Graph Avg Deg   : 13.3780
5. Modularity
   - Unweighted Q        : 0.821344
   - Weighted Q          : 0.814623
==============================================
Internal edges : 16495146
External edges : 3545889
Internal ratio : 0.823069
Avg block density : 0.026138
Block graph edges : 4194
Block graph density : 0.021371
Locality score : 4.651906

6. Color Statistics
   Color   Blocks   Nodes   AvgNodesPerBlock
       1       88   137547            1563.03
       2       82   133332            1626.00
       3       82   118262            1442.22
       4       82   119141            1452.94
       5       79   127003            1607.63
       6       79   116330            1472.53
       7       76   101447            1334.83
       8       46   55011            1195.89
       9       12   14001            1166.75
      10        1    1062            1062.00

Additional Load Imbalance Metrics
----------------------------------
Max block size / Avg block size   : 1.738090
Max color nodes / Avg color nodes : 1.489997

-------------------------------------------------
Emilia_923 gamma = 15, coloring = 2

==============================================
  Partitioning Evaluation Report
==============================================
1. Total Blocks          : 627
   Total Colors          : 12
2. Nodes per Block
   - Average             : 1472.31
   - Maximum             : 2559
   - Minimum             : 525
   - Stddev              : 418.664710
   - Gini coefficient    : 0.161352
3. Internal Avg Degree   : 35.4787 (Mean of per-block avg)
4. Block Graph Avg Deg   : 13.3780
5. Modularity
   - Unweighted Q        : 0.821344
   - Weighted Q          : 0.814623
==============================================
Internal edges : 16495146
External edges : 3545889
Internal ratio : 0.823069
Avg block density : 0.026138
Block graph edges : 4194
Block graph density : 0.021371
Locality score : 4.651906

6. Color Statistics
   Color   Blocks   Nodes   AvgNodesPerBlock
       1       53   82659            1559.60
       2       53   85636            1615.77
       3       53   79263            1495.53
       4       52   78553            1510.63
       5       52   78722            1513.88
       6       52   80293            1544.10
       7       52   72899            1401.90
       8       52   73068            1405.15
       9       52   73621            1415.79
      10       52   78505            1509.71
      11       52   71107            1367.44
      12       52   68810            1323.27

Additional Load Imbalance Metrics
----------------------------------
Max block size / Avg block size   : 1.738090
Max color nodes / Avg color nodes : 1.113197

-------------------------------------------------
Emilia_923 gamma = 15, coloring = 3

==============================================
  Partitioning Evaluation Report
==============================================
1. Total Blocks          : 627
   Total Colors          : 10
2. Nodes per Block
   - Average             : 1472.31
   - Maximum             : 2559
   - Minimum             : 525
   - Stddev              : 418.664710
   - Gini coefficient    : 0.161352
3. Internal Avg Degree   : 35.4787 (Mean of per-block avg)
4. Block Graph Avg Deg   : 13.3780
5. Modularity
   - Unweighted Q        : 0.821344
   - Weighted Q          : 0.814623
==============================================
Internal edges : 16495146
External edges : 3545889
Internal ratio : 0.823069
Avg block density : 0.026138
Block graph edges : 4194
Block graph density : 0.021371
Locality score : 4.651906

6. Color Statistics
   Color   Blocks   Nodes   AvgNodesPerBlock
       1       63   93259            1480.30
       2       63   85248            1353.14
       3       63   94407            1498.52
       4       63   85383            1355.29
       5       63   82796            1314.22
       6       63   82312            1306.54
       7       63   78213            1241.48
       8       62   83911            1353.40
       9       62   112619            1816.44
      10       62   124988            2015.94

Additional Load Imbalance Metrics
----------------------------------
Max block size / Avg block size   : 1.738090
Max color nodes / Avg color nodes : 1.353950

-------------------------------------------------
Emilia_923 gamma = 2, coloring = 1

==============================================
  Partitioning Evaluation Report
==============================================
1. Total Blocks          : 794
   Total Colors          : 10
2. Nodes per Block
   - Average             : 1162.64
   - Maximum             : 2169
   - Minimum             : 405
   - Stddev              : 321.874745
   - Gini coefficient    : 0.157991
3. Internal Avg Degree   : 34.8451 (Mean of per-block avg)
4. Block Graph Avg Deg   : 13.6146
5. Modularity
   - Unweighted Q        : 0.807176
   - Weighted Q          : 0.834320
==============================================
Internal edges : 16203818
External edges : 3837217
Internal ratio : 0.808532
Avg block density : 0.032403
Block graph edges : 5405
Block graph density : 0.017168
Locality score : 4.222804

6. Color Statistics
   Color   Blocks   Nodes   AvgNodesPerBlock
       1      113   128272            1135.15
       2      108   115808            1072.30
       3      102   123601            1211.77
       4      100   125790            1257.90
       5       99   126456            1277.33
       6       98   121645            1241.28
       7       94   101662            1081.51
       8       60   61972            1032.87
       9       19   16532             870.11
      10        1    1398            1398.00

Additional Load Imbalance Metrics
----------------------------------
Max block size / Avg block size   : 1.865582
Max color nodes / Avg color nodes : 1.389524

-------------------------------------------------
Emilia_923 gamma = 2, coloring = 2

==============================================
  Partitioning Evaluation Report
==============================================
1. Total Blocks          : 794
   Total Colors          : 11
2. Nodes per Block
   - Average             : 1162.64
   - Maximum             : 2169
   - Minimum             : 405
   - Stddev              : 321.874745
   - Gini coefficient    : 0.157991
3. Internal Avg Degree   : 34.8451 (Mean of per-block avg)
4. Block Graph Avg Deg   : 13.6146
5. Modularity
   - Unweighted Q        : 0.807176
   - Weighted Q          : 0.834320
==============================================
Internal edges : 16203818
External edges : 3837217
Internal ratio : 0.808532
Avg block density : 0.032403
Block graph edges : 5405
Block graph density : 0.017168
Locality score : 4.222804

6. Color Statistics
   Color   Blocks   Nodes   AvgNodesPerBlock
       1       73   84562            1158.38
       2       73   86968            1191.34
       3       72   87252            1211.83
       4       72   86338            1199.14
       5       72   84745            1177.01
       6       72   80572            1119.06
       7       72   89948            1249.28
       8       72   85572            1188.50
       9       72   77381            1074.74
      10       72   80019            1111.38
      11       72   79779            1108.04

Additional Load Imbalance Metrics
----------------------------------
Max block size / Avg block size   : 1.865582
Max color nodes / Avg color nodes : 1.071812

-------------------------------------------------
Emilia_923 gamma = 2, coloring = 3

==============================================
  Partitioning Evaluation Report
==============================================
1. Total Blocks          : 794
   Total Colors          : 10
2. Nodes per Block
   - Average             : 1162.64
   - Maximum             : 2169
   - Minimum             : 405
   - Stddev              : 321.874745
   - Gini coefficient    : 0.157991
3. Internal Avg Degree   : 34.8451 (Mean of per-block avg)
4. Block Graph Avg Deg   : 13.6146
5. Modularity
   - Unweighted Q        : 0.807176
   - Weighted Q          : 0.834320
==============================================
Internal edges : 16203818
External edges : 3837217
Internal ratio : 0.808532
Avg block density : 0.032403
Block graph edges : 5405
Block graph density : 0.017168
Locality score : 4.222804

6. Color Statistics
   Color   Blocks   Nodes   AvgNodesPerBlock
       1       80   89352            1116.90
       2       80   79020             987.75
       3       80   76934             961.67
       4       80   81550            1019.38
       5       79   92008            1164.66
       6       79   93129            1178.85
       7       79   92140            1166.33
       8       79   90311            1143.18
       9       79   107432            1359.90
      10       79   121260            1534.94

Additional Load Imbalance Metrics
----------------------------------
Max block size / Avg block size   : 1.865582
Max color nodes / Avg color nodes : 1.313566

-------------------------------------------------
G3_circuit gamma = 05, coloring = 1

==============================================
  Partitioning Evaluation Report
==============================================
1. Total Blocks          : 6065
   Total Colors          : 7
2. Nodes per Block
   - Average             : 261.41
   - Maximum             : 528
   - Minimum             : 76
   - Stddev              : 58.666388
   - Gini coefficient    : 0.125014
3. Internal Avg Degree   : 3.5264 (Mean of per-block avg)
4. Block Graph Avg Deg   : 8.3805
5. Modularity
   - Unweighted Q        : 0.918018
   - Weighted Q          : 0.895993
==============================================
Internal edges : 2789162
External edges : 248512
Internal ratio : 0.918190
Avg block density : 0.014313
Block graph edges : 25414
Block graph density : 0.001382
Locality score : 11.223405

6. Color Statistics
   Color   Blocks   Nodes   AvgNodesPerBlock
       1     1129   289142             256.10
       2     1116   299143             268.05
       3     1090   267401             245.32
       4     1065   300556             282.21
       5     1052   289882             275.55
       6      555   127460             229.66
       7       58   11894             205.07

Additional Load Imbalance Metrics
----------------------------------
Max block size / Avg block size   : 2.019782
Max color nodes / Avg color nodes : 1.326976

-------------------------------------------------
G3_circuit gamma = 05, coloring = 2

==============================================
  Partitioning Evaluation Report
==============================================
1. Total Blocks          : 6065
   Total Colors          : 8
2. Nodes per Block
   - Average             : 261.41
   - Maximum             : 528
   - Minimum             : 76
   - Stddev              : 58.666388
   - Gini coefficient    : 0.125014
3. Internal Avg Degree   : 3.5264 (Mean of per-block avg)
4. Block Graph Avg Deg   : 8.3805
5. Modularity
   - Unweighted Q        : 0.918018
   - Weighted Q          : 0.895993
==============================================
Internal edges : 2789162
External edges : 248512
Internal ratio : 0.918190
Avg block density : 0.014313
Block graph edges : 25414
Block graph density : 0.001382
Locality score : 11.223405

6. Color Statistics
   Color   Blocks   Nodes   AvgNodesPerBlock
       1      759   199281             262.56
       2      758   199907             263.73
       3      758   199248             262.86
       4      758   198396             261.74
       5      758   197392             260.41
       6      758   197075             259.99
       7      758   200194             264.11
       8      758   193985             255.92

Additional Load Imbalance Metrics
----------------------------------
Max block size / Avg block size   : 2.019782
Max color nodes / Avg color nodes : 1.010138

-------------------------------------------------
G3_circuit gamma = 05, coloring = 3

==============================================
  Partitioning Evaluation Report
==============================================
1. Total Blocks          : 6065
   Total Colors          : 7
2. Nodes per Block
   - Average             : 261.41
   - Maximum             : 528
   - Minimum             : 76
   - Stddev              : 58.666388
   - Gini coefficient    : 0.125014
3. Internal Avg Degree   : 3.5264 (Mean of per-block avg)
4. Block Graph Avg Deg   : 8.3805
5. Modularity
   - Unweighted Q        : 0.918018
   - Weighted Q          : 0.895993
==============================================
Internal edges : 2789162
External edges : 248512
Internal ratio : 0.918190
Avg block density : 0.014313
Block graph edges : 25414
Block graph density : 0.001382
Locality score : 11.223405

6. Color Statistics
   Color   Blocks   Nodes   AvgNodesPerBlock
       1      867   215938             249.06
       2      867   204510             235.88
       3      867   199934             230.60
       4      866   232512             268.49
       5      866   227287             262.46
       6      866   230501             266.17
       7      866   274796             317.32

Additional Load Imbalance Metrics
----------------------------------
Max block size / Avg block size   : 2.019782
Max color nodes / Avg color nodes : 1.213244

-------------------------------------------------
G3_circuit gamma = 075, coloring = 1

==============================================
  Partitioning Evaluation Report
==============================================
1. Total Blocks          : 8020
   Total Colors          : 7
2. Nodes per Block
   - Average             : 197.69
   - Maximum             : 416
   - Minimum             : 15
   - Stddev              : 45.219098
   - Gini coefficient    : 0.126943
3. Internal Avg Degree   : 3.4860 (Mean of per-block avg)
4. Block Graph Avg Deg   : 8.3135
5. Modularity
   - Unweighted Q        : 0.907496
   - Weighted Q          : 0.882639
==============================================
Internal edges : 2757075
External edges : 280599
Internal ratio : 0.907627
Avg block density : 0.018797
Block graph edges : 33337
Block graph density : 0.001037
Locality score : 9.825641

6. Color Statistics
   Color   Blocks   Nodes   AvgNodesPerBlock
       1     1539   299058             194.32
       2     1477   298601             202.17
       3     1442   299557             207.74
       4     1431   261689             182.87
       5     1403   301529             214.92
       6      667   114715             171.99
       7       61   10329             169.33

Additional Load Imbalance Metrics
----------------------------------
Max block size / Avg block size   : 2.104299
Max color nodes / Avg color nodes : 1.331272

-------------------------------------------------
G3_circuit gamma = 075, coloring = 2

==============================================
  Partitioning Evaluation Report
==============================================
1. Total Blocks          : 8020
   Total Colors          : 8
2. Nodes per Block
   - Average             : 197.69
   - Maximum             : 416
   - Minimum             : 15
   - Stddev              : 45.219098
   - Gini coefficient    : 0.126943
3. Internal Avg Degree   : 3.4860 (Mean of per-block avg)
4. Block Graph Avg Deg   : 8.3135
5. Modularity
   - Unweighted Q        : 0.907496
   - Weighted Q          : 0.882639
==============================================
Internal edges : 2757075
External edges : 280599
Internal ratio : 0.907627
Avg block density : 0.018797
Block graph edges : 33337
Block graph density : 0.001037
Locality score : 9.825641

6. Color Statistics
   Color   Blocks   Nodes   AvgNodesPerBlock
       1     1003   201489             200.89
       2     1003   201069             200.47
       3     1003   200025             199.43
       4     1003   199277             198.68
       5     1002   198157             197.76
       6     1002   196511             196.12
       7     1002   196680             196.29
       8     1002   192270             191.89

Additional Load Imbalance Metrics
----------------------------------
Max block size / Avg block size   : 2.104299
Max color nodes / Avg color nodes : 1.016673

-------------------------------------------------
G3_circuit gamma = 075, coloring = 3

==============================================
  Partitioning Evaluation Report
==============================================
1. Total Blocks          : 8020
   Total Colors          : 7
2. Nodes per Block
   - Average             : 197.69
   - Maximum             : 416
   - Minimum             : 15
   - Stddev              : 45.219098
   - Gini coefficient    : 0.126943
3. Internal Avg Degree   : 3.4860 (Mean of per-block avg)
4. Block Graph Avg Deg   : 8.3135
5. Modularity
   - Unweighted Q        : 0.907496
   - Weighted Q          : 0.882639
==============================================
Internal edges : 2757075
External edges : 280599
Internal ratio : 0.907627
Avg block density : 0.018797
Block graph edges : 33337
Block graph density : 0.001037
Locality score : 9.825641

6. Color Statistics
   Color   Blocks   Nodes   AvgNodesPerBlock
       1     1146   234584             204.70
       2     1146   224857             196.21
       3     1146   216289             188.73
       4     1146   204065             178.07
       5     1146   196744             171.68
       6     1145   232511             203.07
       7     1145   276428             241.42

Additional Load Imbalance Metrics
----------------------------------
Max block size / Avg block size   : 2.104299
Max color nodes / Avg color nodes : 1.220450

-------------------------------------------------
G3_circuit gamma = 1, coloring = 1

==============================================
  Partitioning Evaluation Report
==============================================
1. Total Blocks          : 9777
   Total Colors          : 7
2. Nodes per Block
   - Average             : 162.16
   - Maximum             : 332
   - Minimum             : 5
   - Stddev              : 36.671656
   - Gini coefficient    : 0.125641
3. Internal Avg Degree   : 3.4510 (Mean of per-block avg)
4. Block Graph Avg Deg   : 8.2987
5. Modularity
   - Unweighted Q        : 0.898794
   - Weighted Q          : 0.871046
==============================================
Internal edges : 2730567
External edges : 307107
Internal ratio : 0.898901
Avg block density : 0.022724
Block graph edges : 40568
Block graph density : 0.000849
Locality score : 8.891227

6. Color Statistics
   Color   Blocks   Nodes   AvgNodesPerBlock
       1     1863   296148             158.96
       2     1808   300768             166.35
       3     1767   303559             171.79
       4     1727   303678             175.84
       5     1694   253413             149.59
       6      843   117906             139.86
       7       75   10006             133.41

Additional Load Imbalance Metrics
----------------------------------
Max block size / Avg block size   : 2.047309
Max color nodes / Avg color nodes : 1.340760

-------------------------------------------------
G3_circuit gamma = 1, coloring = 2

==============================================
  Partitioning Evaluation Report
==============================================
1. Total Blocks          : 9777
   Total Colors          : 8
2. Nodes per Block
   - Average             : 162.16
   - Maximum             : 332
   - Minimum             : 5
   - Stddev              : 36.671656
   - Gini coefficient    : 0.125641
3. Internal Avg Degree   : 3.4510 (Mean of per-block avg)
4. Block Graph Avg Deg   : 8.2987
5. Modularity
   - Unweighted Q        : 0.898794
   - Weighted Q          : 0.871046
==============================================
Internal edges : 2730567
External edges : 307107
Internal ratio : 0.898901
Avg block density : 0.022724
Block graph edges : 40568
Block graph density : 0.000849
Locality score : 8.891227

6. Color Statistics
   Color   Blocks   Nodes   AvgNodesPerBlock
       1     1223   199603             163.21
       2     1222   199803             163.50
       3     1222   198922             162.78
       4     1222   197422             161.56
       5     1222   196344             160.67
       6     1222   195146             159.69
       7     1222   203759             166.74
       8     1222   194479             159.15

Additional Load Imbalance Metrics
----------------------------------
Max block size / Avg block size   : 2.047309
Max color nodes / Avg color nodes : 1.028127

-------------------------------------------------
G3_circuit gamma = 1, coloring = 3

==============================================
  Partitioning Evaluation Report
==============================================
1. Total Blocks          : 9777
   Total Colors          : 7
2. Nodes per Block
   - Average             : 162.16
   - Maximum             : 332
   - Minimum             : 5
   - Stddev              : 36.671656
   - Gini coefficient    : 0.125641
3. Internal Avg Degree   : 3.4510 (Mean of per-block avg)
4. Block Graph Avg Deg   : 8.2987
5. Modularity
   - Unweighted Q        : 0.898794
   - Weighted Q          : 0.871046
==============================================
Internal edges : 2730567
External edges : 307107
Internal ratio : 0.898901
Avg block density : 0.022724
Block graph edges : 40568
Block graph density : 0.000849
Locality score : 8.891227

6. Color Statistics
   Color   Blocks   Nodes   AvgNodesPerBlock
       1     1397   232389             166.35
       2     1397   226223             161.93
       3     1397   216510             154.98
       4     1397   204444             146.35
       5     1397   198905             142.38
       6     1396   231211             165.62
       7     1396   275796             197.56

Additional Load Imbalance Metrics
----------------------------------
Max block size / Avg block size   : 2.047309
Max color nodes / Avg color nodes : 1.217659

-------------------------------------------------
G3_circuit gamma = 125, coloring = 1

==============================================
  Partitioning Evaluation Report
==============================================
1. Total Blocks          : 11363
   Total Colors          : 7
2. Nodes per Block
   - Average             : 139.53
   - Maximum             : 310
   - Minimum             : 5
   - Stddev              : 31.847419
   - Gini coefficient    : 0.126171
3. Internal Avg Degree   : 3.4230 (Mean of per-block avg)
4. Block Graph Avg Deg   : 8.2323
5. Modularity
   - Unweighted Q        : 0.891906
   - Weighted Q          : 0.861682
==============================================
Internal edges : 2709601
External edges : 328073
Internal ratio : 0.891999
Avg block density : 0.026288
Block graph edges : 46772
Block graph density : 0.000725
Locality score : 8.259115

6. Color Statistics
   Color   Blocks   Nodes   AvgNodesPerBlock
       1     2195   299879             136.62
       2     2097   299429             142.79
       3     2037   301857             148.19
       4     2023   306679             151.60
       5     1987   255145             128.41
       6      949   113863             119.98
       7       75    8626             115.01

Additional Load Imbalance Metrics
----------------------------------
Max block size / Avg block size   : 2.221746
Max color nodes / Avg color nodes : 1.354010

-------------------------------------------------
G3_circuit gamma = 125, coloring = 2

==============================================
  Partitioning Evaluation Report
==============================================
1. Total Blocks          : 11363
   Total Colors          : 8
2. Nodes per Block
   - Average             : 139.53
   - Maximum             : 310
   - Minimum             : 5
   - Stddev              : 31.847419
   - Gini coefficient    : 0.126171
3. Internal Avg Degree   : 3.4230 (Mean of per-block avg)
4. Block Graph Avg Deg   : 8.2323
5. Modularity
   - Unweighted Q        : 0.891906
   - Weighted Q          : 0.861682
==============================================
Internal edges : 2709601
External edges : 328073
Internal ratio : 0.891999
Avg block density : 0.026288
Block graph edges : 46772
Block graph density : 0.000725
Locality score : 8.259115

6. Color Statistics
   Color   Blocks   Nodes   AvgNodesPerBlock
       1     1421   202330             142.39
       2     1421   202404             142.44
       3     1421   201583             141.86
       4     1420   200947             141.51
       5     1420   199523             140.51
       6     1420   196910             138.67
       7     1420   198211             139.59
       8     1420   183570             129.27

Additional Load Imbalance Metrics
----------------------------------
Max block size / Avg block size   : 2.221746
Max color nodes / Avg color nodes : 1.021289

-------------------------------------------------
G3_circuit gamma = 125, coloring = 3

==============================================
  Partitioning Evaluation Report
==============================================
1. Total Blocks          : 11363
   Total Colors          : 7
2. Nodes per Block
   - Average             : 139.53
   - Maximum             : 310
   - Minimum             : 5
   - Stddev              : 31.847419
   - Gini coefficient    : 0.126171
3. Internal Avg Degree   : 3.4230 (Mean of per-block avg)
4. Block Graph Avg Deg   : 8.2323
5. Modularity
   - Unweighted Q        : 0.891906
   - Weighted Q          : 0.861682
==============================================
Internal edges : 2709601
External edges : 328073
Internal ratio : 0.891999
Avg block density : 0.026288
Block graph edges : 46772
Block graph density : 0.000725
Locality score : 8.259115

6. Color Statistics
   Color   Blocks   Nodes   AvgNodesPerBlock
       1     1624   202917             124.95
       2     1624   197590             121.67
       3     1623   233072             143.61
       4     1623   226979             139.85
       5     1623   216157             133.18
       6     1623   231652             142.73
       7     1623   277111             170.74

Additional Load Imbalance Metrics
----------------------------------
Max block size / Avg block size   : 2.221746
Max color nodes / Avg color nodes : 1.223465

-------------------------------------------------
G3_circuit gamma = 15, coloring = 1

==============================================
  Partitioning Evaluation Report
==============================================
1. Total Blocks          : 12828
   Total Colors          : 7
2. Nodes per Block
   - Average             : 123.60
   - Maximum             : 262
   - Minimum             : 8
   - Stddev              : 28.236762
   - Gini coefficient    : 0.127007
3. Internal Avg Degree   : 3.3993 (Mean of per-block avg)
4. Block Graph Avg Deg   : 8.2021
5. Modularity
   - Unweighted Q        : 0.885874
   - Weighted Q          : 0.853021
==============================================
Internal edges : 2691245
External edges : 346429
Internal ratio : 0.885956
Avg block density : 0.029396
Block graph edges : 52608
Block graph density : 0.000639
Locality score : 7.768510

6. Color Statistics
   Color   Blocks   Nodes   AvgNodesPerBlock
       1     2479   299711             120.90
       2     2428   306778             126.35
       3     2356   308063             130.76
       4     2241   303864             135.59
       5     2224   251705             113.18
       6     1012   106520             105.26
       7       88    8837             100.42

Additional Load Imbalance Metrics
----------------------------------
Max block size / Avg block size   : 2.119825
Max color nodes / Avg color nodes : 1.360120

-------------------------------------------------
G3_circuit gamma = 15, coloring = 2

==============================================
  Partitioning Evaluation Report
==============================================
1. Total Blocks          : 12828
   Total Colors          : 8
2. Nodes per Block
   - Average             : 123.60
   - Maximum             : 262
   - Minimum             : 8
   - Stddev              : 28.236762
   - Gini coefficient    : 0.127007
3. Internal Avg Degree   : 3.3993 (Mean of per-block avg)
4. Block Graph Avg Deg   : 8.2021
5. Modularity
   - Unweighted Q        : 0.885874
   - Weighted Q          : 0.853021
==============================================
Internal edges : 2691245
External edges : 346429
Internal ratio : 0.885956
Avg block density : 0.029396
Block graph edges : 52608
Block graph density : 0.000639
Locality score : 7.768510

6. Color Statistics
   Color   Blocks   Nodes   AvgNodesPerBlock
       1     1604   201596             125.68
       2     1604   201749             125.78
       3     1604   200752             125.16
       4     1604   197932             123.40
       5     1603   199739             124.60
       6     1603   197480             123.19
       7     1603   199162             124.24
       8     1603   187068             116.70

Additional Load Imbalance Metrics
----------------------------------
Max block size / Avg block size   : 2.119825
Max color nodes / Avg color nodes : 1.017984

-------------------------------------------------
G3_circuit gamma = 15, coloring = 3

==============================================
  Partitioning Evaluation Report
==============================================
1. Total Blocks          : 12828
   Total Colors          : 7
2. Nodes per Block
   - Average             : 123.60
   - Maximum             : 262
   - Minimum             : 8
   - Stddev              : 28.236762
   - Gini coefficient    : 0.127007
3. Internal Avg Degree   : 3.3993 (Mean of per-block avg)
4. Block Graph Avg Deg   : 8.2021
5. Modularity
   - Unweighted Q        : 0.885874
   - Weighted Q          : 0.853021
==============================================
Internal edges : 2691245
External edges : 346429
Internal ratio : 0.885956
Avg block density : 0.029396
Block graph edges : 52608
Block graph density : 0.000639
Locality score : 7.768510

6. Color Statistics
   Color   Blocks   Nodes   AvgNodesPerBlock
       1     1833   224711             122.59
       2     1833   213829             116.66
       3     1833   203164             110.84
       4     1833   197141             107.55
       5     1832   236794             129.25
       6     1832   233270             127.33
       7     1832   276569             150.97

Additional Load Imbalance Metrics
----------------------------------
Max block size / Avg block size   : 2.119825
Max color nodes / Avg color nodes : 1.221072

-------------------------------------------------
G3_circuit gamma = 2, coloring = 1

==============================================
  Partitioning Evaluation Report
==============================================
1. Total Blocks          : 15681
   Total Colors          : 7
2. Nodes per Block
   - Average             : 101.11
   - Maximum             : 200
   - Minimum             : 6
   - Stddev              : 23.168904
   - Gini coefficient    : 0.127930
3. Internal Avg Degree   : 3.3570 (Mean of per-block avg)
4. Block Graph Avg Deg   : 8.1110
5. Modularity
   - Unweighted Q        : 0.874942
   - Weighted Q          : 0.836963
==============================================
Internal edges : 2657993
External edges : 379681
Internal ratio : 0.875009
Avg block density : 0.035608
Block graph edges : 63594
Block graph density : 0.000517
Locality score : 7.000577

6. Color Statistics
   Color   Blocks   Nodes   AvgNodesPerBlock
       1     3029   297743              98.30
       2     3002   310685             103.49
       3     2920   313764             107.45
       4     2834   312129             110.14
       5     2667   245926              92.21
       6     1141   98039              85.92
       7       88    7192              81.73

Additional Load Imbalance Metrics
----------------------------------
Max block size / Avg block size   : 1.978079
Max color nodes / Avg color nodes : 1.385291

-------------------------------------------------
G3_circuit gamma = 2, coloring = 2

==============================================
  Partitioning Evaluation Report
==============================================
1. Total Blocks          : 15681
   Total Colors          : 9
2. Nodes per Block
   - Average             : 101.11
   - Maximum             : 200
   - Minimum             : 6
   - Stddev              : 23.168904
   - Gini coefficient    : 0.127930
3. Internal Avg Degree   : 3.3570 (Mean of per-block avg)
4. Block Graph Avg Deg   : 8.1110
5. Modularity
   - Unweighted Q        : 0.874942
   - Weighted Q          : 0.836963
==============================================
Internal edges : 2657993
External edges : 379681
Internal ratio : 0.875009
Avg block density : 0.035608
Block graph edges : 63594
Block graph density : 0.000517
Locality score : 7.000577

6. Color Statistics
   Color   Blocks   Nodes   AvgNodesPerBlock
       1     1743   178275             102.28
       2     1743   178108             102.18
       3     1743   177268             101.70
       4     1742   177212             101.73
       5     1742   176540             101.34
       6     1742   173896              99.83
       7     1742   173226              99.44
       8     1742   165232              94.85
       9     1742   185721             106.61

Additional Load Imbalance Metrics
----------------------------------
Max block size / Avg block size   : 1.978079
Max color nodes / Avg color nodes : 1.054249

-------------------------------------------------
G3_circuit gamma = 2, coloring = 3

==============================================
  Partitioning Evaluation Report
==============================================
1. Total Blocks          : 15681
   Total Colors          : 7
2. Nodes per Block
   - Average             : 101.11
   - Maximum             : 200
   - Minimum             : 6
   - Stddev              : 23.168904
   - Gini coefficient    : 0.127930
3. Internal Avg Degree   : 3.3570 (Mean of per-block avg)
4. Block Graph Avg Deg   : 8.1110
5. Modularity
   - Unweighted Q        : 0.874942
   - Weighted Q          : 0.836963
==============================================
Internal edges : 2657993
External edges : 379681
Internal ratio : 0.875009
Avg block density : 0.035608
Block graph edges : 63594
Block graph density : 0.000517
Locality score : 7.000577

6. Color Statistics
   Color   Blocks   Nodes   AvgNodesPerBlock
       1     2241   197332              88.06
       2     2240   232901             103.97
       3     2240   225130             100.50
       4     2240   213611              95.36
       5     2240   202053              90.20
       6     2240   235029             104.92
       7     2240   279422             124.74

Additional Load Imbalance Metrics
----------------------------------
Max block size / Avg block size   : 1.978079
Max color nodes / Avg color nodes : 1.233668

-------------------------------------------------
Geo_1438 gamma = 05, coloring = 1

==============================================
  Partitioning Evaluation Report
==============================================
1. Total Blocks          : 405
   Total Colors          : 9
2. Nodes per Block
   - Average             : 3550.52
   - Maximum             : 6567
   - Minimum             : 1148
   - Stddev              : 1002.927881
   - Gini coefficient    : 0.159978
3. Internal Avg Degree   : 37.2726 (Mean of per-block avg)
4. Block Graph Avg Deg   : 11.0074
5. Modularity
   - Unweighted Q        : 0.870039
   - Weighted Q          : 0.880862
==============================================
Internal edges : 26931238
External edges : 3928127
Internal ratio : 0.872709
Avg block density : 0.011458
Block graph edges : 2229
Block graph density : 0.027246
Locality score : 6.855998

6. Color Statistics
   Color   Blocks   Nodes   AvgNodesPerBlock
       1       65   228949            3522.29
       2       63   224680            3566.35
       3       58   188677            3253.05
       4       56   229541            4098.95
       5       56   208537            3723.88
       6       54   199083            3686.72
       7       41   125140            3052.20
       8       11   30175            2743.18
       9        1    3178            3178.00

Additional Load Imbalance Metrics
----------------------------------
Max block size / Avg block size   : 1.849589
Max color nodes / Avg color nodes : 1.436667

-------------------------------------------------
Geo_1438 gamma = 05, coloring = 2

==============================================
  Partitioning Evaluation Report
==============================================
1. Total Blocks          : 405
   Total Colors          : 9
2. Nodes per Block
   - Average             : 3550.52
   - Maximum             : 6567
   - Minimum             : 1148
   - Stddev              : 1002.927881
   - Gini coefficient    : 0.159978
3. Internal Avg Degree   : 37.2726 (Mean of per-block avg)
4. Block Graph Avg Deg   : 11.0074
5. Modularity
   - Unweighted Q        : 0.870039
   - Weighted Q          : 0.880862
==============================================
Internal edges : 26931238
External edges : 3928127
Internal ratio : 0.872709
Avg block density : 0.011458
Block graph edges : 2229
Block graph density : 0.027246
Locality score : 6.855998

6. Color Statistics
   Color   Blocks   Nodes   AvgNodesPerBlock
       1       45   166460            3699.11
       2       45   157738            3505.29
       3       45   160136            3558.58
       4       45   161743            3594.29
       5       45   158495            3522.11
       6       45   161695            3593.22
       7       45   170949            3798.87
       8       45   154476            3432.80
       9       45   146268            3250.40

Additional Load Imbalance Metrics
----------------------------------
Max block size / Avg block size   : 1.849589
Max color nodes / Avg color nodes : 1.069947

-------------------------------------------------
Geo_1438 gamma = 05, coloring = 3

==============================================
  Partitioning Evaluation Report
==============================================
1. Total Blocks          : 405
   Total Colors          : 9
2. Nodes per Block
   - Average             : 3550.52
   - Maximum             : 6567
   - Minimum             : 1148
   - Stddev              : 1002.927881
   - Gini coefficient    : 0.159978
3. Internal Avg Degree   : 37.2726 (Mean of per-block avg)
4. Block Graph Avg Deg   : 11.0074
5. Modularity
   - Unweighted Q        : 0.870039
   - Weighted Q          : 0.880862
==============================================
Internal edges : 26931238
External edges : 3928127
Internal ratio : 0.872709
Avg block density : 0.011458
Block graph edges : 2229
Block graph density : 0.027246
Locality score : 6.855998

6. Color Statistics
   Color   Blocks   Nodes   AvgNodesPerBlock
       1       45   175742            3905.38
       2       45   156784            3484.09
       3       45   158169            3514.87
       4       45   140071            3112.69
       5       45   144734            3216.31
       6       45   140395            3119.89
       7       45   139756            3105.69
       8       45   183819            4084.87
       9       45   198490            4410.89

Additional Load Imbalance Metrics
----------------------------------
Max block size / Avg block size   : 1.849589
Max color nodes / Avg color nodes : 1.242322

-------------------------------------------------
Geo_1438 gamma = 075, coloring = 1

==============================================
  Partitioning Evaluation Report
==============================================
1. Total Blocks          : 581
   Total Colors          : 9
2. Nodes per Block
   - Average             : 2474.97
   - Maximum             : 5155
   - Minimum             : 786
   - Stddev              : 705.795101
   - Gini coefficient    : 0.159915
3. Internal Avg Degree   : 36.5280 (Mean of per-block avg)
4. Block Graph Avg Deg   : 11.4871
5. Modularity
   - Unweighted Q        : 0.853517
   - Weighted Q          : 0.864805
==============================================
Internal edges : 26396487
External edges : 4462878
Internal ratio : 0.855380
Avg block density : 0.016009
Block graph edges : 3337
Block graph density : 0.019805
Locality score : 5.914677

6. Color Statistics
   Color   Blocks   Nodes   AvgNodesPerBlock
       1       86   215259            2503.01
       2       84   202557            2411.39
       3       83   206716            2490.55
       4       82   193201            2356.11
       5       79   213729            2705.43
       6       71   202925            2858.10
       7       68   140386            2064.50
       8       27   60943            2257.15
       9        1    2244            2244.00

Additional Load Imbalance Metrics
----------------------------------
Max block size / Avg block size   : 2.082850
Max color nodes / Avg color nodes : 1.347277

-------------------------------------------------
Geo_1438 gamma = 075, coloring = 2

==============================================
  Partitioning Evaluation Report
==============================================
1. Total Blocks          : 581
   Total Colors          : 9
2. Nodes per Block
   - Average             : 2474.97
   - Maximum             : 5155
   - Minimum             : 786
   - Stddev              : 705.795101
   - Gini coefficient    : 0.159915
3. Internal Avg Degree   : 36.5280 (Mean of per-block avg)
4. Block Graph Avg Deg   : 11.4871
5. Modularity
   - Unweighted Q        : 0.853517
   - Weighted Q          : 0.864805
==============================================
Internal edges : 26396487
External edges : 4462878
Internal ratio : 0.855380
Avg block density : 0.016009
Block graph edges : 3337
Block graph density : 0.019805
Locality score : 5.914677

6. Color Statistics
   Color   Blocks   Nodes   AvgNodesPerBlock
       1       65   160485            2469.00
       2       65   171096            2632.25
       3       65   166800            2566.15
       4       65   159561            2454.78
       5       65   159323            2451.12
       6       64   160417            2506.52
       7       64   148313            2317.39
       8       64   169523            2648.80
       9       64   142442            2225.66

Additional Load Imbalance Metrics
----------------------------------
Max block size / Avg block size   : 2.082850
Max color nodes / Avg color nodes : 1.070867

-------------------------------------------------
Geo_1438 gamma = 075, coloring = 3

==============================================
  Partitioning Evaluation Report
==============================================
1. Total Blocks          : 581
   Total Colors          : 9
2. Nodes per Block
   - Average             : 2474.97
   - Maximum             : 5155
   - Minimum             : 786
   - Stddev              : 705.795101
   - Gini coefficient    : 0.159915
3. Internal Avg Degree   : 36.5280 (Mean of per-block avg)
4. Block Graph Avg Deg   : 11.4871
5. Modularity
   - Unweighted Q        : 0.853517
   - Weighted Q          : 0.864805
==============================================
Internal edges : 26396487
External edges : 4462878
Internal ratio : 0.855380
Avg block density : 0.016009
Block graph edges : 3337
Block graph density : 0.019805
Locality score : 5.914677

6. Color Statistics
   Color   Blocks   Nodes   AvgNodesPerBlock
       1       65   148510            2284.77
       2       65   146137            2248.26
       3       65   142981            2199.71
       4       65   139609            2147.83
       5       65   132310            2035.54
       6       64   178390            2787.34
       7       64   163513            2554.89
       8       64   178035            2781.80
       9       64   208475            3257.42

Additional Load Imbalance Metrics
----------------------------------
Max block size / Avg block size   : 2.082850
Max color nodes / Avg color nodes : 1.304817

-------------------------------------------------
Geo_1438 gamma = 1, coloring = 1

==============================================
  Partitioning Evaluation Report
==============================================
1. Total Blocks          : 721
   Total Colors          : 8
2. Nodes per Block
   - Average             : 1994.40
   - Maximum             : 3668
   - Minimum             : 630
   - Stddev              : 546.860966
   - Gini coefficient    : 0.155460
3. Internal Avg Degree   : 36.0452 (Mean of per-block avg)
4. Block Graph Avg Deg   : 11.7809
5. Modularity
   - Unweighted Q        : 0.842871
   - Weighted Q          : 0.855756
==============================================
Internal edges : 26056513
External edges : 4802852
Internal ratio : 0.844363
Avg block density : 0.019564
Block graph edges : 4247
Block graph density : 0.016362
Locality score : 5.425216

6. Color Statistics
   Color   Blocks   Nodes   AvgNodesPerBlock
       1      111   221838            1998.54
       2      105   218357            2079.59
       3      101   203605            2015.89
       4      100   225018            2250.18
       5      100   182116            1821.16
       6       92   200668            2181.17
       7       83   139688            1682.99
       8       29   46670            1609.31

Additional Load Imbalance Metrics
----------------------------------
Max block size / Avg block size   : 1.839153
Max color nodes / Avg color nodes : 1.251873

-------------------------------------------------
Geo_1438 gamma = 1, coloring = 2

==============================================
  Partitioning Evaluation Report
==============================================
1. Total Blocks          : 721
   Total Colors          : 10
2. Nodes per Block
   - Average             : 1994.40
   - Maximum             : 3668
   - Minimum             : 630
   - Stddev              : 546.860966
   - Gini coefficient    : 0.155460
3. Internal Avg Degree   : 36.0452 (Mean of per-block avg)
4. Block Graph Avg Deg   : 11.7809
5. Modularity
   - Unweighted Q        : 0.842871
   - Weighted Q          : 0.855756
==============================================
Internal edges : 26056513
External edges : 4802852
Internal ratio : 0.844363
Avg block density : 0.019564
Block graph edges : 4247
Block graph density : 0.016362
Locality score : 5.425216

6. Color Statistics
   Color   Blocks   Nodes   AvgNodesPerBlock
       1       73   148227            2030.51
       2       73   154395            2115.00
       3       72   143155            1988.26
       4       72   142639            1981.10
       5       72   146041            2028.35
       6       72   147427            2047.60
       7       72   146403            2033.38
       8       72   147448            2047.89
       9       72   132662            1842.53
      10       71   129563            1824.83

Additional Load Imbalance Metrics
----------------------------------
Max block size / Avg block size   : 1.839153
Max color nodes / Avg color nodes : 1.073709

-------------------------------------------------
Geo_1438 gamma = 1, coloring = 3

==============================================
  Partitioning Evaluation Report
==============================================
1. Total Blocks          : 721
   Total Colors          : 8
2. Nodes per Block
   - Average             : 1994.40
   - Maximum             : 3668
   - Minimum             : 630
   - Stddev              : 546.860966
   - Gini coefficient    : 0.155460
3. Internal Avg Degree   : 36.0452 (Mean of per-block avg)
4. Block Graph Avg Deg   : 11.7809
5. Modularity
   - Unweighted Q        : 0.842871
   - Weighted Q          : 0.855756
==============================================
Internal edges : 26056513
External edges : 4802852
Internal ratio : 0.844363
Avg block density : 0.019564
Block graph edges : 4247
Block graph density : 0.016362
Locality score : 5.425216

6. Color Statistics
   Color   Blocks   Nodes   AvgNodesPerBlock
       1       91   159937            1757.55
       2       90   196905            2187.83
       3       90   197243            2191.59
       4       90   179561            1995.12
       5       90   176412            1960.13
       6       90   168192            1868.80
       7       90   157533            1750.37
       8       90   202177            2246.41

Additional Load Imbalance Metrics
----------------------------------
Max block size / Avg block size   : 1.839153
Max color nodes / Avg color nodes : 1.124799

-------------------------------------------------
Geo_1438 gamma = 125, coloring = 1

==============================================
  Partitioning Evaluation Report
==============================================
1. Total Blocks          : 853
   Total Colors          : 9
2. Nodes per Block
   - Average             : 1685.77
   - Maximum             : 3149
   - Minimum             : 324
   - Stddev              : 453.564137
   - Gini coefficient    : 0.152610
3. Internal Avg Degree   : 35.6429 (Mean of per-block avg)
4. Block Graph Avg Deg   : 11.9109
5. Modularity
   - Unweighted Q        : 0.833870
   - Weighted Q          : 0.847676
==============================================
Internal edges : 25771549
External edges : 5087816
Internal ratio : 0.835129
Avg block density : 0.022900
Block graph edges : 5080
Block graph density : 0.013980
Locality score : 5.065345

6. Color Statistics
   Color   Blocks   Nodes   AvgNodesPerBlock
       1      127   220725            1737.99
       2      126   210194            1668.21
       3      120   193716            1614.30
       4      116   208286            1795.57
       5      116   197268            1700.59
       6      111   206849            1863.50
       7       88   132325            1503.69
       8       44   63441            1441.84
       9        5    5156            1031.20

Additional Load Imbalance Metrics
----------------------------------
Max block size / Avg block size   : 1.867991
Max color nodes / Avg color nodes : 1.381488

-------------------------------------------------
Geo_1438 gamma = 125, coloring = 2

==============================================
  Partitioning Evaluation Report
==============================================
1. Total Blocks          : 853
   Total Colors          : 11
2. Nodes per Block
   - Average             : 1685.77
   - Maximum             : 3149
   - Minimum             : 324
   - Stddev              : 453.564137
   - Gini coefficient    : 0.152610
3. Internal Avg Degree   : 35.6429 (Mean of per-block avg)
4. Block Graph Avg Deg   : 11.9109
5. Modularity
   - Unweighted Q        : 0.833870
   - Weighted Q          : 0.847676
==============================================
Internal edges : 25771549
External edges : 5087816
Internal ratio : 0.835129
Avg block density : 0.022900
Block graph edges : 5080
Block graph density : 0.013980
Locality score : 5.065345

6. Color Statistics
   Color   Blocks   Nodes   AvgNodesPerBlock
       1       78   139363            1786.71
       2       78   139142            1783.87
       3       78   136692            1752.46
       4       78   135157            1732.78
       5       78   129669            1662.42
       6       78   123777            1586.88
       7       77   139700            1814.29
       8       77   126584            1643.95
       9       77   119813            1556.01
      10       77   139601            1813.00
      11       77   108462            1408.60

Additional Load Imbalance Metrics
----------------------------------
Max block size / Avg block size   : 1.867991
Max color nodes / Avg color nodes : 1.068667

-------------------------------------------------
Geo_1438 gamma = 125, coloring = 3

==============================================
  Partitioning Evaluation Report
==============================================
1. Total Blocks          : 853
   Total Colors          : 9
2. Nodes per Block
   - Average             : 1685.77
   - Maximum             : 3149
   - Minimum             : 324
   - Stddev              : 453.564137
   - Gini coefficient    : 0.152610
3. Internal Avg Degree   : 35.6429 (Mean of per-block avg)
4. Block Graph Avg Deg   : 11.9109
5. Modularity
   - Unweighted Q        : 0.833870
   - Weighted Q          : 0.847676
==============================================
Internal edges : 25771549
External edges : 5087816
Internal ratio : 0.835129
Avg block density : 0.022900
Block graph edges : 5080
Block graph density : 0.013980
Locality score : 5.065345

6. Color Statistics
   Color   Blocks   Nodes   AvgNodesPerBlock
       1       95   170159            1791.15
       2       95   160797            1692.60
       3       95   151931            1599.27
       4       95   150858            1587.98
       5       95   144934            1525.62
       6       95   140720            1481.26
       7       95   147270            1550.21
       8       94   169714            1805.47
       9       94   201577            2144.44

Additional Load Imbalance Metrics
----------------------------------
Max block size / Avg block size   : 1.867991
Max color nodes / Avg color nodes : 1.261644

-------------------------------------------------
Geo_1438 gamma = 15, coloring = 1

==============================================
  Partitioning Evaluation Report
==============================================
1. Total Blocks          : 980
   Total Colors          : 9
2. Nodes per Block
   - Average             : 1467.31
   - Maximum             : 2799
   - Minimum             : 384
   - Stddev              : 410.127825
   - Gini coefficient    : 0.158532
3. Internal Avg Degree   : 35.2917 (Mean of per-block avg)
4. Block Graph Avg Deg   : 12.0204
5. Modularity
   - Unweighted Q        : 0.826371
   - Weighted Q          : 0.841089
==============================================
Internal edges : 25535236
External edges : 5324129
Internal ratio : 0.827471
Avg block density : 0.026190
Block graph edges : 5890
Block graph density : 0.012278
Locality score : 4.796133

6. Color Statistics
   Color   Blocks   Nodes   AvgNodesPerBlock
       1      146   216022            1479.60
       2      144   215445            1496.15
       3      140   216429            1545.92
       4      140   184945            1321.04
       5      129   206201            1598.46
       6      129   203519            1577.67
       7      118   149814            1269.61
       8       32   42867            1339.59
       9        2    2718            1359.00

Additional Load Imbalance Metrics
----------------------------------
Max block size / Avg block size   : 1.907577
Max color nodes / Avg color nodes : 1.354600

-------------------------------------------------
Geo_1438 gamma = 15, coloring = 2

==============================================
  Partitioning Evaluation Report
==============================================
1. Total Blocks          : 980
   Total Colors          : 10
2. Nodes per Block
   - Average             : 1467.31
   - Maximum             : 2799
   - Minimum             : 384
   - Stddev              : 410.127825
   - Gini coefficient    : 0.158532
3. Internal Avg Degree   : 35.2917 (Mean of per-block avg)
4. Block Graph Avg Deg   : 12.0204
5. Modularity
   - Unweighted Q        : 0.826371
   - Weighted Q          : 0.841089
==============================================
Internal edges : 25535236
External edges : 5324129
Internal ratio : 0.827471
Avg block density : 0.026190
Block graph edges : 5890
Block graph density : 0.012278
Locality score : 4.796133

6. Color Statistics
   Color   Blocks   Nodes   AvgNodesPerBlock
       1       99   150924            1524.48
       2       98   153869            1570.09
       3       98   149808            1528.65
       4       98   148531            1515.62
       5       98   149124            1521.67
       6       98   148189            1512.13
       7       98   143151            1460.72
       8       98   136685            1394.74
       9       98   123254            1257.69
      10       97   134425            1385.82

Additional Load Imbalance Metrics
----------------------------------
Max block size / Avg block size   : 1.907577
Max color nodes / Avg color nodes : 1.070051

-------------------------------------------------
Geo_1438 gamma = 15, coloring = 3

==============================================
  Partitioning Evaluation Report
==============================================
1. Total Blocks          : 980
   Total Colors          : 9
2. Nodes per Block
   - Average             : 1467.31
   - Maximum             : 2799
   - Minimum             : 384
   - Stddev              : 410.127825
   - Gini coefficient    : 0.158532
3. Internal Avg Degree   : 35.2917 (Mean of per-block avg)
4. Block Graph Avg Deg   : 12.0204
5. Modularity
   - Unweighted Q        : 0.826371
   - Weighted Q          : 0.841089
==============================================
Internal edges : 25535236
External edges : 5324129
Internal ratio : 0.827471
Avg block density : 0.026190
Block graph edges : 5890
Block graph density : 0.012278
Locality score : 4.796133

6. Color Statistics
   Color   Blocks   Nodes   AvgNodesPerBlock
       1      109   166452            1527.08
       2      109   163745            1502.25
       3      109   154257            1415.20
       4      109   145417            1334.10
       5      109   147224            1350.68
       6      109   132779            1218.16
       7      109   133797            1227.50
       8      109   190893            1751.31
       9      108   203396            1883.30

Additional Load Imbalance Metrics
----------------------------------
Max block size / Avg block size   : 1.907577
Max color nodes / Avg color nodes : 1.273028

-------------------------------------------------
Geo_1438 gamma = 2, coloring = 1

==============================================
  Partitioning Evaluation Report
==============================================
1. Total Blocks          : 1224
   Total Colors          : 9
2. Nodes per Block
   - Average             : 1174.80
   - Maximum             : 2136
   - Minimum             : 299
   - Stddev              : 322.578276
   - Gini coefficient    : 0.155880
3. Internal Avg Degree   : 34.7062 (Mean of per-block avg)
4. Block Graph Avg Deg   : 12.1716
5. Modularity
   - Unweighted Q        : 0.812927
   - Weighted Q          : 0.827860
==============================================
Internal edges : 25113534
External edges : 5745831
Internal ratio : 0.813806
Avg block density : 0.031976
Block graph edges : 7449
Block graph density : 0.009952
Locality score : 4.370739

6. Color Statistics
   Color   Blocks   Nodes   AvgNodesPerBlock
       1      181   205979            1138.01
       2      178   221663            1245.30
       3      166   212085            1277.62
       4      166   178949            1078.01
       5      165   216491            1312.07
       6      162   194019            1197.65
       7      146   149106            1021.27
       8       56   56301            1005.38
       9        4    3367             841.75

Additional Load Imbalance Metrics
----------------------------------
Max block size / Avg block size   : 1.818176
Max color nodes / Avg color nodes : 1.387359

-------------------------------------------------
Geo_1438 gamma = 2, coloring = 2

==============================================
  Partitioning Evaluation Report
==============================================
1. Total Blocks          : 1224
   Total Colors          : 11
2. Nodes per Block
   - Average             : 1174.80
   - Maximum             : 2136
   - Minimum             : 299
   - Stddev              : 322.578276
   - Gini coefficient    : 0.155880
3. Internal Avg Degree   : 34.7062 (Mean of per-block avg)
4. Block Graph Avg Deg   : 12.1716
5. Modularity
   - Unweighted Q        : 0.812927
   - Weighted Q          : 0.827860
==============================================
Internal edges : 25113534
External edges : 5745831
Internal ratio : 0.813806
Avg block density : 0.031976
Block graph edges : 7449
Block graph density : 0.009952
Locality score : 4.370739

6. Color Statistics
   Color   Blocks   Nodes   AvgNodesPerBlock
       1      112   137501            1227.69
       2      112   135626            1210.95
       3      112   140424            1253.79
       4      111   136864            1233.01
       5      111   131659            1186.12
       6      111   123129            1109.27
       7      111   129878            1170.07
       8      111   124898            1125.21
       9      111   132581            1194.42
      10      111   121746            1096.81
      11      111   123654            1114.00

Additional Load Imbalance Metrics
----------------------------------
Max block size / Avg block size   : 1.818176
Max color nodes / Avg color nodes : 1.074205

-------------------------------------------------
Geo_1438 gamma = 2, coloring = 3

==============================================
  Partitioning Evaluation Report
==============================================
1. Total Blocks          : 1224
   Total Colors          : 9
2. Nodes per Block
   - Average             : 1174.80
   - Maximum             : 2136
   - Minimum             : 299
   - Stddev              : 322.578276
   - Gini coefficient    : 0.155880
3. Internal Avg Degree   : 34.7062 (Mean of per-block avg)
4. Block Graph Avg Deg   : 12.1716
5. Modularity
   - Unweighted Q        : 0.812927
   - Weighted Q          : 0.827860
==============================================
Internal edges : 25113534
External edges : 5745831
Internal ratio : 0.813806
Avg block density : 0.031976
Block graph edges : 7449
Block graph density : 0.009952
Locality score : 4.370739

6. Color Statistics
   Color   Blocks   Nodes   AvgNodesPerBlock
       1      136   168792            1241.12
       2      136   165131            1214.20
       3      136   155500            1143.38
       4      136   156459            1150.43
       5      136   139551            1026.11
       6      136   138475            1018.20
       7      136   135663             997.52
       8      136   174554            1283.49
       9      136   203835            1498.79

Additional Load Imbalance Metrics
----------------------------------
Max block size / Avg block size   : 1.818176
Max color nodes / Avg color nodes : 1.275776

-------------------------------------------------
Hook_1498 gamma = 05, coloring = 1

==============================================
  Partitioning Evaluation Report
==============================================
1. Total Blocks          : 440
   Total Colors          : 9
2. Nodes per Block
   - Average             : 3404.60
   - Maximum             : 6732
   - Minimum             : 978
   - Stddev              : 935.435764
   - Gini coefficient    : 0.154047
3. Internal Avg Degree   : 34.8229 (Mean of per-block avg)
4. Block Graph Avg Deg   : 10.0500
5. Modularity
   - Unweighted Q        : 0.879176
   - Weighted Q          : 0.879006
==============================================
Internal edges : 26192756
External edges : 3516955
Internal ratio : 0.881623
Avg block density : 0.011089
Block graph edges : 2211
Block graph density : 0.022893
Locality score : 7.447564

6. Color Statistics
   Color   Blocks   Nodes   AvgNodesPerBlock
       1       73   271441            3718.37
       2       71   265982            3746.23
       3       71   237677            3347.56
       4       69   255005            3695.72
       5       64   198296            3098.38
       6       55   163724            2976.80
       7       26   76273            2933.58
       8       10   26966            2696.60
       9        1    2659            2659.00

Additional Load Imbalance Metrics
----------------------------------
Max block size / Avg block size   : 1.977326
Max color nodes / Avg color nodes : 1.630795

-------------------------------------------------
Hook_1498 gamma = 05, coloring = 2

==============================================
  Partitioning Evaluation Report
==============================================
1. Total Blocks          : 440
   Total Colors          : 9
2. Nodes per Block
   - Average             : 3404.60
   - Maximum             : 6732
   - Minimum             : 978
   - Stddev              : 935.435764
   - Gini coefficient    : 0.154047
3. Internal Avg Degree   : 34.8229 (Mean of per-block avg)
4. Block Graph Avg Deg   : 10.0500
5. Modularity
   - Unweighted Q        : 0.879176
   - Weighted Q          : 0.879006
==============================================
Internal edges : 26192756
External edges : 3516955
Internal ratio : 0.881623
Avg block density : 0.011089
Block graph edges : 2211
Block graph density : 0.022893
Locality score : 7.447564

6. Color Statistics
   Color   Blocks   Nodes   AvgNodesPerBlock
       1       49   177226            3616.86
       2       49   166868            3405.47
       3       49   166948            3407.10
       4       49   171665            3503.37
       5       49   161085            3287.45
       6       49   168706            3442.98
       7       49   160933            3284.35
       8       49   166730            3402.65
       9       48   157862            3288.79

Additional Load Imbalance Metrics
----------------------------------
Max block size / Avg block size   : 1.977326
Max color nodes / Avg color nodes : 1.064759

-------------------------------------------------
Hook_1498 gamma = 05, coloring = 3

==============================================
  Partitioning Evaluation Report
==============================================
1. Total Blocks          : 440
   Total Colors          : 9
2. Nodes per Block
   - Average             : 3404.60
   - Maximum             : 6732
   - Minimum             : 978
   - Stddev              : 935.435764
   - Gini coefficient    : 0.154047
3. Internal Avg Degree   : 34.8229 (Mean of per-block avg)
4. Block Graph Avg Deg   : 10.0500
5. Modularity
   - Unweighted Q        : 0.879176
   - Weighted Q          : 0.879006
==============================================
Internal edges : 26192756
External edges : 3516955
Internal ratio : 0.881623
Avg block density : 0.011089
Block graph edges : 2211
Block graph density : 0.022893
Locality score : 7.447564

6. Color Statistics
   Color   Blocks   Nodes   AvgNodesPerBlock
       1       49   160638            3278.33
       2       49   165284            3373.14
       3       49   161260            3291.02
       4       49   149520            3051.43
       5       49   136404            2783.76
       6       49   144108            2940.98
       7       49   169419            3457.53
       8       49   193023            3939.24
       9       48   218367            4549.31

Additional Load Imbalance Metrics
----------------------------------
Max block size / Avg block size   : 1.977326
Max color nodes / Avg color nodes : 1.311931

-------------------------------------------------
Hook_1498 gamma = 075, coloring = 1

==============================================
  Partitioning Evaluation Report
==============================================
1. Total Blocks          : 622
   Total Colors          : 9
2. Nodes per Block
   - Average             : 2408.40
   - Maximum             : 4482
   - Minimum             : 600
   - Stddev              : 656.596406
   - Gini coefficient    : 0.154419
3. Internal Avg Degree   : 34.1128 (Mean of per-block avg)
4. Block Graph Avg Deg   : 10.6624
5. Modularity
   - Unweighted Q        : 0.863156
   - Weighted Q          : 0.862737
==============================================
Internal edges : 25695496
External edges : 4014215
Internal ratio : 0.864885
Avg block density : 0.015363
Block graph edges : 3316
Block graph density : 0.017170
Locality score : 6.401124

6. Color Statistics
   Color   Blocks   Nodes   AvgNodesPerBlock
       1      102   259646            2545.55
       2       96   226303            2357.32
       3       94   252594            2687.17
       4       94   254302            2705.34
       5       94   210232            2236.51
       6       82   178614            2178.22
       7       43   83863            1950.30
       8       15   29336            1955.73
       9        2    3133            1566.50

Additional Load Imbalance Metrics
----------------------------------
Max block size / Avg block size   : 1.860989
Max color nodes / Avg color nodes : 1.559932

-------------------------------------------------
Hook_1498 gamma = 075, coloring = 2

==============================================
  Partitioning Evaluation Report
==============================================
1. Total Blocks          : 622
   Total Colors          : 10
2. Nodes per Block
   - Average             : 2408.40
   - Maximum             : 4482
   - Minimum             : 600
   - Stddev              : 656.596406
   - Gini coefficient    : 0.154419
3. Internal Avg Degree   : 34.1128 (Mean of per-block avg)
4. Block Graph Avg Deg   : 10.6624
5. Modularity
   - Unweighted Q        : 0.863156
   - Weighted Q          : 0.862737
==============================================
Internal edges : 25695496
External edges : 4014215
Internal ratio : 0.864885
Avg block density : 0.015363
Block graph edges : 3316
Block graph density : 0.017170
Locality score : 6.401124

6. Color Statistics
   Color   Blocks   Nodes   AvgNodesPerBlock
       1       63   164157            2605.67
       2       63   157745            2503.89
       3       62   150312            2424.39
       4       62   155822            2513.26
       5       62   151580            2444.84
       6       62   146145            2357.18
       7       62   140927            2273.02
       8       62   146763            2367.15
       9       62   141203            2277.47
      10       62   143369            2312.40

Additional Load Imbalance Metrics
----------------------------------
Max block size / Avg block size   : 1.860989
Max color nodes / Avg color nodes : 1.095824

-------------------------------------------------
Hook_1498 gamma = 075, coloring = 3

==============================================
  Partitioning Evaluation Report
==============================================
1. Total Blocks          : 622
   Total Colors          : 9
2. Nodes per Block
   - Average             : 2408.40
   - Maximum             : 4482
   - Minimum             : 600
   - Stddev              : 656.596406
   - Gini coefficient    : 0.154419
3. Internal Avg Degree   : 34.1128 (Mean of per-block avg)
4. Block Graph Avg Deg   : 10.6624
5. Modularity
   - Unweighted Q        : 0.863156
   - Weighted Q          : 0.862737
==============================================
Internal edges : 25695496
External edges : 4014215
Internal ratio : 0.864885
Avg block density : 0.015363
Block graph edges : 3316
Block graph density : 0.017170
Locality score : 6.401124

6. Color Statistics
   Color   Blocks   Nodes   AvgNodesPerBlock
       1       70   146853            2097.90
       2       69   169717            2459.67
       3       69   175263            2540.04
       4       69   155606            2255.16
       5       69   150385            2179.49
       6       69   141131            2045.38
       7       69   154896            2244.87
       8       69   192824            2794.55
       9       69   211348            3063.01

Additional Load Imbalance Metrics
----------------------------------
Max block size / Avg block size   : 1.860989
Max color nodes / Avg color nodes : 1.269762

-------------------------------------------------
Hook_1498 gamma = 1, coloring = 1

==============================================
  Partitioning Evaluation Report
==============================================
1. Total Blocks          : 779
   Total Colors          : 10
2. Nodes per Block
   - Average             : 1923.01
   - Maximum             : 3576
   - Minimum             : 573
   - Stddev              : 526.279089
   - Gini coefficient    : 0.155287
3. Internal Avg Degree   : 33.6410 (Mean of per-block avg)
4. Block Graph Avg Deg   : 10.9345
5. Modularity
   - Unweighted Q        : 0.852246
   - Weighted Q          : 0.851360
==============================================
Internal edges : 25361025
External edges : 4348686
Internal ratio : 0.853627
Avg block density : 0.018948
Block graph edges : 4259
Block graph density : 0.014055
Locality score : 5.831881

6. Color Statistics
   Color   Blocks   Nodes   AvgNodesPerBlock
       1      123   230477            1873.80
       2      120   222590            1854.92
       3      119   251489            2113.35
       4      118   240383            2037.14
       5      112   239115            2134.96
       6       95   165520            1742.32
       7       63   102099            1620.62
       8       24   38765            1615.21
       9        4    6072            1518.00
      10        1    1513            1513.00

Additional Load Imbalance Metrics
----------------------------------
Max block size / Avg block size   : 1.859587
Max color nodes / Avg color nodes : 1.678806

-------------------------------------------------
Hook_1498 gamma = 1, coloring = 2

==============================================
  Partitioning Evaluation Report
==============================================
1. Total Blocks          : 779
   Total Colors          : 10
2. Nodes per Block
   - Average             : 1923.01
   - Maximum             : 3576
   - Minimum             : 573
   - Stddev              : 526.279089
   - Gini coefficient    : 0.155287
3. Internal Avg Degree   : 33.6410 (Mean of per-block avg)
4. Block Graph Avg Deg   : 10.9345
5. Modularity
   - Unweighted Q        : 0.852246
   - Weighted Q          : 0.851360
==============================================
Internal edges : 25361025
External edges : 4348686
Internal ratio : 0.853627
Avg block density : 0.018948
Block graph edges : 4259
Block graph density : 0.014055
Locality score : 5.831881

6. Color Statistics
   Color   Blocks   Nodes   AvgNodesPerBlock
       1       78   155865            1998.27
       2       78   149481            1916.42
       3       78   155971            1999.63
       4       78   153372            1966.31
       5       78   149769            1920.12
       6       78   148715            1906.60
       7       78   150354            1927.62
       8       78   143234            1836.33
       9       78   148935            1909.42
      10       77   142327            1848.40

Additional Load Imbalance Metrics
----------------------------------
Max block size / Avg block size   : 1.859587
Max color nodes / Avg color nodes : 1.041179

-------------------------------------------------
Hook_1498 gamma = 1, coloring = 3

==============================================
  Partitioning Evaluation Report
==============================================
1. Total Blocks          : 779
   Total Colors          : 10
2. Nodes per Block
   - Average             : 1923.01
   - Maximum             : 3576
   - Minimum             : 573
   - Stddev              : 526.279089
   - Gini coefficient    : 0.155287
3. Internal Avg Degree   : 33.6410 (Mean of per-block avg)
4. Block Graph Avg Deg   : 10.9345
5. Modularity
   - Unweighted Q        : 0.852246
   - Weighted Q          : 0.851360
==============================================
Internal edges : 25361025
External edges : 4348686
Internal ratio : 0.853627
Avg block density : 0.018948
Block graph edges : 4259
Block graph density : 0.014055
Locality score : 5.831881

6. Color Statistics
   Color   Blocks   Nodes   AvgNodesPerBlock
       1       78   141629            1815.76
       2       78   149647            1918.55
       3       78   138801            1779.50
       4       78   126557            1622.53
       5       78   127994            1640.95
       6       78   128534            1647.87
       7       78   136895            1755.06
       8       78   166803            2138.50
       9       78   188896            2421.74
      10       77   192267            2496.97

Additional Load Imbalance Metrics
----------------------------------
Max block size / Avg block size   : 1.859587
Max color nodes / Avg color nodes : 1.283472

-------------------------------------------------
Hook_1498 gamma = 125, coloring = 1

==============================================
  Partitioning Evaluation Report
==============================================
1. Total Blocks          : 921
   Total Colors          : 9
2. Nodes per Block
   - Average             : 1626.52
   - Maximum             : 3274
   - Minimum             : 429
   - Stddev              : 451.948365
   - Gini coefficient    : 0.157570
3. Internal Avg Degree   : 33.2621 (Mean of per-block avg)
4. Block Graph Avg Deg   : 11.1249
5. Modularity
   - Unweighted Q        : 0.842808
   - Weighted Q          : 0.842526
==============================================
Internal edges : 25074355
External edges : 4635356
Internal ratio : 0.843978
Avg block density : 0.022193
Block graph edges : 5123
Block graph density : 0.012092
Locality score : 5.409369

6. Color Statistics
   Color   Blocks   Nodes   AvgNodesPerBlock
       1      146   248429            1701.57
       2      142   227360            1601.13
       3      141   246326            1746.99
       4      141   220289            1562.33
       5      132   250874            1900.56
       6      115   170474            1482.38
       7       74   97198            1313.49
       8       27   33245            1231.30
       9        3    3828            1276.00

Additional Load Imbalance Metrics
----------------------------------
Max block size / Avg block size   : 2.012889
Max color nodes / Avg color nodes : 1.507231

-------------------------------------------------
Hook_1498 gamma = 125, coloring = 2

==============================================
  Partitioning Evaluation Report
==============================================
1. Total Blocks          : 921
   Total Colors          : 10
2. Nodes per Block
   - Average             : 1626.52
   - Maximum             : 3274
   - Minimum             : 429
   - Stddev              : 451.948365
   - Gini coefficient    : 0.157570
3. Internal Avg Degree   : 33.2621 (Mean of per-block avg)
4. Block Graph Avg Deg   : 11.1249
5. Modularity
   - Unweighted Q        : 0.842808
   - Weighted Q          : 0.842526
==============================================
Internal edges : 25074355
External edges : 4635356
Internal ratio : 0.843978
Avg block density : 0.022193
Block graph edges : 5123
Block graph density : 0.012092
Locality score : 5.409369

6. Color Statistics
   Color   Blocks   Nodes   AvgNodesPerBlock
       1       93   158165            1700.70
       2       92   154295            1677.12
       3       92   151340            1645.00
       4       92   150220            1632.83
       5       92   150802            1639.15
       6       92   152633            1659.05
       7       92   149035            1619.95
       8       92   146766            1595.28
       9       92   139970            1521.41
      10       92   144797            1573.88

Additional Load Imbalance Metrics
----------------------------------
Max block size / Avg block size   : 2.012889
Max color nodes / Avg color nodes : 1.055825

-------------------------------------------------
Hook_1498 gamma = 125, coloring = 3

==============================================
  Partitioning Evaluation Report
==============================================
1. Total Blocks          : 921
   Total Colors          : 9
2. Nodes per Block
   - Average             : 1626.52
   - Maximum             : 3274
   - Minimum             : 429
   - Stddev              : 451.948365
   - Gini coefficient    : 0.157570
3. Internal Avg Degree   : 33.2621 (Mean of per-block avg)
4. Block Graph Avg Deg   : 11.1249
5. Modularity
   - Unweighted Q        : 0.842808
   - Weighted Q          : 0.842526
==============================================
Internal edges : 25074355
External edges : 4635356
Internal ratio : 0.843978
Avg block density : 0.022193
Block graph edges : 5123
Block graph density : 0.012092
Locality score : 5.409369

6. Color Statistics
   Color   Blocks   Nodes   AvgNodesPerBlock
       1      103   147331            1430.40
       2      103   145555            1413.16
       3      103   152483            1480.42
       4      102   178997            1754.87
       5      102   163179            1599.79
       6      102   158187            1550.85
       7      102   153046            1500.45
       8      102   188260            1845.69
       9      102   210985            2068.48

Additional Load Imbalance Metrics
----------------------------------
Max block size / Avg block size   : 2.012889
Max color nodes / Avg color nodes : 1.267581

-------------------------------------------------
Hook_1498 gamma = 15, coloring = 1

==============================================
  Partitioning Evaluation Report
==============================================
1. Total Blocks          : 1077
   Total Colors          : 9
2. Nodes per Block
   - Average             : 1390.92
   - Maximum             : 2877
   - Minimum             : 237
   - Stddev              : 402.147644
   - Gini coefficient    : 0.163539
3. Internal Avg Degree   : 32.8542 (Mean of per-block avg)
4. Block Graph Avg Deg   : 11.3055
5. Modularity
   - Unweighted Q        : 0.833906
   - Weighted Q          : 0.833201
==============================================
Internal edges : 24805031
External edges : 4904680
Internal ratio : 0.834913
Avg block density : 0.025930
Block graph edges : 6088
Block graph density : 0.010507
Locality score : 5.057420

6. Color Statistics
   Color   Blocks   Nodes   AvgNodesPerBlock
       1      168   231740            1379.40
       2      165   253934            1538.99
       3      164   242322            1477.57
       4      157   253485            1614.55
       5      150   194018            1293.45
       6      141   170200            1207.09
       7       90   108298            1203.31
       8       38   40263            1059.55
       9        4    3763             940.75

Additional Load Imbalance Metrics
----------------------------------
Max block size / Avg block size   : 2.068412
Max color nodes / Avg color nodes : 1.525615

-------------------------------------------------
Hook_1498 gamma = 15, coloring = 2

==============================================
  Partitioning Evaluation Report
==============================================
1. Total Blocks          : 1077
   Total Colors          : 12
2. Nodes per Block
   - Average             : 1390.92
   - Maximum             : 2877
   - Minimum             : 237
   - Stddev              : 402.147644
   - Gini coefficient    : 0.163539
3. Internal Avg Degree   : 32.8542 (Mean of per-block avg)
4. Block Graph Avg Deg   : 11.3055
5. Modularity
   - Unweighted Q        : 0.833906
   - Weighted Q          : 0.833201
==============================================
Internal edges : 24805031
External edges : 4904680
Internal ratio : 0.834913
Avg block density : 0.025930
Block graph edges : 6088
Block graph density : 0.010507
Locality score : 5.057420

6. Color Statistics
   Color   Blocks   Nodes   AvgNodesPerBlock
       1       90   132206            1468.96
       2       90   132609            1473.43
       3       90   132301            1470.01
       4       90   130953            1455.03
       5       90   134027            1489.19
       6       90   130147            1446.08
       7       90   122772            1364.13
       8       90   119443            1327.14
       9       90   119637            1329.30
      10       89   114719            1288.98
      11       89   116497            1308.96
      12       89   112712            1266.43

Additional Load Imbalance Metrics
----------------------------------
Max block size / Avg block size   : 2.068412
Max color nodes / Avg color nodes : 1.073631

-------------------------------------------------
Hook_1498 gamma = 15, coloring = 3

==============================================
  Partitioning Evaluation Report
==============================================
1. Total Blocks          : 1077
   Total Colors          : 9
2. Nodes per Block
   - Average             : 1390.92
   - Maximum             : 2877
   - Minimum             : 237
   - Stddev              : 402.147644
   - Gini coefficient    : 0.163539
3. Internal Avg Degree   : 32.8542 (Mean of per-block avg)
4. Block Graph Avg Deg   : 11.3055
5. Modularity
   - Unweighted Q        : 0.833906
   - Weighted Q          : 0.833201
==============================================
Internal edges : 24805031
External edges : 4904680
Internal ratio : 0.834913
Avg block density : 0.025930
Block graph edges : 6088
Block graph density : 0.010507
Locality score : 5.057420

6. Color Statistics
   Color   Blocks   Nodes   AvgNodesPerBlock
       1      120   177901            1482.51
       2      120   169681            1414.01
       3      120   164324            1369.37
       4      120   145692            1214.10
       5      120   144831            1206.92
       6      120   139050            1158.75
       7      119   156952            1318.92
       8      119   186214            1564.82
       9      119   213378            1793.09

Additional Load Imbalance Metrics
----------------------------------
Max block size / Avg block size   : 2.068412
Max color nodes / Avg color nodes : 1.281958

-------------------------------------------------
Hook_1498 gamma = 2, coloring = 1

==============================================
  Partitioning Evaluation Report
==============================================
1. Total Blocks          : 1354
   Total Colors          : 9
2. Nodes per Block
   - Average             : 1106.37
   - Maximum             : 2040
   - Minimum             : 306
   - Stddev              : 319.488167
   - Gini coefficient    : 0.164129
3. Internal Avg Degree   : 32.2750 (Mean of per-block avg)
4. Block Graph Avg Deg   : 11.6278
5. Modularity
   - Unweighted Q        : 0.819825
   - Weighted Q          : 0.818832
==============================================
Internal edges : 24380554
External edges : 5329157
Internal ratio : 0.820626
Avg block density : 0.031890
Block graph edges : 7872
Block graph density : 0.008594
Locality score : 4.574935

6. Color Statistics
   Color   Blocks   Nodes   AvgNodesPerBlock
       1      204   245154            1201.74
       2      204   220800            1082.35
       3      196   221268            1128.92
       4      191   236716            1239.35
       5      185   225163            1217.10
       6      168   168683            1004.07
       7      134   121944             910.03
       8       63   51285             814.05
       9        9    7010             778.89

Additional Load Imbalance Metrics
----------------------------------
Max block size / Avg block size   : 1.843870
Max color nodes / Avg color nodes : 1.472865

-------------------------------------------------
Hook_1498 gamma = 2, coloring = 2

==============================================
  Partitioning Evaluation Report
==============================================
1. Total Blocks          : 1354
   Total Colors          : 12
2. Nodes per Block
   - Average             : 1106.37
   - Maximum             : 2040
   - Minimum             : 306
   - Stddev              : 319.488167
   - Gini coefficient    : 0.164129
3. Internal Avg Degree   : 32.2750 (Mean of per-block avg)
4. Block Graph Avg Deg   : 11.6278
5. Modularity
   - Unweighted Q        : 0.819825
   - Weighted Q          : 0.818832
==============================================
Internal edges : 24380554
External edges : 5329157
Internal ratio : 0.820626
Avg block density : 0.031890
Block graph edges : 7872
Block graph density : 0.008594
Locality score : 4.574935

6. Color Statistics
   Color   Blocks   Nodes   AvgNodesPerBlock
       1      114   129789            1138.50
       2      113   127264            1126.23
       3      113   127246            1126.07
       4      113   125857            1113.78
       5      113   123219            1090.43
       6      113   128128            1133.88
       7      113   122635            1085.27
       8      113   120789            1068.93
       9      113   123363            1091.71
      10      112   125528            1120.79
      11      112   127552            1138.86
      12      112   116653            1041.54

Additional Load Imbalance Metrics
----------------------------------
Max block size / Avg block size   : 1.843870
Max color nodes / Avg color nodes : 1.039682

-------------------------------------------------
Hook_1498 gamma = 2, coloring = 3

==============================================
  Partitioning Evaluation Report
==============================================
1. Total Blocks          : 1354
   Total Colors          : 9
2. Nodes per Block
   - Average             : 1106.37
   - Maximum             : 2040
   - Minimum             : 306
   - Stddev              : 319.488167
   - Gini coefficient    : 0.164129
3. Internal Avg Degree   : 32.2750 (Mean of per-block avg)
4. Block Graph Avg Deg   : 11.6278
5. Modularity
   - Unweighted Q        : 0.819825
   - Weighted Q          : 0.818832
==============================================
Internal edges : 24380554
External edges : 5329157
Internal ratio : 0.820626
Avg block density : 0.031890
Block graph edges : 7872
Block graph density : 0.008594
Locality score : 4.574935

6. Color Statistics
   Color   Blocks   Nodes   AvgNodesPerBlock
       1      151   163317            1081.57
       2      151   156641            1037.36
       3      151   145168             961.38
       4      151   145749             965.23
       5      150   174682            1164.55
       6      150   175510            1170.07
       7      150   143924             959.49
       8      150   174414            1162.76
       9      150   218618            1457.45

Additional Load Imbalance Metrics
----------------------------------
Max block size / Avg block size   : 1.843870
Max color nodes / Avg color nodes : 1.313439

-------------------------------------------------
thermal2 gamma = 05, coloring = 1

==============================================
  Partitioning Evaluation Report
==============================================
1. Total Blocks          : 4368
   Total Colors          : 6
2. Nodes per Block
   - Average             : 281.15
   - Maximum             : 629
   - Minimum             : 1
   - Stddev              : 164.326098
   - Gini coefficient    : 0.316101
3. Internal Avg Degree   : 4.3628 (Mean of per-block avg)
4. Block Graph Avg Deg   : 4.5582
5. Modularity
   - Unweighted Q        : 0.934015
   - Weighted Q          : 0.933792
==============================================
Internal edges : 3434696
External edges : 241438
Internal ratio : 0.934323
Avg block density : 0.012808
Block graph edges : 9955
Block graph density : 0.001044
Locality score : 14.225937

6. Color Statistics
   Color   Blocks   Nodes   AvgNodesPerBlock
       1     1679   292044             173.94
       2      798   284889             357.00
       3      764   293425             384.06
       4      745   243467             326.80
       5      359   106945             297.90
       6       23    7275             316.30

Additional Load Imbalance Metrics
----------------------------------
Max block size / Avg block size   : 2.237273
Max color nodes / Avg color nodes : 1.433620

-------------------------------------------------
thermal2 gamma = 05, coloring = 2

==============================================
  Partitioning Evaluation Report
==============================================
1. Total Blocks          : 4368
   Total Colors          : 7
2. Nodes per Block
   - Average             : 281.15
   - Maximum             : 629
   - Minimum             : 1
   - Stddev              : 164.326098
   - Gini coefficient    : 0.316101
3. Internal Avg Degree   : 4.3628 (Mean of per-block avg)
4. Block Graph Avg Deg   : 4.5582
5. Modularity
   - Unweighted Q        : 0.934015
   - Weighted Q          : 0.933792
==============================================
Internal edges : 3434696
External edges : 241438
Internal ratio : 0.934323
Avg block density : 0.012808
Block graph edges : 9955
Block graph density : 0.001044
Locality score : 14.225937

6. Color Statistics
   Color   Blocks   Nodes   AvgNodesPerBlock
       1      624   179014             286.88
       2      624   177881             285.07
       3      624   179834             288.20
       4      624   179432             287.55
       5      624   181238             290.45
       6      624   165191             264.73
       7      624   165455             265.15

Additional Load Imbalance Metrics
----------------------------------
Max block size / Avg block size   : 2.237273
Max color nodes / Avg color nodes : 1.033078

-------------------------------------------------
thermal2 gamma = 05, coloring = 3

==============================================
  Partitioning Evaluation Report
==============================================
1. Total Blocks          : 4368
   Total Colors          : 6
2. Nodes per Block
   - Average             : 281.15
   - Maximum             : 629
   - Minimum             : 1
   - Stddev              : 164.326098
   - Gini coefficient    : 0.316101
3. Internal Avg Degree   : 4.3628 (Mean of per-block avg)
4. Block Graph Avg Deg   : 4.5582
5. Modularity
   - Unweighted Q        : 0.934015
   - Weighted Q          : 0.933792
==============================================
Internal edges : 3434696
External edges : 241438
Internal ratio : 0.934323
Avg block density : 0.012808
Block graph edges : 9955
Block graph density : 0.001044
Locality score : 14.225937

6. Color Statistics
   Color   Blocks   Nodes   AvgNodesPerBlock
       1      728    8093              11.12
       2      728   277531             381.22
       3      728   253145             347.73
       4      728   236524             324.90
       5      728   202062             277.56
       6      728   250690             344.35

Additional Load Imbalance Metrics
----------------------------------
Max block size / Avg block size   : 2.237273
Max color nodes / Avg color nodes : 1.355965

-------------------------------------------------
thermal2 gamma = 075, coloring = 1

==============================================
  Partitioning Evaluation Report
==============================================
1. Total Blocks          : 5448
   Total Colors          : 6
2. Nodes per Block
   - Average             : 225.41
   - Maximum             : 489
   - Minimum             : 1
   - Stddev              : 116.430873
   - Gini coefficient    : 0.274529
3. Internal Avg Degree   : 4.5593 (Mean of per-block avg)
4. Block Graph Avg Deg   : 4.8275
5. Modularity
   - Unweighted Q        : 0.924754
   - Weighted Q          : 0.924493
==============================================
Internal edges : 3400376
External edges : 275758
Internal ratio : 0.924987
Avg block density : 0.017571
Block graph edges : 13150
Block graph density : 0.000886
Locality score : 12.330970

6. Color Statistics
   Color   Blocks   Nodes   AvgNodesPerBlock
       1     1914   293074             153.12
       2     1083   296409             273.69
       3     1002   289136             288.56
       4      970   240510             247.95
       5      443   101190             228.42
       6       36    7726             214.61

Additional Load Imbalance Metrics
----------------------------------
Max block size / Avg block size   : 2.169360
Max color nodes / Avg color nodes : 1.448199

-------------------------------------------------
thermal2 gamma = 075, coloring = 2

==============================================
  Partitioning Evaluation Report
==============================================
1. Total Blocks          : 5448
   Total Colors          : 7
2. Nodes per Block
   - Average             : 225.41
   - Maximum             : 489
   - Minimum             : 1
   - Stddev              : 116.430873
   - Gini coefficient    : 0.274529
3. Internal Avg Degree   : 4.5593 (Mean of per-block avg)
4. Block Graph Avg Deg   : 4.8275
5. Modularity
   - Unweighted Q        : 0.924754
   - Weighted Q          : 0.924493
==============================================
Internal edges : 3400376
External edges : 275758
Internal ratio : 0.924987
Avg block density : 0.017571
Block graph edges : 13150
Block graph density : 0.000886
Locality score : 12.330970

6. Color Statistics
   Color   Blocks   Nodes   AvgNodesPerBlock
       1      779   184871             237.32
       2      779   185389             237.98
       3      778   185005             237.80
       4      778   182364             234.40
       5      778   169853             218.32
       6      778   164488             211.42
       7      778   156075             200.61

Additional Load Imbalance Metrics
----------------------------------
Max block size / Avg block size   : 2.169360
Max color nodes / Avg color nodes : 1.056739

-------------------------------------------------
thermal2 gamma = 075, coloring = 3

==============================================
  Partitioning Evaluation Report
==============================================
1. Total Blocks          : 5448
   Total Colors          : 6
2. Nodes per Block
   - Average             : 225.41
   - Maximum             : 489
   - Minimum             : 1
   - Stddev              : 116.430873
   - Gini coefficient    : 0.274529
3. Internal Avg Degree   : 4.5593 (Mean of per-block avg)
4. Block Graph Avg Deg   : 4.8275
5. Modularity
   - Unweighted Q        : 0.924754
   - Weighted Q          : 0.924493
==============================================
Internal edges : 3400376
External edges : 275758
Internal ratio : 0.924987
Avg block density : 0.017571
Block graph edges : 13150
Block graph density : 0.000886
Locality score : 12.330970

6. Color Statistics
   Color   Blocks   Nodes   AvgNodesPerBlock
       1      909   244275             268.73
       2      908   14612              16.09
       3      908   259288             285.56
       4      908   225365             248.20
       5      908   204542             225.27
       6      907   279963             308.67

Additional Load Imbalance Metrics
----------------------------------
Max block size / Avg block size   : 2.169360
Max color nodes / Avg color nodes : 1.367847

-------------------------------------------------
thermal2 gamma = 1, coloring = 1

==============================================
  Partitioning Evaluation Report
==============================================
1. Total Blocks          : 6404
   Total Colors          : 6
2. Nodes per Block
   - Average             : 191.76
   - Maximum             : 409
   - Minimum             : 1
   - Stddev              : 91.519052
   - Gini coefficient    : 0.251481
3. Internal Avg Degree   : 4.6661 (Mean of per-block avg)
4. Block Graph Avg Deg   : 4.9938
5. Modularity
   - Unweighted Q        : 0.917454
   - Weighted Q          : 0.917242
==============================================
Internal edges : 3373389
External edges : 302745
Internal ratio : 0.917646
Avg block density : 0.021845
Block graph edges : 15990
Block graph density : 0.000780
Locality score : 11.142638

6. Color Statistics
   Color   Blocks   Nodes   AvgNodesPerBlock
       1     2120   293817             138.59
       2     1287   289301             224.79
       3     1217   290186             238.44
       4     1190   245233             206.08
       5      555   103330             186.18
       6       35    6178             176.51

Additional Load Imbalance Metrics
----------------------------------
Max block size / Avg block size   : 2.132850
Max color nodes / Avg color nodes : 1.435535

-------------------------------------------------
thermal2 gamma = 1, coloring = 2

==============================================
  Partitioning Evaluation Report
==============================================
1. Total Blocks          : 6404
   Total Colors          : 7
2. Nodes per Block
   - Average             : 191.76
   - Maximum             : 409
   - Minimum             : 1
   - Stddev              : 91.519052
   - Gini coefficient    : 0.251481
3. Internal Avg Degree   : 4.6661 (Mean of per-block avg)
4. Block Graph Avg Deg   : 4.9938
5. Modularity
   - Unweighted Q        : 0.917454
   - Weighted Q          : 0.917242
==============================================
Internal edges : 3373389
External edges : 302745
Internal ratio : 0.917646
Avg block density : 0.021845
Block graph edges : 15990
Block graph density : 0.000780
Locality score : 11.142638

6. Color Statistics
   Color   Blocks   Nodes   AvgNodesPerBlock
       1      915   183757             200.83
       2      915   183009             200.01
       3      915   182643             199.61
       4      915   176858             193.29
       5      915   172388             188.40
       6      915   171932             187.90
       7      914   157458             172.27

Additional Load Imbalance Metrics
----------------------------------
Max block size / Avg block size   : 2.132850
Max color nodes / Avg color nodes : 1.047436

-------------------------------------------------
thermal2 gamma = 1, coloring = 3

==============================================
  Partitioning Evaluation Report
==============================================
1. Total Blocks          : 6404
   Total Colors          : 6
2. Nodes per Block
   - Average             : 191.76
   - Maximum             : 409
   - Minimum             : 1
   - Stddev              : 91.519052
   - Gini coefficient    : 0.251481
3. Internal Avg Degree   : 4.6661 (Mean of per-block avg)
4. Block Graph Avg Deg   : 4.9938
5. Modularity
   - Unweighted Q        : 0.917454
   - Weighted Q          : 0.917242
==============================================
Internal edges : 3373389
External edges : 302745
Internal ratio : 0.917646
Avg block density : 0.021845
Block graph edges : 15990
Block graph density : 0.000780
Locality score : 11.142638

6. Color Statistics
   Color   Blocks   Nodes   AvgNodesPerBlock
       1     1068   252267             236.21
       2     1068   220883             206.82
       3     1067   27198              25.49
       4     1067   232069             217.50
       5     1067   222514             208.54
       6     1067   273114             255.96

Additional Load Imbalance Metrics
----------------------------------
Max block size / Avg block size   : 2.132850
Max color nodes / Avg color nodes : 1.334384

-------------------------------------------------
thermal2 gamma = 125, coloring = 1

==============================================
  Partitioning Evaluation Report
==============================================
1. Total Blocks          : 7335
   Total Colors          : 6
2. Nodes per Block
   - Average             : 167.42
   - Maximum             : 330
   - Minimum             : 1
   - Stddev              : 75.085814
   - Gini coefficient    : 0.234990
3. Internal Avg Degree   : 4.7362 (Mean of per-block avg)
4. Block Graph Avg Deg   : 5.1125
5. Modularity
   - Unweighted Q        : 0.911072
   - Weighted Q          : 0.910796
==============================================
Internal edges : 3349825
External edges : 326309
Internal ratio : 0.911236
Avg block density : 0.025972
Block graph edges : 18750
Block graph density : 0.000697
Locality score : 10.265775

6. Color Statistics
   Color   Blocks   Nodes   AvgNodesPerBlock
       1     2328   295841             127.08
       2     1507   289028             191.79
       3     1411   288131             204.20
       4     1404   245215             174.65
       5      649   104169             160.51
       6       36    5661             157.25

Additional Load Imbalance Metrics
----------------------------------
Max block size / Avg block size   : 1.971060
Max color nodes / Avg color nodes : 1.445424

-------------------------------------------------
thermal2 gamma = 125, coloring = 2

==============================================
  Partitioning Evaluation Report
==============================================
1. Total Blocks          : 7335
   Total Colors          : 7
2. Nodes per Block
   - Average             : 167.42
   - Maximum             : 330
   - Minimum             : 1
   - Stddev              : 75.085814
   - Gini coefficient    : 0.234990
3. Internal Avg Degree   : 4.7362 (Mean of per-block avg)
4. Block Graph Avg Deg   : 5.1125
5. Modularity
   - Unweighted Q        : 0.911072
   - Weighted Q          : 0.910796
==============================================
Internal edges : 3349825
External edges : 326309
Internal ratio : 0.911236
Avg block density : 0.025972
Block graph edges : 18750
Block graph density : 0.000697
Locality score : 10.265775

6. Color Statistics
   Color   Blocks   Nodes   AvgNodesPerBlock
       1     1048   181130             172.83
       2     1048   180311             172.05
       3     1048   182888             174.51
       4     1048   176087             168.02
       5     1048   185260             176.77
       6     1048   168071             160.37
       7     1047   154298             147.37

Additional Load Imbalance Metrics
----------------------------------
Max block size / Avg block size   : 1.971060
Max color nodes / Avg color nodes : 1.056004

-------------------------------------------------
thermal2 gamma = 125, coloring = 3

==============================================
  Partitioning Evaluation Report
==============================================
1. Total Blocks          : 7335
   Total Colors          : 6
2. Nodes per Block
   - Average             : 167.42
   - Maximum             : 330
   - Minimum             : 1
   - Stddev              : 75.085814
   - Gini coefficient    : 0.234990
3. Internal Avg Degree   : 4.7362 (Mean of per-block avg)
4. Block Graph Avg Deg   : 5.1125
5. Modularity
   - Unweighted Q        : 0.911072
   - Weighted Q          : 0.910796
==============================================
Internal edges : 3349825
External edges : 326309
Internal ratio : 0.911236
Avg block density : 0.025972
Block graph edges : 18750
Block graph density : 0.000697
Locality score : 10.265775

6. Color Statistics
   Color   Blocks   Nodes   AvgNodesPerBlock
       1     1223   244036             199.54
       2     1223   233718             191.10
       3     1223   207300             169.50
       4     1222   44069              36.06
       5     1222   228671             187.13
       6     1222   270251             221.15

Additional Load Imbalance Metrics
----------------------------------
Max block size / Avg block size   : 1.971060
Max color nodes / Avg color nodes : 1.320396

-------------------------------------------------
thermal2 gamma = 15, coloring = 1

==============================================
  Partitioning Evaluation Report
==============================================
1. Total Blocks          : 8165
   Total Colors          : 6
2. Nodes per Block
   - Average             : 150.40
   - Maximum             : 297
   - Minimum             : 1
   - Stddev              : 64.164414
   - Gini coefficient    : 0.222150
3. Internal Avg Degree   : 4.7790 (Mean of per-block avg)
4. Block Graph Avg Deg   : 5.1949
5. Modularity
   - Unweighted Q        : 0.905626
   - Weighted Q          : 0.905398
==============================================
Internal edges : 3329735
External edges : 346399
Internal ratio : 0.905771
Avg block density : 0.029613
Block graph edges : 21208
Block graph density : 0.000636
Locality score : 9.612399

6. Color Statistics
   Color   Blocks   Nodes   AvgNodesPerBlock
       1     2473   290098             117.31
       2     1707   289741             169.74
       3     1628   293398             180.22
       4     1593   246679             154.85
       5      723   102643             141.97
       6       41    5486             133.80

Additional Load Imbalance Metrics
----------------------------------
Max block size / Avg block size   : 1.974687
Max color nodes / Avg color nodes : 1.433488

-------------------------------------------------
thermal2 gamma = 15, coloring = 2

==============================================
  Partitioning Evaluation Report
==============================================
1. Total Blocks          : 8165
   Total Colors          : 7
2. Nodes per Block
   - Average             : 150.40
   - Maximum             : 297
   - Minimum             : 1
   - Stddev              : 64.164414
   - Gini coefficient    : 0.222150
3. Internal Avg Degree   : 4.7790 (Mean of per-block avg)
4. Block Graph Avg Deg   : 5.1949
5. Modularity
   - Unweighted Q        : 0.905626
   - Weighted Q          : 0.905398
==============================================
Internal edges : 3329735
External edges : 346399
Internal ratio : 0.905771
Avg block density : 0.029613
Block graph edges : 21208
Block graph density : 0.000636
Locality score : 9.612399

6. Color Statistics
   Color   Blocks   Nodes   AvgNodesPerBlock
       1     1167   178906             153.30
       2     1167   178566             153.01
       3     1167   181421             155.46
       4     1166   176212             151.13
       5     1166   181857             155.97
       6     1166   177218             151.99
       7     1166   153865             131.96

Additional Load Imbalance Metrics
----------------------------------
Max block size / Avg block size   : 1.974687
Max color nodes / Avg color nodes : 1.036606

-------------------------------------------------
thermal2 gamma = 15, coloring = 3

==============================================
  Partitioning Evaluation Report
==============================================
1. Total Blocks          : 8165
   Total Colors          : 6
2. Nodes per Block
   - Average             : 150.40
   - Maximum             : 297
   - Minimum             : 1
   - Stddev              : 64.164414
   - Gini coefficient    : 0.222150
3. Internal Avg Degree   : 4.7790 (Mean of per-block avg)
4. Block Graph Avg Deg   : 5.1949
5. Modularity
   - Unweighted Q        : 0.905626
   - Weighted Q          : 0.905398
==============================================
Internal edges : 3329735
External edges : 346399
Internal ratio : 0.905771
Avg block density : 0.029613
Block graph edges : 21208
Block graph density : 0.000636
Locality score : 9.612399

6. Color Statistics
   Color   Blocks   Nodes   AvgNodesPerBlock
       1     1361   62309              45.78
       2     1361   238540             175.27
       3     1361   229448             168.59
       4     1361   204811             150.49
       5     1361   225766             165.88
       6     1360   267171             196.45

Additional Load Imbalance Metrics
----------------------------------
Max block size / Avg block size   : 1.974687
Max color nodes / Avg color nodes : 1.305348

-------------------------------------------------
thermal2 gamma = 2, coloring = 1

==============================================
  Partitioning Evaluation Report
==============================================
1. Total Blocks          : 9749
   Total Colors          : 6
2. Nodes per Block
   - Average             : 125.97
   - Maximum             : 259
   - Minimum             : 1
   - Stddev              : 49.729994
   - Gini coefficient    : 0.203798
3. Internal Avg Degree   : 4.8303 (Mean of per-block avg)
4. Block Graph Avg Deg   : 5.3187
5. Modularity
   - Unweighted Q        : 0.896182
   - Weighted Q          : 0.895898
==============================================
Internal edges : 3294923
External edges : 381211
Internal ratio : 0.896301
Avg block density : 0.036493
Block graph edges : 25926
Block graph density : 0.000546
Locality score : 8.643282

6. Color Statistics
   Color   Blocks   Nodes   AvgNodesPerBlock
       1     2837   295171             104.04
       2     2070   287786             139.03
       3     1955   287550             147.08
       4     1907   243537             127.71
       5      919   107135             116.58
       6       61    6866             112.56

Additional Load Imbalance Metrics
----------------------------------
Max block size / Avg block size   : 2.056106
Max color nodes / Avg color nodes : 1.442151

-------------------------------------------------
thermal2 gamma = 2, coloring = 2

==============================================
  Partitioning Evaluation Report
==============================================
1. Total Blocks          : 9749
   Total Colors          : 7
2. Nodes per Block
   - Average             : 125.97
   - Maximum             : 259
   - Minimum             : 1
   - Stddev              : 49.729994
   - Gini coefficient    : 0.203798
3. Internal Avg Degree   : 4.8303 (Mean of per-block avg)
4. Block Graph Avg Deg   : 5.3187
5. Modularity
   - Unweighted Q        : 0.896182
   - Weighted Q          : 0.895898
==============================================
Internal edges : 3294923
External edges : 381211
Internal ratio : 0.896301
Avg block density : 0.036493
Block graph edges : 25926
Block graph density : 0.000546
Locality score : 8.643282

6. Color Statistics
   Color   Blocks   Nodes   AvgNodesPerBlock
       1     1393   179015             128.51
       2     1393   178227             127.94
       3     1393   178404             128.07
       4     1393   176452             126.67
       5     1393   181702             130.44
       6     1392   178058             127.92
       7     1392   156187             112.20

Additional Load Imbalance Metrics
----------------------------------
Max block size / Avg block size   : 2.056106
Max color nodes / Avg color nodes : 1.035723

-------------------------------------------------
thermal2 gamma = 2, coloring = 3

==============================================
  Partitioning Evaluation Report
==============================================
1. Total Blocks          : 9749
   Total Colors          : 6
2. Nodes per Block
   - Average             : 125.97
   - Maximum             : 259
   - Minimum             : 1
   - Stddev              : 49.729994
   - Gini coefficient    : 0.203798
3. Internal Avg Degree   : 4.8303 (Mean of per-block avg)
4. Block Graph Avg Deg   : 5.3187
5. Modularity
   - Unweighted Q        : 0.896182
   - Weighted Q          : 0.895898
==============================================
Internal edges : 3294923
External edges : 381211
Internal ratio : 0.896301
Avg block density : 0.036493
Block graph edges : 25926
Block graph density : 0.000546
Locality score : 8.643282

6. Color Statistics
   Color   Blocks   Nodes   AvgNodesPerBlock
       1     1625   86658              53.33
       2     1625   230983             142.14
       3     1625   221940             136.58
       4     1625   201990             124.30
       5     1625   221945             136.58
       6     1624   264529             162.89

Additional Load Imbalance Metrics
----------------------------------
Max block size / Avg block size   : 2.056106
Max color nodes / Avg color nodes : 1.292440

-------------------------------------------------
tmt_sym gamma = 05, coloring = 1
libc++abi: terminating due to uncaught exception of type std::runtime_error: Cannot open block file: ../0_blocks/Leiden/tmt_sym_leiden_cpm_r0p0005_c1.blk
./run_eblock_leiden.sh: line 15: 75689 Abort trap: 6           $CMD $file $BLOCK_DIR/$BLK_FILE $BLOCK_DIR/$COL_FILE

-------------------------------------------------
tmt_sym gamma = 05, coloring = 2
libc++abi: terminating due to uncaught exception of type std::runtime_error: Cannot open block file: ../0_blocks/Leiden/tmt_sym_leiden_cpm_r0p0005_c2.blk
./run_eblock_leiden.sh: line 15: 75692 Abort trap: 6           $CMD $file $BLOCK_DIR/$BLK_FILE $BLOCK_DIR/$COL_FILE

-------------------------------------------------
tmt_sym gamma = 05, coloring = 3
libc++abi: terminating due to uncaught exception of type std::runtime_error: Cannot open block file: ../0_blocks/Leiden/tmt_sym_leiden_cpm_r0p0005_c3.blk
./run_eblock_leiden.sh: line 15: 75705 Abort trap: 6           $CMD $file $BLOCK_DIR/$BLK_FILE $BLOCK_DIR/$COL_FILE

-------------------------------------------------
tmt_sym gamma = 075, coloring = 1
libc++abi: terminating due to uncaught exception of type std::runtime_error: Cannot open block file: ../0_blocks/Leiden/tmt_sym_leiden_cpm_r0p00075_c1.blk
./run_eblock_leiden.sh: line 15: 75713 Abort trap: 6           $CMD $file $BLOCK_DIR/$BLK_FILE $BLOCK_DIR/$COL_FILE

-------------------------------------------------
tmt_sym gamma = 075, coloring = 2
libc++abi: terminating due to uncaught exception of type std::runtime_error: Cannot open block file: ../0_blocks/Leiden/tmt_sym_leiden_cpm_r0p00075_c2.blk
./run_eblock_leiden.sh: line 15: 75723 Abort trap: 6           $CMD $file $BLOCK_DIR/$BLK_FILE $BLOCK_DIR/$COL_FILE

-------------------------------------------------
tmt_sym gamma = 075, coloring = 3
libc++abi: terminating due to uncaught exception of type std::runtime_error: Cannot open block file: ../0_blocks/Leiden/tmt_sym_leiden_cpm_r0p00075_c3.blk
./run_eblock_leiden.sh: line 15: 75726 Abort trap: 6           $CMD $file $BLOCK_DIR/$BLK_FILE $BLOCK_DIR/$COL_FILE

-------------------------------------------------
tmt_sym gamma = 1, coloring = 1
libc++abi: terminating due to uncaught exception of type std::runtime_error: Cannot open block file: ../0_blocks/Leiden/tmt_sym_leiden_cpm_r0p001_c1.blk
./run_eblock_leiden.sh: line 15: 75737 Abort trap: 6           $CMD $file $BLOCK_DIR/$BLK_FILE $BLOCK_DIR/$COL_FILE

-------------------------------------------------
tmt_sym gamma = 1, coloring = 2
libc++abi: terminating due to uncaught exception of type std::runtime_error: Cannot open block file: ../0_blocks/Leiden/tmt_sym_leiden_cpm_r0p001_c2.blk
./run_eblock_leiden.sh: line 15: 75744 Abort trap: 6           $CMD $file $BLOCK_DIR/$BLK_FILE $BLOCK_DIR/$COL_FILE

-------------------------------------------------
tmt_sym gamma = 1, coloring = 3
libc++abi: terminating due to uncaught exception of type std::runtime_error: Cannot open block file: ../0_blocks/Leiden/tmt_sym_leiden_cpm_r0p001_c3.blk
./run_eblock_leiden.sh: line 15: 75764 Abort trap: 6           $CMD $file $BLOCK_DIR/$BLK_FILE $BLOCK_DIR/$COL_FILE

-------------------------------------------------
tmt_sym gamma = 125, coloring = 1
libc++abi: terminating due to uncaught exception of type std::runtime_error: Cannot open block file: ../0_blocks/Leiden/tmt_sym_leiden_cpm_r0p00125_c1.blk
./run_eblock_leiden.sh: line 15: 75774 Abort trap: 6           $CMD $file $BLOCK_DIR/$BLK_FILE $BLOCK_DIR/$COL_FILE

-------------------------------------------------
tmt_sym gamma = 125, coloring = 2
libc++abi: terminating due to uncaught exception of type std::runtime_error: Cannot open block file: ../0_blocks/Leiden/tmt_sym_leiden_cpm_r0p00125_c2.blk
./run_eblock_leiden.sh: line 15: 75777 Abort trap: 6           $CMD $file $BLOCK_DIR/$BLK_FILE $BLOCK_DIR/$COL_FILE

-------------------------------------------------
tmt_sym gamma = 125, coloring = 3
libc++abi: terminating due to uncaught exception of type std::runtime_error: Cannot open block file: ../0_blocks/Leiden/tmt_sym_leiden_cpm_r0p00125_c3.blk
./run_eblock_leiden.sh: line 15: 75790 Abort trap: 6           $CMD $file $BLOCK_DIR/$BLK_FILE $BLOCK_DIR/$COL_FILE

-------------------------------------------------
tmt_sym gamma = 15, coloring = 1
libc++abi: terminating due to uncaught exception of type std::runtime_error: Cannot open block file: ../0_blocks/Leiden/tmt_sym_leiden_cpm_r0p0015_c1.blk
./run_eblock_leiden.sh: line 15: 75793 Abort trap: 6           $CMD $file $BLOCK_DIR/$BLK_FILE $BLOCK_DIR/$COL_FILE

-------------------------------------------------
tmt_sym gamma = 15, coloring = 2
libc++abi: terminating due to uncaught exception of type std::runtime_error: Cannot open block file: ../0_blocks/Leiden/tmt_sym_leiden_cpm_r0p0015_c2.blk
./run_eblock_leiden.sh: line 15: 75803 Abort trap: 6           $CMD $file $BLOCK_DIR/$BLK_FILE $BLOCK_DIR/$COL_FILE

-------------------------------------------------
tmt_sym gamma = 15, coloring = 3
libc++abi: terminating due to uncaught exception of type std::runtime_error: Cannot open block file: ../0_blocks/Leiden/tmt_sym_leiden_cpm_r0p0015_c3.blk
./run_eblock_leiden.sh: line 15: 75806 Abort trap: 6           $CMD $file $BLOCK_DIR/$BLK_FILE $BLOCK_DIR/$COL_FILE

-------------------------------------------------
tmt_sym gamma = 2, coloring = 1
libc++abi: terminating due to uncaught exception of type std::runtime_error: Cannot open block file: ../0_blocks/Leiden/tmt_sym_leiden_cpm_r0p002_c1.blk
./run_eblock_leiden.sh: line 15: 75816 Abort trap: 6           $CMD $file $BLOCK_DIR/$BLK_FILE $BLOCK_DIR/$COL_FILE

-------------------------------------------------
tmt_sym gamma = 2, coloring = 2
libc++abi: terminating due to uncaught exception of type std::runtime_error: Cannot open block file: ../0_blocks/Leiden/tmt_sym_leiden_cpm_r0p002_c2.blk
./run_eblock_leiden.sh: line 15: 75820 Abort trap: 6           $CMD $file $BLOCK_DIR/$BLK_FILE $BLOCK_DIR/$COL_FILE

-------------------------------------------------
tmt_sym gamma = 2, coloring = 3
libc++abi: terminating due to uncaught exception of type std::runtime_error: Cannot open block file: ../0_blocks/Leiden/tmt_sym_leiden_cpm_r0p002_c3.blk
./run_eblock_leiden.sh: line 15: 75830 Abort trap: 6           $CMD $file $BLOCK_DIR/$BLK_FILE $BLOCK_DIR/$COL_FILE
